CURVEINSTANCEDATE,CURVENAME,CURVEINSTANCETYPE,CURVEDATASOURCE,RATEFORMCODE,INSTRUMENTTYPE,INSTRUMENTNAME,TENORNAME,EXTERNALLOOKUPKEY,ISSELECTED,RATEBID,RATEMID,RATEASK,LASTUPDATE,DATEOFFSET,SETTLEMENTDAYLAG,COMPOUNDINGTYPE,DAYCOUNTCODE,CALENDARNAME,INSTRUMENTCURRENCY,DATEROLLMETHODNAME,CURVETYPE,TERMINDAYS,CURVEVALUATIONDATE,INSTRUMENTID,CURVEINSTANCEID,CURVEVERSION,RATEFORMID,CURVEID,UNDERLYINGDATADATE,UNDERLYINGCREATEDTIME,PROCESS_DATE,PROCESS_TIMESTAMP,SOURCE_FILENAME,SOURCE,CREATED_BY,INGESTION_TS
2026-05-13,JPY_Provincial_Provincial,EOD,ALM,AggregatedSpread,Cash,3m.JPY_Provincial_Provincial,3m,3m,true,null,0.00122042,null,2026-05-13T16:30:06.197Z,null,0,Annual,Act/365,TKB,JPY,MODFOLLOWING,CreditSpread,90,null,1108,7074884,1,3,76,2026-05-01,2026-05-07T10:59:11.313Z,2026-05-14,2026-05-14T13:17:15.473Z,vcurvealmcorprates.csv,gwam_dev_ds.inv_ga_typed.alm_curvealmcorprates | Slice: 2026-04-08 09:15:18.790000 to 2026-05-13 16:45:47.950000,ADB,2026-05-15T09:01:25.000424Z
2026-05-13,JPY_Provincial_Provincial,EOD,ALM,AggregatedSpread,Cash,6m.JPY_Provincial_Provincial,6m,6m,true,null,0.00132042,null,2026-05-13T16:30:06.197Z,null,0,Annual,Act/365,TKB,JPY,MODFOLLOWING,CreditSpread,180,null,1109,7074884,1,3,76,2026-05-01,2026-05-07T10:59:11.313Z,2026-05-14,2026-05-14T13:17:15.473Z,vcurvealmcorprates.csv,gwam_dev_ds.inv_ga_typed.alm_curvealmcorprates | Slice: 2026-04-08 09:15:18.790000 to 2026-05-13 16:45:47.950000,ADB,2026-05-15T09:01:25.000424Z
2026-05-13,JPY_Provincial_Provincial,EOD,ALM,AggregatedSpread,Cash,1y.JPY_Provincial_Provincial,1y,1y,true,null,0.00142042,null,2026-05-13T16:30:06.197Z,null,1,Semi Annual,NL/365,TKB,JPY,MODFOLLOWING,CreditSpread,360,null,1110,7074884,1,3,76,2026-05-01,2026-05-07T10:59:11.313Z,2026-05-14,2026-05-14T13:17:15.473Z,vcurvealmcorprates.csv,gwam_dev_ds.inv_ga_typed.alm_curvealmcorprates | Slice: 2026-04-08 09:15:18.790000 to 2026-05-13 16:45:47.950000,ADB,2026-05-15T09:01:25.000424Z
2026-05-13,JPY_Provincial_Provincial,EOD,ALM,AggregatedSpread,Bond,2y.JPY_Provincial_Provincial,2y,2y,true,null,0.00155839,null,2026-05-13T16:30:06.197Z,null,1,Semi Annual,NL/365,TKB,JPY,MODFOLLOWING,CreditSpread,720,null,1111,7074884,1,3,76,2026-05-01,2026-05-07T10:59:11.313Z,2026-05-14,2026-05-14T13:17:15.473Z,vcurvealmcorprates.csv,gwam_dev_ds.inv_ga_typed.alm_curvealmcorprates | Slice: 2026-04-08 09:15:18.790000 to 2026-05-13 16:45:47.950000,ADB,2026-05-15T09:01:25.000424Z
2026-05-13,JPY_Provincial_Provincial,EOD,ALM,AggregatedSpread,Bond,3y.JPY_Provincial_Provincial,3y,3y,true,null,0.00147948,null,2026-05-13T16:30:06.197Z,null,1,Semi Annual,NL/365,TKB,JPY,MODFOLLOWING,CreditSpread,1080,null,1112,7074884,1,3,76,2026-05-01,2026-05-07T10:59:11.313Z,2026-05-14,2026-05-14T13:17:15.473Z,vcurvealmcorprates.csv,gwam_dev_ds.inv_ga_typed.alm_curvealmcorprates | Slice: 2026-04-08 09:15:18.790000 to 2026-05-13 16:45:47.950000,ADB,2026-05-15T09:01:25.000424Z
2026-05-13,JPY_Provincial_Provincial,EOD,ALM,AggregatedSpread,Bond,5y.JPY_Provincial_Provincial,5y,5y,true,null,0.00167653,null,2026-05-13T16:30:06.197Z,null,1,Semi Annual,NL/365,TKB,JPY,MODFOLLOWING,CreditSpread,1800,null,1113,7074884,1,3,76,2026-05-01,2026-05-07T10:59:11.313Z,2026-05-14,2026-05-14T13:17:15.473Z,vcurvealmcorprates.csv,gwam_dev_ds.inv_ga_typed.alm_curvealmcorprates | Slice: 2026-04-08 09:15:18.790000 to 2026-05-13 16:45:47.950000,ADB,2026-05-15T09:01:25.000424Z
2026-05-13,JPY_Provincial_Provincial,EOD,ALM,AggregatedSpread,Bond,7y.JPY_Provincial_Provincial,7y,7y,true,null,0.00202584,null,2026-05-13T16:30:06.197Z,null,1,Semi Annual,NL/365,TKB,JPY,MODFOLLOWING,CreditSpread,2520,null,1114,7074884,1,3,76,2026-05-01,2026-05-07T10:59:11.313Z,2026-05-14,2026-05-14T13:17:15.473Z,vcurvealmcorprates.csv,gwam_dev_ds.inv_ga_typed.alm_curvealmcorprates | Slice: 2026-04-08 09:15:18.790000 to 2026-05-13 16:45:47.950000,ADB,2026-05-15T09:01:25.000424Z
2026-05-13,JPY_Provincial_Provincial,EOD,ALM,AggregatedSpread,Bond,10y.JPY_Provincial_Provincial,10y,10y,true,null,0.00218113,null,2026-05-13T16:30:06.197Z,null,1,Semi Annual,NL/365,TKB,JPY,MODFOLLOWING,CreditSpread,3600,null,1115,7074884,1,3,76,2026-05-01,2026-05-07T10:59:11.313Z,2026-05-14,2026-05-14T13:17:15.473Z,vcurvealmcorprates.csv,gwam_dev_ds.inv_ga_typed.alm_curvealmcorprates | Slice: 2026-04-08 09:15:18.790000 to 2026-05-13 16:45:47.950000,ADB,2026-05-15T09:01:25.000424Z
2026-05-13,JPY_Provincial_Provincial,EOD,ALM,AggregatedSpread,Bond,20y.JPY_Provincial_Provincial,20y,20y,true,null,0.00303346,null,2026-05-13T16:30:06.197Z,null,1,Semi Annual,NL/365,TKB,JPY,MODFOLLOWING,CreditSpread,7200,null,1116,7074884,1,3,76,2026-05-01,2026-05-07T10:59:11.313Z,2026-05-14,2026-05-14T13:17:15.473Z,vcurvealmcorprates.csv,gwam_dev_ds.inv_ga_typed.alm_curvealmcorprates | Slice: 2026-04-08 09:15:18.790000 to 2026-05-13 16:45:47.950000,ADB,2026-05-15T09:01:25.000424Z
2026-05-13,JPY_Provincial_Provincial,EOD,ALM,AggregatedSpread,Bond,30y.JPY_Provincial_Provincial,30y,30y,true,null,0.00333346,null,2026-05-13T16:30:06.197Z,null,1,Semi Annual,NL/365,TKB,JPY,MODFOLLOWING,CreditSpread,10800,null,1117,7074884,1,3,76,2026-05-01,2026-05-07T10:59:11.313Z,2026-05-14,2026-05-14T13:17:15.473Z,vcurvealmcorprates.csv,gwam_dev_ds.inv_ga_typed.alm_curvealmcorprates | Slice: 2026-04-08 09:15:18.790000 to 2026-05-13 16:45:47.950000,ADB,2026-05-15T09:01:25.000424Z
2026-05-13,ADB_ADB.EXCNY_Public_BBB+,EOD,ALM,AggregatedSpread,Cash,6m.ADB_ADB.EXCNY_Public_BBB+,6m,6m,true,null,0.00546984,null,2026-05-13T16:30:06.197Z,null,0,null,Act/360,NYB,ADB,MODFOLLOWING,CreditSpread,180,null,8655,7072961,1,3,9813,2026-05-05,2026-05-06T10:30:46.143Z,2026-05-14,2026-05-14T13:17:15.473Z,vcurvealmcorprates.csv,gwam_dev_ds.inv_ga_typed.alm_curvealmcorprates | Slice: 2026-04-08 09:15:18.790000 to 2026-05-13 16:45:47.950000,ADB,2026-05-15T09:01:25.000424Z
2026-05-13,ADB_ADB.EXCNY_Public_BBB+,EOD,ALM,AggregatedSpread,Bond,1y.ADB_ADB.EXCNY_Public_BBB+,1y,1y,true,null,0.00546984,null,2026-05-13T16:30:06.197Z,null,0,null,Act/360,NYB,ADB,MODFOLLOWING,CreditSpread,360,null,8656,7072961,1,3,9813,2026-05-05,2026-05-06T10:30:46.143Z,2026-05-14,2026-05-14T13:17:15.473Z,vcurvealmcorprates.csv,gwam_dev_ds.inv_ga_typed.alm_curvealmcorprates | Slice: 2026-04-08 09:15:18.790000 to 2026-05-13 16:45:47.950000,ADB,2026-05-15T09:01:25.000424Z
2026-05-13,ADB_ADB.EXCNY_Public_BBB+,EOD,ALM,AggregatedSpread,Bond,2y.ADB_ADB.EXCNY_Public_BBB+,2y,2y,true,null,0.00576250,null,2026-05-13T16:30:06.197Z,null,0,null,Act/360,NYB,ADB,MODFOLLOWING,CreditSpread,720,null,8657,7072961,1,3,9813,2026-05-05,2026-05-06T10:30:46.143Z,2026-05-14,2026-05-14T13:17:15.473Z,vcurvealmcorprates.csv,gwam_dev_ds.inv_ga_typed.alm_curvealmcorprates | Slice: 2026-04-08 09:15:18.790000 to 2026-05-13 16:45:47.950000,ADB,2026-05-15T09:01:25.000424Z
2026-05-13,ADB_ADB.EXCNY_Public_BBB+,EOD,ALM,AggregatedSpread,Bond,3y.ADB_ADB.EXCNY_Public_BBB+,3y,3y,true,null,0.00608173,null,2026-05-13T16:30:06.197Z,null,0,null,Act/360,NYB,ADB,MODFOLLOWING,CreditSpread,1080,null,8658,7072961,1,3,9813,2026-05-05,2026-05-06T10:30:46.143Z,2026-05-14,2026-05-14T13:17:15.473Z,vcurvealmcorprates.csv,gwam_dev_ds.inv_ga_typed.alm_curvealmcorprates | Slice: 2026-04-08 09:15:18.790000 to 2026-05-13 16:45:47.950000,ADB,2026-05-15T09:01:25.000424Z
2026-05-13,ADB_ADB.EXCNY_Public_BBB+,EOD,ALM,AggregatedSpread,Bond,5y.ADB_ADB.EXCNY_Public_BBB+,5y,5y,true,null,0.00665120,null,2026-05-13T16:30:06.197Z,null,0,null,Act/360,NYB,ADB,MODFOLLOWING,CreditSpread,1800,null,8659,7072961,1,3,9813,2026-05-05,2026-05-06T10:30:46.143Z,2026-05-14,2026-05-14T13:17:15.473Z,vcurvealmcorprates.csv,gwam_dev_ds.inv_ga_typed.alm_curvealmcorprates | Slice: 2026-04-08 09:15:18.790000 to 2026-05-13 16:45:47.950000,ADB,2026-05-15T09:01:25.000424Z
2026-05-13,ADB_ADB.EXCNY_Public_BBB+,EOD,ALM,AggregatedSpread,Bond,7y.ADB_ADB.EXCNY_Public_BBB+,7y,7y,true,null,0.00720976,null,2026-05-13T16:30:06.197Z,null,0,null,Act/360,NYB,ADB,MODFOLLOWING,CreditSpread,2520,null,8660,7072961,1,3,9813,2026-05-05,2026-05-06T10:30:46.143Z,2026-05-14,2026-05-14T13:17:15.473Z,vcurvealmcorprates.csv,gwam_dev_ds.inv_ga_typed.alm_curvealmcorprates | Slice: 2026-04-08 09:15:18.790000 to 2026-05-13 16:45:47.950000,ADB,2026-05-15T09:01:25.000424Z
2026-05-13,ADB_ADB.EXCNY_Public_BBB+,EOD,ALM,AggregatedSpread,Bond,10y.ADB_ADB.EXCNY_Public_BBB+,10y,10y,true,null,0.00790419,null,2026-05-13T16:30:06.197Z,null,0,null,Act/360,NYB,ADB,MODFOLLOWING,CreditSpread,3600,null,8661,7072961,1,3,9813,2026-05-05,2026-05-06T10:30:46.143Z,2026-05-14,2026-05-14T13:17:15.473Z,vcurvealmcorprates.csv,gwam_dev_ds.inv_ga_typed.alm_curvealmcorprates | Slice: 2026-04-08 09:15:18.790000 to 2026-05-13 16:45:47.950000,ADB,2026-05-15T09:01:25.000424Z
2026-05-13,ADB_ADB.EXCNY_Public_BBB+,EOD,ALM,AggregatedSpread,Bond,20y.ADB_ADB.EXCNY_Public_BBB+,20y,20y,true,null,0.00894911,null,2026-05-13T16:30:06.197Z,null,0,null,Act/360,NYB,ADB,MODFOLLOWING,CreditSpread,7200,null,8662,7072961,1,3,9813,2026-05-05,2026-05-06T10:30:46.143Z,2026-05-14,2026-05-14T13:17:15.473Z,vcurvealmcorprates.csv,gwam_dev_ds.inv_ga_typed.alm_curvealmcorprates | Slice: 2026-04-08 09:15:18.790000 to 2026-05-13 16:45:47.950000,ADB,2026-05-15T09:01:25.000424Z
2026-05-13,ADB_ADB.EXCNY_Public_BBB+,EOD,ALM,AggregatedSpread,Bond,30y.ADB_ADB.EXCNY_Public_BBB+,30y,30y,true,null,0.01011004,null,2026-05-13T16:30:06.197Z,null,0,null,Act/360,NYB,ADB,MODFOLLOWING,CreditSpread,10800,null,8663,7072961,1,3,9813,2026-05-05,2026-05-06T10:30:46.143Z,2026-05-14,2026-05-14T13:17:15.473Z,vcurvealmcorprates.csv,gwam_dev_ds.inv_ga_typed.alm_curvealmcorprates | Slice: 2026-04-08 09:15:18.790000 to 2026-05-13 16:45:47.950000,ADB,2026-05-15T09:01:25.000424Z
2026-05-13,IDR_Public_CCC+,EOD,ALM,AggregatedSpread,Bond,10y.IDR_Public_CCC+,10y,10y,true,null,0.05570000,null,2026-05-13T16:30:06.197Z,null,0,null,Act/360,JAB,IDR,MODFOLLOWING,CreditSpread,3600,null,3374,7065969,1,3,3491,2026-04-30,2026-05-01T10:22:10.877Z,2026-05-14,2026-05-14T13:17:15.473Z,vcurvealmcorprates.csv,gwam_dev_ds.inv_ga_typed.alm_curvealmcorprates | Slice: 2026-04-08 09:15:18.790000 to 2026-05-13 16:45:47.950000,ADB,2026-05-15T09:01:25.000424Z
2026-05-13,IDR_Public_CCC+,EOD,ALM,AggregatedSpread,Bond,1y.IDR_Public_CCC+,1y,1y,true,null,0.05570000,null,2026-05-13T16:30:06.197Z,null,0,null,Act/360,JAB,IDR,MODFOLLOWING,CreditSpread,360,null,3606,7065969,1,3,3491,2026-04-30,2026-05-01T10:22:10.877Z,2026-05-14,2026-05-14T13:17:15.473Z,vcurvealmcorprates.csv,gwam_dev_ds.inv_ga_typed.alm_curvealmcorprates | Slice: 2026-04-08 09:15:18.790000 to 2026-05-13 16:45:47.950000,ADB,2026-05-15T09:01:25.000424Z
2026-05-13,IDR_Public_CCC+,EOD,ALM,AggregatedSpread,Bond,20y.IDR_Public_CCC+,20y,20y,true,null,0.05570000,null,2026-05-13T16:30:06.197Z,null,0,null,Act/360,JAB,IDR,MODFOLLOWING,CreditSpread,7200,null,3805,7065969,1,3,3491,2026-04-30,2026-05-01T10:22:10.877Z,2026-05-14,2026-05-14T13:17:15.473Z,vcurvealmcorprates.csv,gwam_dev_ds.inv_ga_typed.alm_curvealmcorprates | Slice: 2026-04-08 09:15:18.790000 to 2026-05-13 16:45:47.950000,ADB,2026-05-15T09:01:25.000424Z
2026-05-13,IDR_Public_CCC+,EOD,ALM,AggregatedSpread,Bond,2y.IDR_Public_CCC+,2y,2y,true,null,0.05570000,null,2026-05-13T16:30:06.197Z,null,0,null,Act/360,JAB,IDR,MODFOLLOWING,CreditSpread,720,null,4015,7065969,1,3,3491,2026-04-30,2026-05-01T10:22:10.877Z,2026-05-14,2026-05-14T13:17:15.473Z,vcurvealmcorprates.csv,gwam_dev_ds.inv_ga_typed.alm_curvealmcorprates | Slice: 2026-04-08 09:15:18.790000 to 2026-05-13 16:45:47.950000,ADB,2026-05-15T09:01:25.000424Z
2026-05-13,IDR_Public_CCC+,EOD,ALM,AggregatedSpread,Bond,30y.IDR_Public_CCC+,30y,30y,true,null,0.05570000,null,2026-05-13T16:30:06.197Z,null,0,null,Act/360,JAB,IDR,MODFOLLOWING,CreditSpread,10800,null,4214,7065969,1,3,3491,2026-04-30,2026-05-01T10:22:10.877Z,2026-05-14,2026-05-14T13:17:15.473Z,vcurvealmcorprates.csv,gwam_dev_ds.inv_ga_typed.alm_curvealmcorprates | Slice: 2026-04-08 09:15:18.790000 to 2026-05-13 16:45:47.950000,ADB,2026-05-15T09:01:25.000424Z
2026-05-13,IDR_Public_CCC+,EOD,ALM,AggregatedSpread,Cash,3m.IDR_Public_CCC+,3m,3m,true,null,0.05570000,null,2026-05-13T16:30:06.197Z,null,0,null,Act/360,JAB,IDR,MODFOLLOWING,CreditSpread,90,null,4413,7065969,1,3,3491,2026-04-30,2026-05-01T10:22:10.877Z,2026-05-14,2026-05-14T13:17:15.473Z,vcurvealmcorprates.csv,gwam_dev_ds.inv_ga_typed.alm_curvealmcorprates | Slice: 2026-04-08 09:15:18.790000 to 2026-05-13 16:45:47.950000,ADB,2026-05-15T09:01:25.000424Z
2026-05-13,IDR_Public_CCC+,EOD,ALM,AggregatedSpread,Bond,3y.IDR_Public_CCC+,3y,3y,true,null,0.05570000,null,2026-05-13T16:30:06.197Z,null,0,null,Act/360,JAB,IDR,MODFOLLOWING,CreditSpread,1080,null,4612,7065969,1,3,3491,2026-04-30,2026-05-01T10:22:10.877Z,2026-05-14,2026-05-14T13:17:15.473Z,vcurvealmcorprates.csv,gwam_dev_ds.inv_ga_typed.alm_curvealmcorprates | Slice: 2026-04-08 09:15:18.790000 to 2026-05-13 16:45:47.950000,ADB,2026-05-15T09:01:25.000424Z
2026-05-13,IDR_Public_CCC+,EOD,ALM,AggregatedSpread,Bond,5y.IDR_Public_CCC+,5y,5y,true,null,0.05570000,null,2026-05-13T16:30:06.197Z,null,0,null,Act/360,JAB,IDR,MODFOLLOWING,CreditSpread,1800,null,4820,7065969,1,3,3491,2026-04-30,2026-05-01T10:22:10.877Z,2026-05-14,2026-05-14T13:17:15.473Z,vcurvealmcorprates.csv,gwam_dev_ds.inv_ga_typed.alm_curvealmcorprates | Slice: 2026-04-08 09:15:18.790000 to 2026-05-13 16:45:47.950000,ADB,2026-05-15T09:01:25.000424Z
2026-05-13,IDR_Public_CCC+,EOD,ALM,AggregatedSpread,Cash,6m.IDR_Public_CCC+,6m,6m,true,null,0.05570000,null,2026-05-13T16:30:06.197Z,null,0,null,Act/360,JAB,IDR,MODFOLLOWING,CreditSpread,180,null,5019,7065969,1,3,3491,2026-04-30,2026-05-01T10:22:10.877Z,2026-05-14,2026-05-14T13:17:15.473Z,vcurvealmcorprates.csv,gwam_dev_ds.inv_ga_typed.alm_curvealmcorprates | Slice: 2026-04-08 09:15:18.790000 to 2026-05-13 16:45:47.950000,ADB,2026-05-15T09:01:25.000424Z
2026-05-13,IDR_Public_CCC+,EOD,ALM,AggregatedSpread,Bond,7y.IDR_Public_CCC+,7y,7y,true,null,0.05570000,null,2026-05-13T16:30:06.197Z,null,0,null,Act/360,JAB,IDR,MODFOLLOWING,CreditSpread,2520,null,5222,7065969,1,3,3491,2026-04-30,2026-05-01T10:22:10.877Z,2026-05-14,2026-05-14T13:17:15.473Z,vcurvealmcorprates.csv,gwam_dev_ds.inv_ga_typed.alm_curvealmcorprates | Slice: 2026-04-08 09:15:18.790000 to 2026-05-13 16:45:47.950000,ADB,2026-05-15T09:01:25.000424Z
2026-05-13,USD_Public_BBB-,EOD,ALM,AggregatedSpread,Cash,1y.USD_Public_BBB-,1y,1y,true,null,0.00843943,null,2026-05-13T16:30:06.197Z,null,1,Semi Annual,ACT/ACT,NYB,USD,MODFOLLOWING,CreditSpread,360,null,1426,7072828,2,3,7438,2026-05-05,2026-05-06T09:53:53.443Z,2026-05-14,2026-05-14T13:17:15.473Z,vcurvealmcorprates.csv,gwam_dev_ds.inv_ga_typed.alm_curvealmcorprates | Slice: 2026-04-08 09:15:18.790000 to 2026-05-13 16:45:47.950000,ADB,2026-05-15T09:01:25.000424Z
2026-05-13,USD_Public_BBB-,EOD,ALM,AggregatedSpread,Bond,2y.USD_Public_BBB-,2y,2y,true,null,0.00928766,null,2026-05-13T16:30:06.197Z,null,1,Semi Annual,ACT/ACT,NYB,USD,MODFOLLOWING,CreditSpread,720,null,1427,7072828,2,3,7438,2026-05-05,2026-05-06T09:53:53.443Z,2026-05-14,2026-05-14T13:17:15.473Z,vcurvealmcorprates.csv,gwam_dev_ds.inv_ga_typed.alm_curvealmcorprates | Slice: 2026-04-08 09:15:18.790000 to 2026-05-13 16:45:47.950000,ADB,2026-05-15T09:01:25.000424Z
2026-05-13,USD_Public_BBB-,EOD,ALM,AggregatedSpread,Bond,3y.USD_Public_BBB-,3y,3y,true,null,0.01006174,null,2026-05-13T16:30:06.197Z,null,1,Semi Annual,ACT/ACT,NYB,USD,MODFOLLOWING,CreditSpread,1080,null,1428,7072828,2,3,7438,2026-05-05,2026-05-06T09:53:53.443Z,2026-05-14,2026-05-14T13:17:15.473Z,vcurvealmcorprates.csv,gwam_dev_ds.inv_ga_typed.alm_curvealmcorprates | Slice: 2026-04-08 09:15:18.790000 to 2026-05-13 16:45:47.950000,ADB,2026-05-15T09:01:25.000424Z
2026-05-13,USD_Public_BBB-,EOD,ALM,AggregatedSpread,Bond,5y.USD_Public_BBB-,5y,5y,true,null,0.01139990,null,2026-05-13T16:30:06.197Z,null,1,Semi Annual,ACT/ACT,NYB,USD,MODFOLLOWING,CreditSpread,1800,null,1429,7072828,2,3,7438,2026-05-05,2026-05-06T09:53:53.443Z,2026-05-14,2026-05-14T13:17:15.473Z,vcurvealmcorprates.csv,gwam_dev_ds.inv_ga_typed.alm_curvealmcorprates | Slice: 2026-04-08 09:15:18.790000 to 2026-05-13 16:45:47.950000,ADB,2026-05-15T09:01:25.000424Z
2026-05-13,USD_Public_BBB-,EOD,ALM,AggregatedSpread,Bond,7y.USD_Public_BBB-,7y,7y,true,null,0.01247883,null,2026-05-13T16:30:06.197Z,null,1,Semi Annual,ACT/ACT,NYB,USD,MODFOLLOWING,CreditSpread,2520,null,1430,7072828,2,3,7438,2026-05-05,2026-05-06T09:53:53.443Z,2026-05-14,2026-05-14T13:17:15.473Z,vcurvealmcorprates.csv,gwam_dev_ds.inv_ga_typed.alm_curvealmcorprates | Slice: 2026-04-08 09:15:18.790000 to 2026-05-13 16:45:47.950000,ADB,2026-05-15T09:01:25.000424Z
2026-05-13,USD_Public_BBB-,EOD,ALM,AggregatedSpread,Bond,10y.USD_Public_BBB-,10y,10y,true,null,0.01366567,null,2026-05-13T16:30:06.197Z,null,1,Semi Annual,ACT/ACT,NYB,USD,MODFOLLOWING,CreditSpread,3600,null,1431,7072828,2,3,7438,2026-05-05,2026-05-06T09:53:53.443Z,2026-05-14,2026-05-14T13:17:15.473Z,vcurvealmcorprates.csv,gwam_dev_ds.inv_ga_typed.alm_curvealmcorprates | Slice: 2026-04-08 09:15:18.790000 to 2026-05-13 16:45:47.950000,ADB,2026-05-15T09:01:25.000424Z
2026-05-13,USD_Public_BBB-,EOD,ALM,AggregatedSpread,Bond,20y.USD_Public_BBB-,20y,20y,true,null,0.01399020,null,2026-05-13T16:30:06.197Z,null,1,Semi Annual,ACT/ACT,NYB,USD,MODFOLLOWING,CreditSpread,7200,null,1432,7072828,2,3,7438,2026-05-05,2026-05-06T09:53:53.443Z,2026-05-14,2026-05-14T13:17:15.473Z,vcurvealmcorprates.csv,gwam_dev_ds.inv_ga_typed.alm_curvealmcorprates | Slice: 2026-04-08 09:15:18.790000 to 2026-05-13 16:45:47.950000,ADB,2026-05-15T09:01:25.000424Z
2026-05-13,USD_Public_BBB-,EOD,ALM,AggregatedSpread,Bond,30y.USD_Public_BBB-,30y,30y,true,null,0.01431474,null,2026-05-13T16:30:06.197Z,null,1,Semi Annual,ACT/ACT,NYB,USD,MODFOLLOWING,CreditSpread,10800,null,1433,7072828,2,3,7438,2026-05-05,2026-05-06T09:53:53.443Z,2026-05-14,2026-05-14T13:17:15.473Z,vcurvealmcorprates.csv,gwam_dev_ds.inv_ga_typed.alm_curvealmcorprates | Slice: 2026-04-08 09:15:18.790000 to 2026-05-13 16:45:47.950000,ADB,2026-05-15T09:01:25.000424Z
2026-05-13,USD_Public_BBB-,EOD,ALM,AggregatedSpread,Cash,6m.USD_Public_BBB-,6m,6m,true,null,0.00843943,null,2026-05-13T16:30:06.197Z,null,1,Annual,Act/360,NYB,USD,MODFOLLOWING,CreditSpread,180,null,1506,7072828,2,3,7438,2026-05-05,2026-05-06T09:53:53.443Z,2026-05-14,2026-05-14T13:17:15.473Z,vcurvealmcorprates.csv,gwam_dev_ds.inv_ga_typed.alm_curvealmcorprates | Slice: 2026-04-08 09:15:18.790000 to 2026-05-13 16:45:47.950000,ADB,2026-05-15T09:01:25.000424Z
2026-05-13,USD_Public_BBB-,EOD,ALM,AggregatedSpread,Cash,3m.USD_Public_BBB-,3m,3m,true,null,0.00843943,null,2026-05-13T16:30:06.197Z,null,1,Annual,Act/360,NYB,USD,MODFOLLOWING,CreditSpread,90,null,1509,7072828,2,3,7438,2026-05-05,2026-05-06T09:53:53.443Z,2026-05-14,2026-05-14T13:17:15.473Z,vcurvealmcorprates.csv,gwam_dev_ds.inv_ga_typed.alm_curvealmcorprates | Slice: 2026-04-08 09:15:18.790000 to 2026-05-13 16:45:47.950000,ADB,2026-05-15T09:01:25.000424Z
2026-05-13,IDR_Public_B-,EOD,ALM,AggregatedSpread,Bond,10y.IDR_Public_B-,10y,10y,true,null,0.04030000,null,2026-05-13T16:30:06.197Z,null,0,null,Act/360,JAB,IDR,MODFOLLOWING,CreditSpread,3600,null,3367,7065962,1,3,3484,2026-04-30,2026-05-01T10:22:10.877Z,2026-05-14,2026-05-14T13:17:15.473Z,vcurvealmcorprates.csv,gwam_dev_ds.inv_ga_typed.alm_curvealmcorprates | Slice: 2026-04-08 09:15:18.790000 to 2026-05-13 16:45:47.950000,ADB,2026-05-15T09:01:25.000424Z
2026-05-13,IDR_Public_B-,EOD,ALM,AggregatedSpread,Bond,1y.IDR_Public_B-,1y,1y,true,null,0.04030000,null,2026-05-13T16:30:06.197Z,null,0,null,Act/360,JAB,IDR,MODFOLLOWING,CreditSpread,360,null,3599,7065962,1,3,3484,2026-04-30,2026-05-01T10:22:10.877Z,2026-05-14,2026-05-14T13:17:15.473Z,vcurvealmcorprates.csv,gwam_dev_ds.inv_ga_typed.alm_curvealmcorprates | Slice: 2026-04-08 09:15:18.790000 to 2026-05-13 16:45:47.950000,ADB,2026-05-15T09:01:25.000424Z
2026-05-13,IDR_Public_B-,EOD,ALM,AggregatedSpread,Bond,20y.IDR_Public_B-,20y,20y,true,null,0.04030000,null,2026-05-13T16:30:06.197Z,null,0,null,Act/360,JAB,IDR,MODFOLLOWING,CreditSpread,7200,null,3798,7065962,1,3,3484,2026-04-30,2026-05-01T10:22:10.877Z,2026-05-14,2026-05-14T13:17:15.473Z,vcurvealmcorprates.csv,gwam_dev_ds.inv_ga_typed.alm_curvealmcorprates | Slice: 2026-04-08 09:15:18.790000 to 2026-05-13 16:45:47.950000,ADB,2026-05-15T09:01:25.000424Z
2026-05-13,IDR_Public_B-,EOD,ALM,AggregatedSpread,Bond,2y.IDR_Public_B-,2y,2y,true,null,0.04030000,null,2026-05-13T16:30:06.197Z,null,0,null,Act/360,JAB,IDR,MODFOLLOWING,CreditSpread,720,null,4008,7065962,1,3,3484,2026-04-30,2026-05-01T10:22:10.877Z,2026-05-14,2026-05-14T13:17:15.473Z,vcurvealmcorprates.csv,gwam_dev_ds.inv_ga_typed.alm_curvealmcorprates | Slice: 2026-04-08 09:15:18.790000 to 2026-05-13 16:45:47.950000,ADB,2026-05-15T09:01:25.000424Z
2026-05-13,IDR_Public_B-,EOD,ALM,AggregatedSpread,Bond,30y.IDR_Public_B-,30y,30y,true,null,0.04030000,null,2026-05-13T16:30:06.197Z,null,0,null,Act/360,JAB,IDR,MODFOLLOWING,CreditSpread,10800,null,4207,7065962,1,3,3484,2026-04-30,2026-05-01T10:22:10.877Z,2026-05-14,2026-05-14T13:17:15.473Z,vcurvealmcorprates.csv,gwam_dev_ds.inv_ga_typed.alm_curvealmcorprates | Slice: 2026-04-08 09:15:18.790000 to 2026-05-13 16:45:47.950000,ADB,2026-05-15T09:01:25.000424Z
2026-05-13,IDR_Public_B-,EOD,ALM,AggregatedSpread,Cash,3m.IDR_Public_B-,3m,3m,true,null,0.04030000,null,2026-05-13T16:30:06.197Z,null,0,null,Act/360,JAB,IDR,MODFOLLOWING,CreditSpread,90,null,4406,7065962,1,3,3484,2026-04-30,2026-05-01T10:22:10.877Z,2026-05-14,2026-05-14T13:17:15.473Z,vcurvealmcorprates.csv,gwam_dev_ds.inv_ga_typed.alm_curvealmcorprates | Slice: 2026-04-08 09:15:18.790000 to 2026-05-13 16:45:47.950000,ADB,2026-05-15T09:01:25.000424Z
2026-05-13,IDR_Public_B-,EOD,ALM,AggregatedSpread,Bond,3y.IDR_Public_B-,3y,3y,true,null,0.04030000,null,2026-05-13T16:30:06.197Z,null,0,null,Act/360,JAB,IDR,MODFOLLOWING,CreditSpread,1080,null,4605,7065962,1,3,3484,2026-04-30,2026-05-01T10:22:10.877Z,2026-05-14,2026-05-14T13:17:15.473Z,vcurvealmcorprates.csv,gwam_dev_ds.inv_ga_typed.alm_curvealmcorprates | Slice: 2026-04-08 09:15:18.790000 to 2026-05-13 16:45:47.950000,ADB,2026-05-15T09:01:25.000424Z
2026-05-13,IDR_Public_B-,EOD,ALM,AggregatedSpread,Bond,5y.IDR_Public_B-,5y,5y,true,null,0.04030000,null,2026-05-13T16:30:06.197Z,null,0,null,Act/360,JAB,IDR,MODFOLLOWING,CreditSpread,1800,null,4813,7065962,1,3,3484,2026-04-30,2026-05-01T10:22:10.877Z,2026-05-14,2026-05-14T13:17:15.473Z,vcurvealmcorprates.csv,gwam_dev_ds.inv_ga_typed.alm_curvealmcorprates | Slice: 2026-04-08 09:15:18.790000 to 2026-05-13 16:45:47.950000,ADB,2026-05-15T09:01:25.000424Z
2026-05-13,IDR_Public_B-,EOD,ALM,AggregatedSpread,Cash,6m.IDR_Public_B-,6m,6m,true,null,0.04030000,null,2026-05-13T16:30:06.197Z,null,0,null,Act/360,JAB,IDR,MODFOLLOWING,CreditSpread,180,null,5012,7065962,1,3,3484,2026-04-30,2026-05-01T10:22:10.877Z,2026-05-14,2026-05-14T13:17:15.473Z,vcurvealmcorprates.csv,gwam_dev_ds.inv_ga_typed.alm_curvealmcorprates | Slice: 2026-04-08 09:15:18.790000 to 2026-05-13 16:45:47.950000,ADB,2026-05-15T09:01:25.000424Z
2026-05-13,IDR_Public_B-,EOD,ALM,AggregatedSpread,Bond,7y.IDR_Public_B-,7y,7y,true,null,0.04030000,null,2026-05-13T16:30:06.197Z,null,0,null,Act/360,JAB,IDR,MODFOLLOWING,CreditSpread,2520,null,5215,7065962,1,3,3484,2026-04-30,2026-05-01T10:22:10.877Z,2026-05-14,2026-05-14T13:17:15.473Z,vcurvealmcorprates.csv,gwam_dev_ds.inv_ga_typed.alm_curvealmcorprates | Slice: 2026-04-08 09:15:18.790000 to 2026-05-13 16:45:47.950000,ADB,2026-05-15T09:01:25.000424Z
2026-05-13,USD_Public_A+,EOD,ALM,AggregatedSpread,Cash,1y.USD_Public_A+,1y,1y,true,null,0.00169702,null,2026-05-13T16:30:06.197Z,null,1,Semi Annual,ACT/ACT,NYB,USD,MODFOLLOWING,CreditSpread,360,null,1296,7072814,2,3,7424,2026-05-05,2026-05-06T09:53:53.443Z,2026-05-14,2026-05-14T13:17:15.473Z,vcurvealmcorprates.csv,gwam_dev_ds.inv_ga_typed.alm_curvealmcorprates | Slice: 2026-04-08 09:15:18.790000 to 2026-05-13 16:45:47.950000,ADB,2026-05-15T09:01:25.000424Z
2026-05-13,USD_Public_A+,EOD,ALM,AggregatedSpread,Bond,2y.USD_Public_A+,2y,2y,true,null,0.00237413,null,2026-05-13T16:30:06.197Z,null,1,Semi Annual,ACT/ACT,NYB,USD,MODFOLLOWING,CreditSpread,720,null,1297,7072814,2,3,7424,2026-05-05,2026-05-06T09:53:53.443Z,2026-05-14,2026-05-14T13:17:15.473Z,vcurvealmcorprates.csv,gwam_dev_ds.inv_ga_typed.alm_curvealmcorprates | Slice: 2026-04-08 09:15:18.790000 to 2026-05-13 16:45:47.950000,ADB,2026-05-15T09:01:25.000424Z
2026-05-13,USD_Public_A+,EOD,ALM,AggregatedSpread,Bond,3y.USD_Public_A+,3y,3y,true,null,0.00298688,null,2026-05-13T16:30:06.197Z,null,1,Semi Annual,ACT/ACT,NYB,USD,MODFOLLOWING,CreditSpread,1080,null,1298,7072814,2,3,7424,2026-05-05,2026-05-06T09:53:53.443Z,2026-05-14,2026-05-14T13:17:15.473Z,vcurvealmcorprates.csv,gwam_dev_ds.inv_ga_typed.alm_curvealmcorprates | Slice: 2026-04-08 09:15:18.790000 to 2026-05-13 16:45:47.950000,ADB,2026-05-15T09:01:25.000424Z
2026-05-13,USD_Public_A+,EOD,ALM,AggregatedSpread,Bond,5y.USD_Public_A+,5y,5y,true,null,0.00403177,null,2026-05-13T16:30:06.197Z,null,1,Semi Annual,ACT/ACT,NYB,USD,MODFOLLOWING,CreditSpread,1800,null,1299,7072814,2,3,7424,2026-05-05,2026-05-06T09:53:53.443Z,2026-05-14,2026-05-14T13:17:15.473Z,vcurvealmcorprates.csv,gwam_dev_ds.inv_ga_typed.alm_curvealmcorprates | Slice: 2026-04-08 09:15:18.790000 to 2026-05-13 16:45:47.950000,ADB,2026-05-15T09:01:25.000424Z
2026-05-13,USD_Public_A+,EOD,ALM,AggregatedSpread,Bond,7y.USD_Public_A+,7y,7y,true,null,0.00485659,null,2026-05-13T16:30:06.197Z,null,1,Semi Annual,ACT/ACT,NYB,USD,MODFOLLOWING,CreditSpread,2520,null,1300,7072814,2,3,7424,2026-05-05,2026-05-06T09:53:53.443Z,2026-05-14,2026-05-14T13:17:15.473Z,vcurvealmcorprates.csv,gwam_dev_ds.inv_ga_typed.alm_curvealmcorprates | Slice: 2026-04-08 09:15:18.790000 to 2026-05-13 16:45:47.950000,ADB,2026-05-15T09:01:25.000424Z
2026-05-13,USD_Public_A+,EOD,ALM,AggregatedSpread,Bond,10y.USD_Public_A+,10y,10y,true,null,0.00573575,null,2026-05-13T16:30:06.197Z,null,1,Semi Annual,ACT/ACT,NYB,USD,MODFOLLOWING,CreditSpread,3600,null,1301,7072814,2,3,7424,2026-05-05,2026-05-06T09:53:53.443Z,2026-05-14,2026-05-14T13:17:15.473Z,vcurvealmcorprates.csv,gwam_dev_ds.inv_ga_typed.alm_curvealmcorprates | Slice: 2026-04-08 09:15:18.790000 to 2026-05-13 16:45:47.950000,ADB,2026-05-15T09:01:25.000424Z
2026-05-13,USD_Public_A+,EOD,ALM,AggregatedSpread,Bond,20y.USD_Public_A+,20y,20y,true,null,0.00616111,null,2026-05-13T16:30:06.197Z,null,1,Semi Annual,ACT/ACT,NYB,USD,MODFOLLOWING,CreditSpread,7200,null,1302,7072814,2,3,7424,2026-05-05,2026-05-06T09:53:53.443Z,2026-05-14,2026-05-14T13:17:15.473Z,vcurvealmcorprates.csv,gwam_dev_ds.inv_ga_typed.alm_curvealmcorprates | Slice: 2026-04-08 09:15:18.790000 to 2026-05-13 16:45:47.950000,ADB,2026-05-15T09:01:25.000424Z
2026-05-13,USD_Public_A+,EOD,ALM,AggregatedSpread,Bond,30y.USD_Public_A+,30y,30y,true,null,0.00658646,null,2026-05-13T16:30:06.197Z,null,1,Semi Annual,ACT/ACT,NYB,USD,MODFOLLOWING,CreditSpread,10800,null,1303,7072814,2,3,7424,2026-05-05,2026-05-06T09:53:53.443Z,2026-05-14,2026-05-14T13:17:15.473Z,vcurvealmcorprates.csv,gwam_dev_ds.inv_ga_typed.alm_curvealmcorprates | Slice: 2026-04-08 09:15:18.790000 to 2026-05-13 16:45:47.950000,ADB,2026-05-15T09:01:25.000424Z
2026-05-13,USD_Public_A+,EOD,ALM,AggregatedSpread,Cash,6m.USD_Public_A+,6m,6m,true,null,0.00169702,null,2026-05-13T16:30:06.197Z,null,1,Annual,Act/360,NYB,USD,MODFOLLOWING,CreditSpread,180,null,1516,7072814,2,3,7424,2026-05-05,2026-05-06T09:53:53.443Z,2026-05-14,2026-05-14T13:17:15.473Z,vcurvealmcorprates.csv,gwam_dev_ds.inv_ga_typed.alm_curvealmcorprates | Slice: 2026-04-08 09:15:18.790000 to 2026-05-13 16:45:47.950000,ADB,2026-05-15T09:01:25.000424Z
2026-05-13,USD_Public_A+,EOD,ALM,AggregatedSpread,Cash,3m.USD_Public_A+,3m,3m,true,null,0.00169702,null,2026-05-13T16:30:06.197Z,null,1,Annual,Act/360,NYB,USD,MODFOLLOWING,CreditSpread,90,null,1527,7072814,2,3,7424,2026-05-05,2026-05-06T09:53:53.443Z,2026-05-14,2026-05-14T13:17:15.473Z,vcurvealmcorprates.csv,gwam_dev_ds.inv_ga_typed.alm_curvealmcorprates | Slice: 2026-04-08 09:15:18.790000 to 2026-05-13 16:45:47.950000,ADB,2026-05-15T09:01:25.000424Z
2026-05-13,CAD_Public_AA-,EOD,ALM,AggregatedSpread,Cash,3m.CAD_Public_AA,3m,3m,true,null,0.00096000,null,2026-05-13T16:30:06.197Z,null,0,Annual,Act/365,TRB,CAD,MODFOLLOWING,CreditSpread,90,null,1038,7066154,1,3,9531,2026-04-30,2026-05-01T11:03:54.837Z,2026-05-14,2026-05-14T13:17:15.473Z,vcurvealmcorprates.csv,gwam_dev_ds.inv_ga_typed.alm_curvealmcorprates | Slice: 2026-04-08 09:15:18.790000 to 2026-05-13 16:45:47.950000,ADB,2026-05-15T09:01:25.000424Z
2026-05-13,CAD_Public_AA-,EOD,ALM,AggregatedSpread,Cash,6m.CAD_Public_AA,6m,6m,true,null,0.00096000,null,2026-05-13T16:30:06.197Z,null,0,Annual,Act/365,TRB,CAD,MODFOLLOWING,CreditSpread,180,null,1039,7066154,1,3,9531,2026-04-30,2026-05-01T11:03:54.837Z,2026-05-14,2026-05-14T13:17:15.473Z,vcurvealmcorprates.csv,gwam_dev_ds.inv_ga_typed.alm_curvealmcorprates | Slice: 2026-04-08 09:15:18.790000 to 2026-05-13 16:45:47.950000,ADB,2026-05-15T09:01:25.000424Z
2026-05-13,CAD_Public_AA-,EOD,ALM,AggregatedSpread,Cash,1y.CAD_Public_AA,1y,1y,true,null,0.00096000,null,2026-05-13T16:30:06.197Z,null,0,Annual,Act/365,TRB,CAD,MODFOLLOWING,CreditSpread,360,null,1040,7066154,1,3,9531,2026-04-30,2026-05-01T11:03:54.837Z,2026-05-14,2026-05-14T13:17:15.473Z,vcurvealmcorprates.csv,gwam_dev_ds.inv_ga_typed.alm_curvealmcorprates | Slice: 2026-04-08 09:15:18.790000 to 2026-05-13 16:45:47.950000,ADB,2026-05-15T09:01:25.000424Z
2026-05-13,CAD_Public_AA-,EOD,ALM,AggregatedSpread,Bond,2y.CAD_Public_AA,2y,2y,true,null,0.00043200,null,2026-05-13T16:30:06.197Z,null,1,Semi Annual,Act/Act,TRB,CAD,MODFOLLOWING,CreditSpread,720,null,1041,7066154,1,3,9531,2026-04-30,2026-05-01T11:03:54.837Z,2026-05-14,2026-05-14T13:17:15.473Z,vcurvealmcorprates.csv,gwam_dev_ds.inv_ga_typed.alm_curvealmcorprates | Slice: 2026-04-08 09:15:18.790000 to 2026-05-13 16:45:47.950000,ADB,2026-05-15T09:01:25.000424Z
2026-05-13,CAD_Public_AA-,EOD,ALM,AggregatedSpread,Bond,3y.CAD_Public_AA,3y,3y,true,null,0.00089200,null,2026-05-13T16:30:06.197Z,null,1,Semi Annual,Act/Act,TRB,CAD,MODFOLLOWING,CreditSpread,1080,null,1042,7066154,1,3,9531,2026-04-30,2026-05-01T11:03:54.837Z,2026-05-14,2026-05-14T13:17:15.473Z,vcurvealmcorprates.csv,gwam_dev_ds.inv_ga_typed.alm_curvealmcorprates | Slice: 2026-04-08 09:15:18.790000 to 2026-05-13 16:45:47.950000,ADB,2026-05-15T09:01:25.000424Z
2026-05-13,CAD_Public_AA-,EOD,ALM,AggregatedSpread,Bond,5y.CAD_Public_AA,5y,5y,true,null,0.00196200,null,2026-05-13T16:30:06.197Z,null,1,Semi Annual,Act/Act,TRB,CAD,MODFOLLOWING,CreditSpread,1800,null,1043,7066154,1,3,9531,2026-04-30,2026-05-01T11:03:54.837Z,2026-05-14,2026-05-14T13:17:15.473Z,vcurvealmcorprates.csv,gwam_dev_ds.inv_ga_typed.alm_curvealmcorprates | Slice: 2026-04-08 09:15:18.790000 to 2026-05-13 16:45:47.950000,ADB,2026-05-15T09:01:25.000424Z
2026-05-13,CAD_Public_AA-,EOD,ALM,AggregatedSpread,Bond,7y.CAD_Public_AA,7y,7y,true,null,0.00287100,null,2026-05-13T16:30:06.197Z,null,1,Semi Annual,Act/Act,TRB,CAD,MODFOLLOWING,CreditSpread,2520,null,1044,7066154,1,3,9531,2026-04-30,2026-05-01T11:03:54.837Z,2026-05-14,2026-05-14T13:17:15.473Z,vcurvealmcorprates.csv,gwam_dev_ds.inv_ga_typed.alm_curvealmcorprates | Slice: 2026-04-08 09:15:18.790000 to 2026-05-13 16:45:47.950000,ADB,2026-05-15T09:01:25.000424Z
2026-05-13,CAD_Public_AA-,EOD,ALM,AggregatedSpread,Bond,10y.CAD_Public_AA,10y,10y,true,null,0.00468900,null,2026-05-13T16:30:06.197Z,null,1,Semi Annual,Act/Act,TRB,CAD,MODFOLLOWING,CreditSpread,3600,null,1045,7066154,1,3,9531,2026-04-30,2026-05-01T11:03:54.837Z,2026-05-14,2026-05-14T13:17:15.473Z,vcurvealmcorprates.csv,gwam_dev_ds.inv_ga_typed.alm_curvealmcorprates | Slice: 2026-04-08 09:15:18.790000 to 2026-05-13 16:45:47.950000,ADB,2026-05-15T09:01:25.000424Z
2026-05-13,CAD_Public_AA-,EOD,ALM,AggregatedSpread,Bond,20y.CAD_Public_AA,20y,20y,true,null,0.00826900,null,2026-05-13T16:30:06.197Z,null,1,Semi Annual,Act/Act,TRB,CAD,MODFOLLOWING,CreditSpread,7200,null,1046,7066154,1,3,9531,2026-04-30,2026-05-01T11:03:54.837Z,2026-05-14,2026-05-14T13:17:15.473Z,vcurvealmcorprates.csv,gwam_dev_ds.inv_ga_typed.alm_curvealmcorprates | Slice: 2026-04-08 09:15:18.790000 to 2026-05-13 16:45:47.950000,ADB,2026-05-15T09:01:25.000424Z
2026-05-13,CAD_Public_AA-,EOD,ALM,AggregatedSpread,Bond,30y.CAD_Public_AA,30y,30y,true,null,0.00773300,null,2026-05-13T16:30:06.197Z,null,1,Semi Annual,Act/Act,TRB,CAD,MODFOLLOWING,CreditSpread,10800,null,1047,7066154,1,3,9531,2026-04-30,2026-05-01T11:03:54.837Z,2026-05-14,2026-05-14T13:17:15.473Z,vcurvealmcorprates.csv,gwam_dev_ds.inv_ga_typed.alm_curvealmcorprates | Slice: 2026-04-08 09:15:18.790000 to 2026-05-13 16:45:47.950000,ADB,2026-05-15T09:01:25.000424Z
2026-05-13,EUR_Public_AA+,EOD,ALM,AggregatedSpread,Bond,10y.EUR_Public_AA+,10y,10y,true,null,0.00597972,null,2026-05-13T16:30:06.197Z,null,0,null,Act/360,ECU,EUR,MODFOLLOWING,CreditSpread,3600,null,3327,7068730,1,3,7482,2026-05-01,2026-05-04T10:23:30.133Z,2026-05-14,2026-05-14T13:17:15.473Z,vcurvealmcorprates.csv,gwam_dev_ds.inv_ga_typed.alm_curvealmcorprates | Slice: 2026-04-08 09:15:18.790000 to 2026-05-13 16:45:47.950000,ADB,2026-05-15T09:01:25.000424Z
2026-05-13,EUR_Public_AA+,EOD,ALM,AggregatedSpread,Bond,1y.EUR_Public_AA+,1y,1y,true,null,0.00238042,null,2026-05-13T16:30:06.197Z,null,0,null,Act/360,ECU,EUR,MODFOLLOWING,CreditSpread,360,null,3559,7068730,1,3,7482,2026-05-01,2026-05-04T10:23:30.133Z,2026-05-14,2026-05-14T13:17:15.473Z,vcurvealmcorprates.csv,gwam_dev_ds.inv_ga_typed.alm_curvealmcorprates | Slice: 2026-04-08 09:15:18.790000 to 2026-05-13 16:45:47.950000,ADB,2026-05-15T09:01:25.000424Z
2026-05-13,EUR_Public_AA+,EOD,ALM,AggregatedSpread,Bond,20y.EUR_Public_AA+,20y,20y,true,null,0.00694493,null,2026-05-13T16:30:06.197Z,null,0,null,Act/360,ECU,EUR,MODFOLLOWING,CreditSpread,7200,null,3758,7068730,1,3,7482,2026-05-01,2026-05-04T10:23:30.133Z,2026-05-14,2026-05-14T13:17:15.473Z,vcurvealmcorprates.csv,gwam_dev_ds.inv_ga_typed.alm_curvealmcorprates | Slice: 2026-04-08 09:15:18.790000 to 2026-05-13 16:45:47.950000,ADB,2026-05-15T09:01:25.000424Z
2026-05-13,EUR_Public_AA+,EOD,ALM,AggregatedSpread,Bond,2y.EUR_Public_AA+,2y,2y,true,null,0.00295124,null,2026-05-13T16:30:06.197Z,null,0,null,Act/360,ECU,EUR,MODFOLLOWING,CreditSpread,720,null,3968,7068730,1,3,7482,2026-05-01,2026-05-04T10:23:30.133Z,2026-05-14,2026-05-14T13:17:15.473Z,vcurvealmcorprates.csv,gwam_dev_ds.inv_ga_typed.alm_curvealmcorprates | Slice: 2026-04-08 09:15:18.790000 to 2026-05-13 16:45:47.950000,ADB,2026-05-15T09:01:25.000424Z
2026-05-13,EUR_Public_AA+,EOD,ALM,AggregatedSpread,Bond,30y.EUR_Public_AA+,30y,30y,true,null,0.00694493,null,2026-05-13T16:30:06.197Z,null,0,null,Act/360,ECU,EUR,MODFOLLOWING,CreditSpread,10800,null,4167,7068730,1,3,7482,2026-05-01,2026-05-04T10:23:30.133Z,2026-05-14,2026-05-14T13:17:15.473Z,vcurvealmcorprates.csv,gwam_dev_ds.inv_ga_typed.alm_curvealmcorprates | Slice: 2026-04-08 09:15:18.790000 to 2026-05-13 16:45:47.950000,ADB,2026-05-15T09:01:25.000424Z
2026-05-13,EUR_Public_AA+,EOD,ALM,AggregatedSpread,Cash,3m.EUR_Public_AA+,3m,3m,true,null,0.00238042,null,2026-05-13T16:30:06.197Z,null,0,null,Act/360,ECU,EUR,MODFOLLOWING,CreditSpread,90,null,4366,7068730,1,3,7482,2026-05-01,2026-05-04T10:23:30.133Z,2026-05-14,2026-05-14T13:17:15.473Z,vcurvealmcorprates.csv,gwam_dev_ds.inv_ga_typed.alm_curvealmcorprates | Slice: 2026-04-08 09:15:18.790000 to 2026-05-13 16:45:47.950000,ADB,2026-05-15T09:01:25.000424Z
2026-05-13,EUR_Public_AA+,EOD,ALM,AggregatedSpread,Bond,3y.EUR_Public_AA+,3y,3y,true,null,0.00347225,null,2026-05-13T16:30:06.197Z,null,0,null,Act/360,ECU,EUR,MODFOLLOWING,CreditSpread,1080,null,4565,7068730,1,3,7482,2026-05-01,2026-05-04T10:23:30.133Z,2026-05-14,2026-05-14T13:17:15.473Z,vcurvealmcorprates.csv,gwam_dev_ds.inv_ga_typed.alm_curvealmcorprates | Slice: 2026-04-08 09:15:18.790000 to 2026-05-13 16:45:47.950000,ADB,2026-05-15T09:01:25.000424Z
2026-05-13,EUR_Public_AA+,EOD,ALM,AggregatedSpread,Bond,5y.EUR_Public_AA+,5y,5y,true,null,0.00437696,null,2026-05-13T16:30:06.197Z,null,0,null,Act/360,ECU,EUR,MODFOLLOWING,CreditSpread,1800,null,4773,7068730,1,3,7482,2026-05-01,2026-05-04T10:23:30.133Z,2026-05-14,2026-05-14T13:17:15.473Z,vcurvealmcorprates.csv,gwam_dev_ds.inv_ga_typed.alm_curvealmcorprates | Slice: 2026-04-08 09:15:18.790000 to 2026-05-13 16:45:47.950000,ADB,2026-05-15T09:01:25.000424Z
2026-05-13,EUR_Public_AA+,EOD,ALM,AggregatedSpread,Cash,6m.EUR_Public_AA+,6m,6m,true,null,0.00238042,null,2026-05-13T16:30:06.197Z,null,0,null,Act/360,ECU,EUR,MODFOLLOWING,CreditSpread,180,null,4972,7068730,1,3,7482,2026-05-01,2026-05-04T10:23:30.133Z,2026-05-14,2026-05-14T13:17:15.473Z,vcurvealmcorprates.csv,gwam_dev_ds.inv_ga_typed.alm_curvealmcorprates | Slice: 2026-04-08 09:15:18.790000 to 2026-05-13 16:45:47.950000,ADB,2026-05-15T09:01:25.000424Z
2026-05-13,EUR_Public_AA+,EOD,ALM,AggregatedSpread,Bond,7y.EUR_Public_AA+,7y,7y,true,null,0.00511888,null,2026-05-13T16:30:06.197Z,null,0,null,Act/360,ECU,EUR,MODFOLLOWING,CreditSpread,2520,null,5175,7068730,1,3,7482,2026-05-01,2026-05-04T10:23:30.133Z,2026-05-14,2026-05-14T13:17:15.473Z,vcurvealmcorprates.csv,gwam_dev_ds.inv_ga_typed.alm_curvealmcorprates | Slice: 2026-04-08 09:15:18.790000 to 2026-05-13 16:45:47.950000,ADB,2026-05-15T09:01:25.000424Z
2026-05-13,CNY_Public_BB-,EOD,ALM,AggregatedSpread,Bond,10y.CNY_Public_BB-,10y,10y,true,null,0.01393445,null,2026-05-13T16:30:06.197Z,null,0,null,Act/360,SHB,CNY,MODFOLLOWING,CreditSpread,3600,null,3307,7065886,1,3,3427,2026-04-30,2026-05-01T09:42:01.27Z,2026-05-14,2026-05-14T13:17:15.473Z,vcurvealmcorprates.csv,gwam_dev_ds.inv_ga_typed.alm_curvealmcorprates | Slice: 2026-04-08 09:15:18.790000 to 2026-05-13 16:45:47.950000,ADB,2026-05-15T09:01:25.000424Z
2026-05-13,CNY_Public_BB-,EOD,ALM,AggregatedSpread,Bond,1y.CNY_Public_BB-,1y,1y,true,null,0.01209495,null,2026-05-13T16:30:06.197Z,null,0,null,Act/360,SHB,CNY,MODFOLLOWING,CreditSpread,360,null,3539,7065886,1,3,3427,2026-04-30,2026-05-01T09:42:01.27Z,2026-05-14,2026-05-14T13:17:15.473Z,vcurvealmcorprates.csv,gwam_dev_ds.inv_ga_typed.alm_curvealmcorprates | Slice: 2026-04-08 09:15:18.790000 to 2026-05-13 16:45:47.950000,ADB,2026-05-15T09:01:25.000424Z
2026-05-13,CNY_Public_BB-,EOD,ALM,AggregatedSpread,Bond,20y.CNY_Public_BB-,20y,20y,true,null,0.01393445,null,2026-05-13T16:30:06.197Z,null,0,null,Act/360,SHB,CNY,MODFOLLOWING,CreditSpread,7200,null,3738,7065886,1,3,3427,2026-04-30,2026-05-01T09:42:01.27Z,2026-05-14,2026-05-14T13:17:15.473Z,vcurvealmcorprates.csv,gwam_dev_ds.inv_ga_typed.alm_curvealmcorprates | Slice: 2026-04-08 09:15:18.790000 to 2026-05-13 16:45:47.950000,ADB,2026-05-15T09:01:25.000424Z
2026-05-13,CNY_Public_BB-,EOD,ALM,AggregatedSpread,Bond,2y.CNY_Public_BB-,2y,2y,true,null,0.01219881,null,2026-05-13T16:30:06.197Z,null,0,null,Act/360,SHB,CNY,MODFOLLOWING,CreditSpread,720,null,3948,7065886,1,3,3427,2026-04-30,2026-05-01T09:42:01.27Z,2026-05-14,2026-05-14T13:17:15.473Z,vcurvealmcorprates.csv,gwam_dev_ds.inv_ga_typed.alm_curvealmcorprates | Slice: 2026-04-08 09:15:18.790000 to 2026-05-13 16:45:47.950000,ADB,2026-05-15T09:01:25.000424Z
2026-05-13,CNY_Public_BB-,EOD,ALM,AggregatedSpread,Bond,30y.CNY_Public_BB-,30y,30y,true,null,0.01393445,null,2026-05-13T16:30:06.197Z,null,0,null,Act/360,SHB,CNY,MODFOLLOWING,CreditSpread,10800,null,4147,7065886,1,3,3427,2026-04-30,2026-05-01T09:42:01.27Z,2026-05-14,2026-05-14T13:17:15.473Z,vcurvealmcorprates.csv,gwam_dev_ds.inv_ga_typed.alm_curvealmcorprates | Slice: 2026-04-08 09:15:18.790000 to 2026-05-13 16:45:47.950000,ADB,2026-05-15T09:01:25.000424Z
2026-05-13,CNY_Public_BB-,EOD,ALM,AggregatedSpread,Cash,3m.CNY_Public_BB-,3m,3m,true,null,0.01209495,null,2026-05-13T16:30:06.197Z,null,0,null,Act/360,SHB,CNY,MODFOLLOWING,CreditSpread,90,null,4346,7065886,1,3,3427,2026-04-30,2026-05-01T09:42:01.27Z,2026-05-14,2026-05-14T13:17:15.473Z,vcurvealmcorprates.csv,gwam_dev_ds.inv_ga_typed.alm_curvealmcorprates | Slice: 2026-04-08 09:15:18.790000 to 2026-05-13 16:45:47.950000,ADB,2026-05-15T09:01:25.000424Z
2026-05-13,CNY_Public_BB-,EOD,ALM,AggregatedSpread,Bond,3y.CNY_Public_BB-,3y,3y,true,null,0.01229833,null,2026-05-13T16:30:06.197Z,null,0,null,Act/360,SHB,CNY,MODFOLLOWING,CreditSpread,1080,null,4545,7065886,1,3,3427,2026-04-30,2026-05-01T09:42:01.27Z,2026-05-14,2026-05-14T13:17:15.473Z,vcurvealmcorprates.csv,gwam_dev_ds.inv_ga_typed.alm_curvealmcorprates | Slice: 2026-04-08 09:15:18.790000 to 2026-05-13 16:45:47.950000,ADB,2026-05-15T09:01:25.000424Z
2026-05-13,CNY_Public_BB-,EOD,ALM,AggregatedSpread,Bond,5y.CNY_Public_BB-,5y,5y,true,null,0.01253484,null,2026-05-13T16:30:06.197Z,null,0,null,Act/360,SHB,CNY,MODFOLLOWING,CreditSpread,1800,null,4753,7065886,1,3,3427,2026-04-30,2026-05-01T09:42:01.27Z,2026-05-14,2026-05-14T13:17:15.473Z,vcurvealmcorprates.csv,gwam_dev_ds.inv_ga_typed.alm_curvealmcorprates | Slice: 2026-04-08 09:15:18.790000 to 2026-05-13 16:45:47.950000,ADB,2026-05-15T09:01:25.000424Z
2026-05-13,CNY_Public_BB-,EOD,ALM,AggregatedSpread,Cash,6m.CNY_Public_BB-,6m,6m,true,null,0.01209495,null,2026-05-13T16:30:06.197Z,null,0,null,Act/360,SHB,CNY,MODFOLLOWING,CreditSpread,180,null,4952,7065886,1,3,3427,2026-04-30,2026-05-01T09:42:01.27Z,2026-05-14,2026-05-14T13:17:15.473Z,vcurvealmcorprates.csv,gwam_dev_ds.inv_ga_typed.alm_curvealmcorprates | Slice: 2026-04-08 09:15:18.790000 to 2026-05-13 16:45:47.950000,ADB,2026-05-15T09:01:25.000424Z
2026-05-13,CNY_Public_BB-,EOD,ALM,AggregatedSpread,Bond,7y.CNY_Public_BB-,7y,7y,true,null,0.01290558,null,2026-05-13T16:30:06.197Z,null,0,null,Act/360,SHB,CNY,MODFOLLOWING,CreditSpread,2520,null,5155,7065886,1,3,3427,2026-04-30,2026-05-01T09:42:01.27Z,2026-05-14,2026-05-14T13:17:15.473Z,vcurvealmcorprates.csv,gwam_dev_ds.inv_ga_typed.alm_curvealmcorprates | Slice: 2026-04-08 09:15:18.790000 to 2026-05-13 16:45:47.950000,ADB,2026-05-15T09:01:25.000424Z
2026-05-13,PHP_Public_BB,EOD,ALM,AggregatedSpread,Bond,10y.PHP_Public_BB,10y,10y,true,null,0.00500000,null,2026-05-13T16:30:06.197Z,null,0,null,Act/360,MNB,PHP,MODFOLLOWING,CreditSpread,3600,null,3407,7065993,1,3,3519,2026-04-30,2026-05-01T10:22:33.253Z,2026-05-14,2026-05-14T13:17:15.473Z,vcurvealmcorprates.csv,gwam_dev_ds.inv_ga_typed.alm_curvealmcorprates | Slice: 2026-04-08 09:15:18.790000 to 2026-05-13 16:45:47.950000,ADB,2026-05-15T09:01:25.000424Z
2026-05-13,PHP_Public_BB,EOD,ALM,AggregatedSpread,Bond,1y.PHP_Public_BB,1y,1y,true,null,0.00500000,null,2026-05-13T16:30:06.197Z,null,0,null,Act/360,MNB,PHP,MODFOLLOWING,CreditSpread,360,null,3638,7065993,1,3,3519,2026-04-30,2026-05-01T10:22:33.253Z,2026-05-14,2026-05-14T13:17:15.473Z,vcurvealmcorprates.csv,gwam_dev_ds.inv_ga_typed.alm_curvealmcorprates | Slice: 2026-04-08 09:15:18.790000 to 2026-05-13 16:45:47.950000,ADB,2026-05-15T09:01:25.000424Z
2026-05-13,PHP_Public_BB,EOD,ALM,AggregatedSpread,Bond,20y.PHP_Public_BB,20y,20y,true,null,0.00500000,null,2026-05-13T16:30:06.197Z,null,0,null,Act/360,MNB,PHP,MODFOLLOWING,CreditSpread,7200,null,3838,7065993,1,3,3519,2026-04-30,2026-05-01T10:22:33.253Z,2026-05-14,2026-05-14T13:17:15.473Z,vcurvealmcorprates.csv,gwam_dev_ds.inv_ga_typed.alm_curvealmcorprates | Slice: 2026-04-08 09:15:18.790000 to 2026-05-13 16:45:47.950000,ADB,2026-05-15T09:01:25.000424Z
2026-05-13,PHP_Public_BB,EOD,ALM,AggregatedSpread,Bond,2y.PHP_Public_BB,2y,2y,true,null,0.00500000,null,2026-05-13T16:30:06.197Z,null,0,null,Act/360,MNB,PHP,MODFOLLOWING,CreditSpread,720,null,4048,7065993,1,3,3519,2026-04-30,2026-05-01T10:22:33.253Z,2026-05-14,2026-05-14T13:17:15.473Z,vcurvealmcorprates.csv,gwam_dev_ds.inv_ga_typed.alm_curvealmcorprates | Slice: 2026-04-08 09:15:18.790000 to 2026-05-13 16:45:47.950000,ADB,2026-05-15T09:01:25.000424Z
2026-05-13,PHP_Public_BB,EOD,ALM,AggregatedSpread,Bond,30y.PHP_Public_BB,30y,30y,true,null,0.00500000,null,2026-05-13T16:30:06.197Z,null,0,null,Act/360,MNB,PHP,MODFOLLOWING,CreditSpread,10800,null,4247,7065993,1,3,3519,2026-04-30,2026-05-01T10:22:33.253Z,2026-05-14,2026-05-14T13:17:15.473Z,vcurvealmcorprates.csv,gwam_dev_ds.inv_ga_typed.alm_curvealmcorprates | Slice: 2026-04-08 09:15:18.790000 to 2026-05-13 16:45:47.950000,ADB,2026-05-15T09:01:25.000424Z
2026-05-13,PHP_Public_BB,EOD,ALM,AggregatedSpread,Cash,3m.PHP_Public_BB,3m,3m,true,null,0.00500000,null,2026-05-13T16:30:06.197Z,null,0,null,Act/360,MNB,PHP,MODFOLLOWING,CreditSpread,90,null,4446,7065993,1,3,3519,2026-04-30,2026-05-01T10:22:33.253Z,2026-05-14,2026-05-14T13:17:15.473Z,vcurvealmcorprates.csv,gwam_dev_ds.inv_ga_typed.alm_curvealmcorprates | Slice: 2026-04-08 09:15:18.790000 to 2026-05-13 16:45:47.950000,ADB,2026-05-15T09:01:25.000424Z
2026-05-13,PHP_Public_BB,EOD,ALM,AggregatedSpread,Bond,3y.PHP_Public_BB,3y,3y,true,null,0.00500000,null,2026-05-13T16:30:06.197Z,null,0,null,Act/360,MNB,PHP,MODFOLLOWING,CreditSpread,1080,null,4645,7065993,1,3,3519,2026-04-30,2026-05-01T10:22:33.253Z,2026-05-14,2026-05-14T13:17:15.473Z,vcurvealmcorprates.csv,gwam_dev_ds.inv_ga_typed.alm_curvealmcorprates | Slice: 2026-04-08 09:15:18.790000 to 2026-05-13 16:45:47.950000,ADB,2026-05-15T09:01:25.000424Z
2026-05-13,PHP_Public_BB,EOD,ALM,AggregatedSpread,Bond,5y.PHP_Public_BB,5y,5y,true,null,0.00500000,null,2026-05-13T16:30:06.197Z,null,0,null,Act/360,MNB,PHP,MODFOLLOWING,CreditSpread,1800,null,4853,7065993,1,3,3519,2026-04-30,2026-05-01T10:22:33.253Z,2026-05-14,2026-05-14T13:17:15.473Z,vcurvealmcorprates.csv,gwam_dev_ds.inv_ga_typed.alm_curvealmcorprates | Slice: 2026-04-08 09:15:18.790000 to 2026-05-13 16:45:47.950000,ADB,2026-05-15T09:01:25.000424Z
2026-05-13,PHP_Public_BB,EOD,ALM,AggregatedSpread,Cash,6m.PHP_Public_BB,6m,6m,true,null,0.00500000,null,2026-05-13T16:30:06.197Z,null,0,null,Act/360,MNB,PHP,MODFOLLOWING,CreditSpread,180,null,5052,7065993,1,3,3519,2026-04-30,2026-05-01T10:22:33.253Z,2026-05-14,2026-05-14T13:17:15.473Z,vcurvealmcorprates.csv,gwam_dev_ds.inv_ga_typed.alm_curvealmcorprates | Slice: 2026-04-08 09:15:18.790000 to 2026-05-13 16:45:47.950000,ADB,2026-05-15T09:01:25.000424Z
2026-05-13,PHP_Public_BB,EOD,ALM,AggregatedSpread,Bond,7y.PHP_Public_BB,7y,7y,true,null,0.00500000,null,2026-05-13T16:30:06.197Z,null,0,null,Act/360,MNB,PHP,MODFOLLOWING,CreditSpread,2520,null,5255,7065993,1,3,3519,2026-04-30,2026-05-01T10:22:33.253Z,2026-05-14,2026-05-14T13:17:15.473Z,vcurvealmcorprates.csv,gwam_dev_ds.inv_ga_typed.alm_curvealmcorprates | Slice: 2026-04-08 09:15:18.790000 to 2026-05-13 16:45:47.950000,ADB,2026-05-15T09:01:25.000424Z
2026-05-13,CAD_Public_A+,EOD,ALM,AggregatedSpread,Cash,3m.CAD_Public_A,3m,3m,true,null,0.00528808,null,2026-05-13T16:30:06.197Z,null,0,Annual,Act/365,TRB,CAD,MODFOLLOWING,CreditSpread,90,null,1028,7068845,1,3,9532,2026-05-01,2026-05-04T11:10:02.387Z,2026-05-14,2026-05-14T13:17:15.473Z,vcurvealmcorprates.csv,gwam_dev_ds.inv_ga_typed.alm_curvealmcorprates | Slice: 2026-04-08 09:15:18.790000 to 2026-05-13 16:45:47.950000,ADB,2026-05-15T09:01:25.000424Z
2026-05-13,CAD_Public_A+,EOD,ALM,AggregatedSpread,Bond,2y.CAD_Public_A,2y,2y,true,null,0.00549083,null,2026-05-13T16:30:06.197Z,null,1,Semi Annual,Act/Act,TRB,CAD,MODFOLLOWING,CreditSpread,720,null,1031,7068845,1,3,9532,2026-05-01,2026-05-04T11:10:02.387Z,2026-05-14,2026-05-14T13:17:15.473Z,vcurvealmcorprates.csv,gwam_dev_ds.inv_ga_typed.alm_curvealmcorprates | Slice: 2026-04-08 09:15:18.790000 to 2026-05-13 16:45:47.950000,ADB,2026-05-15T09:01:25.000424Z
2026-05-13,CAD_Public_A+,EOD,ALM,AggregatedSpread,Bond,3y.CAD_Public_A,3y,3y,true,null,0.00587636,null,2026-05-13T16:30:06.197Z,null,1,Semi Annual,Act/Act,TRB,CAD,MODFOLLOWING,CreditSpread,1080,null,1032,7068845,1,3,9532,2026-05-01,2026-05-04T11:10:02.387Z,2026-05-14,2026-05-14T13:17:15.473Z,vcurvealmcorprates.csv,gwam_dev_ds.inv_ga_typed.alm_curvealmcorprates | Slice: 2026-04-08 09:15:18.790000 to 2026-05-13 16:45:47.950000,ADB,2026-05-15T09:01:25.000424Z
2026-05-13,CAD_Public_A+,EOD,ALM,AggregatedSpread,Bond,5y.CAD_Public_A,5y,5y,true,null,0.00681867,null,2026-05-13T16:30:06.197Z,null,1,Semi Annual,Act/Act,TRB,CAD,MODFOLLOWING,CreditSpread,1800,null,1033,7068845,1,3,9532,2026-05-01,2026-05-04T11:10:02.387Z,2026-05-14,2026-05-14T13:17:15.473Z,vcurvealmcorprates.csv,gwam_dev_ds.inv_ga_typed.alm_curvealmcorprates | Slice: 2026-04-08 09:15:18.790000 to 2026-05-13 16:45:47.950000,ADB,2026-05-15T09:01:25.000424Z
2026-05-13,CAD_Public_A+,EOD,ALM,AggregatedSpread,Bond,7y.CAD_Public_A,7y,7y,true,null,0.00766385,null,2026-05-13T16:30:06.197Z,null,1,Semi Annual,Act/Act,TRB,CAD,MODFOLLOWING,CreditSpread,2520,null,1034,7068845,1,3,9532,2026-05-01,2026-05-04T11:10:02.387Z,2026-05-14,2026-05-14T13:17:15.473Z,vcurvealmcorprates.csv,gwam_dev_ds.inv_ga_typed.alm_curvealmcorprates | Slice: 2026-04-08 09:15:18.790000 to 2026-05-13 16:45:47.950000,ADB,2026-05-15T09:01:25.000424Z
2026-05-13,CAD_Public_A+,EOD,ALM,AggregatedSpread,Bond,10y.CAD_Public_A,10y,10y,true,null,0.00870017,null,2026-05-13T16:30:06.197Z,null,1,Semi Annual,Act/Act,TRB,CAD,MODFOLLOWING,CreditSpread,3600,null,1035,7068845,1,3,9532,2026-05-01,2026-05-04T11:10:02.387Z,2026-05-14,2026-05-14T13:17:15.473Z,vcurvealmcorprates.csv,gwam_dev_ds.inv_ga_typed.alm_curvealmcorprates | Slice: 2026-04-08 09:15:18.790000 to 2026-05-13 16:45:47.950000,ADB,2026-05-15T09:01:25.000424Z
2026-05-13,CAD_Public_A+,EOD,ALM,AggregatedSpread,Bond,20y.CAD_Public_A,20y,20y,true,null,0.01055654,null,2026-05-13T16:30:06.197Z,null,1,Semi Annual,Act/Act,TRB,CAD,MODFOLLOWING,CreditSpread,7200,null,1036,7068845,1,3,9532,2026-05-01,2026-05-04T11:10:02.387Z,2026-05-14,2026-05-14T13:17:15.473Z,vcurvealmcorprates.csv,gwam_dev_ds.inv_ga_typed.alm_curvealmcorprates | Slice: 2026-04-08 09:15:18.790000 to 2026-05-13 16:45:47.950000,ADB,2026-05-15T09:01:25.000424Z
2026-05-13,CAD_Public_A+,EOD,ALM,AggregatedSpread,Bond,30y.CAD_Public_A,30y,30y,true,null,0.01011946,null,2026-05-13T16:30:06.197Z,null,1,Semi Annual,Act/Act,TRB,CAD,MODFOLLOWING,CreditSpread,10800,null,1037,7068845,1,3,9532,2026-05-01,2026-05-04T11:10:02.387Z,2026-05-14,2026-05-14T13:17:15.473Z,vcurvealmcorprates.csv,gwam_dev_ds.inv_ga_typed.alm_curvealmcorprates | Slice: 2026-04-08 09:15:18.790000 to 2026-05-13 16:45:47.950000,ADB,2026-05-15T09:01:25.000424Z
2026-05-13,AUD_Public_AA-,EOD,ALM,AggregatedSpread,Cash,3m.AUD_Public_AA-,3m,3m,true,null,0.00664307,null,2026-05-13T16:30:06.197Z,null,0,null,Act/360,SYB,AUD,MODFOLLOWING,CreditSpread,90,null,8784,7072874,1,3,9824,2026-05-05,2026-05-06T09:54:02.3Z,2026-05-14,2026-05-14T13:17:15.473Z,vcurvealmcorprates.csv,gwam_dev_ds.inv_ga_typed.alm_curvealmcorprates | Slice: 2026-04-08 09:15:18.790000 to 2026-05-13 16:45:47.950000,ADB,2026-05-15T09:01:25.000424Z
2026-05-13,AUD_Public_AA-,EOD,ALM,AggregatedSpread,Cash,6m.AUD_Public_AA-,6m,6m,true,null,0.00664307,null,2026-05-13T16:30:06.197Z,null,0,null,Act/360,SYB,AUD,MODFOLLOWING,CreditSpread,180,null,8785,7072874,1,3,9824,2026-05-05,2026-05-06T09:54:02.3Z,2026-05-14,2026-05-14T13:17:15.473Z,vcurvealmcorprates.csv,gwam_dev_ds.inv_ga_typed.alm_curvealmcorprates | Slice: 2026-04-08 09:15:18.790000 to 2026-05-13 16:45:47.950000,ADB,2026-05-15T09:01:25.000424Z
2026-05-13,AUD_Public_AA-,EOD,ALM,AggregatedSpread,Bond,1y.AUD_Public_AA-,1y,1y,true,null,0.00664307,null,2026-05-13T16:30:06.197Z,null,0,null,Act/360,SYB,AUD,MODFOLLOWING,CreditSpread,360,null,8786,7072874,1,3,9824,2026-05-05,2026-05-06T09:54:02.3Z,2026-05-14,2026-05-14T13:17:15.473Z,vcurvealmcorprates.csv,gwam_dev_ds.inv_ga_typed.alm_curvealmcorprates | Slice: 2026-04-08 09:15:18.790000 to 2026-05-13 16:45:47.950000,ADB,2026-05-15T09:01:25.000424Z
2026-05-13,AUD_Public_AA-,EOD,ALM,AggregatedSpread,Bond,2y.AUD_Public_AA-,2y,2y,true,null,0.00664209,null,2026-05-13T16:30:06.197Z,null,0,null,Act/360,SYB,AUD,MODFOLLOWING,CreditSpread,720,null,8787,7072874,1,3,9824,2026-05-05,2026-05-06T09:54:02.3Z,2026-05-14,2026-05-14T13:17:15.473Z,vcurvealmcorprates.csv,gwam_dev_ds.inv_ga_typed.alm_curvealmcorprates | Slice: 2026-04-08 09:15:18.790000 to 2026-05-13 16:45:47.950000,ADB,2026-05-15T09:01:25.000424Z
2026-05-13,AUD_Public_AA-,EOD,ALM,AggregatedSpread,Bond,3y.AUD_Public_AA-,3y,3y,true,null,0.00669345,null,2026-05-13T16:30:06.197Z,null,0,null,Act/360,SYB,AUD,MODFOLLOWING,CreditSpread,1080,null,8788,7072874,1,3,9824,2026-05-05,2026-05-06T09:54:02.3Z,2026-05-14,2026-05-14T13:17:15.473Z,vcurvealmcorprates.csv,gwam_dev_ds.inv_ga_typed.alm_curvealmcorprates | Slice: 2026-04-08 09:15:18.790000 to 2026-05-13 16:45:47.950000,ADB,2026-05-15T09:01:25.000424Z
2026-05-13,AUD_Public_AA-,EOD,ALM,AggregatedSpread,Bond,5y.AUD_Public_AA-,5y,5y,true,null,0.00692946,null,2026-05-13T16:30:06.197Z,null,0,null,Act/360,SYB,AUD,MODFOLLOWING,CreditSpread,1800,null,8789,7072874,1,3,9824,2026-05-05,2026-05-06T09:54:02.3Z,2026-05-14,2026-05-14T13:17:15.473Z,vcurvealmcorprates.csv,gwam_dev_ds.inv_ga_typed.alm_curvealmcorprates | Slice: 2026-04-08 09:15:18.790000 to 2026-05-13 16:45:47.950000,ADB,2026-05-15T09:01:25.000424Z
2026-05-13,AUD_Public_AA-,EOD,ALM,AggregatedSpread,Bond,7y.AUD_Public_AA-,7y,7y,true,null,0.00730467,null,2026-05-13T16:30:06.197Z,null,0,null,Act/360,SYB,AUD,MODFOLLOWING,CreditSpread,2520,null,8790,7072874,1,3,9824,2026-05-05,2026-05-06T09:54:02.3Z,2026-05-14,2026-05-14T13:17:15.473Z,vcurvealmcorprates.csv,gwam_dev_ds.inv_ga_typed.alm_curvealmcorprates | Slice: 2026-04-08 09:15:18.790000 to 2026-05-13 16:45:47.950000,ADB,2026-05-15T09:01:25.000424Z
2026-05-13,IDR_Public_BB-,EOD,ALM,AggregatedSpread,Bond,10y.IDR_Public_BB-,10y,10y,true,null,0.01520000,null,2026-05-13T16:30:06.197Z,null,0,null,Act/360,JAB,IDR,MODFOLLOWING,CreditSpread,3600,null,3370,7065965,1,3,3487,2026-04-30,2026-05-01T10:22:10.877Z,2026-05-14,2026-05-14T13:17:15.473Z,vcurvealmcorprates.csv,gwam_dev_ds.inv_ga_typed.alm_curvealmcorprates | Slice: 2026-04-08 09:15:18.790000 to 2026-05-13 16:45:47.950000,ADB,2026-05-15T09:01:25.000424Z
2026-05-13,IDR_Public_BB-,EOD,ALM,AggregatedSpread,Bond,1y.IDR_Public_BB-,1y,1y,true,null,0.01520000,null,2026-05-13T16:30:06.197Z,null,0,null,Act/360,JAB,IDR,MODFOLLOWING,CreditSpread,360,null,3602,7065965,1,3,3487,2026-04-30,2026-05-01T10:22:10.877Z,2026-05-14,2026-05-14T13:17:15.473Z,vcurvealmcorprates.csv,gwam_dev_ds.inv_ga_typed.alm_curvealmcorprates | Slice: 2026-04-08 09:15:18.790000 to 2026-05-13 16:45:47.950000,ADB,2026-05-15T09:01:25.000424Z
2026-05-13,IDR_Public_BB-,EOD,ALM,AggregatedSpread,Bond,20y.IDR_Public_BB-,20y,20y,true,null,0.01520000,null,2026-05-13T16:30:06.197Z,null,0,null,Act/360,JAB,IDR,MODFOLLOWING,CreditSpread,7200,null,3801,7065965,1,3,3487,2026-04-30,2026-05-01T10:22:10.877Z,2026-05-14,2026-05-14T13:17:15.473Z,vcurvealmcorprates.csv,gwam_dev_ds.inv_ga_typed.alm_curvealmcorprates | Slice: 2026-04-08 09:15:18.790000 to 2026-05-13 16:45:47.950000,ADB,2026-05-15T09:01:25.000424Z
2026-05-13,IDR_Public_BB-,EOD,ALM,AggregatedSpread,Bond,2y.IDR_Public_BB-,2y,2y,true,null,0.01520000,null,2026-05-13T16:30:06.197Z,null,0,null,Act/360,JAB,IDR,MODFOLLOWING,CreditSpread,720,null,4011,7065965,1,3,3487,2026-04-30,2026-05-01T10:22:10.877Z,2026-05-14,2026-05-14T13:17:15.473Z,vcurvealmcorprates.csv,gwam_dev_ds.inv_ga_typed.alm_curvealmcorprates | Slice: 2026-04-08 09:15:18.790000 to 2026-05-13 16:45:47.950000,ADB,2026-05-15T09:01:25.000424Z
2026-05-13,IDR_Public_BB-,EOD,ALM,AggregatedSpread,Bond,30y.IDR_Public_BB-,30y,30y,true,null,0.01520000,null,2026-05-13T16:30:06.197Z,null,0,null,Act/360,JAB,IDR,MODFOLLOWING,CreditSpread,10800,null,4210,7065965,1,3,3487,2026-04-30,2026-05-01T10:22:10.877Z,2026-05-14,2026-05-14T13:17:15.473Z,vcurvealmcorprates.csv,gwam_dev_ds.inv_ga_typed.alm_curvealmcorprates | Slice: 2026-04-08 09:15:18.790000 to 2026-05-13 16:45:47.950000,ADB,2026-05-15T09:01:25.000424Z
2026-05-13,IDR_Public_BB-,EOD,ALM,AggregatedSpread,Cash,3m.IDR_Public_BB-,3m,3m,true,null,0.01520000,null,2026-05-13T16:30:06.197Z,null,0,null,Act/360,JAB,IDR,MODFOLLOWING,CreditSpread,90,null,4409,7065965,1,3,3487,2026-04-30,2026-05-01T10:22:10.877Z,2026-05-14,2026-05-14T13:17:15.473Z,vcurvealmcorprates.csv,gwam_dev_ds.inv_ga_typed.alm_curvealmcorprates | Slice: 2026-04-08 09:15:18.790000 to 2026-05-13 16:45:47.950000,ADB,2026-05-15T09:01:25.000424Z
2026-05-13,IDR_Public_BB-,EOD,ALM,AggregatedSpread,Bond,3y.IDR_Public_BB-,3y,3y,true,null,0.01520000,null,2026-05-13T16:30:06.197Z,null,0,null,Act/360,JAB,IDR,MODFOLLOWING,CreditSpread,1080,null,4608,7065965,1,3,3487,2026-04-30,2026-05-01T10:22:10.877Z,2026-05-14,2026-05-14T13:17:15.473Z,vcurvealmcorprates.csv,gwam_dev_ds.inv_ga_typed.alm_curvealmcorprates | Slice: 2026-04-08 09:15:18.790000 to 2026-05-13 16:45:47.950000,ADB,2026-05-15T09:01:25.000424Z
2026-05-13,IDR_Public_BB-,EOD,ALM,AggregatedSpread,Bond,5y.IDR_Public_BB-,5y,5y,true,null,0.01520000,null,2026-05-13T16:30:06.197Z,null,0,null,Act/360,JAB,IDR,MODFOLLOWING,CreditSpread,1800,null,4816,7065965,1,3,3487,2026-04-30,2026-05-01T10:22:10.877Z,2026-05-14,2026-05-14T13:17:15.473Z,vcurvealmcorprates.csv,gwam_dev_ds.inv_ga_typed.alm_curvealmcorprates | Slice: 2026-04-08 09:15:18.790000 to 2026-05-13 16:45:47.950000,ADB,2026-05-15T09:01:25.000424Z
2026-05-13,IDR_Public_BB-,EOD,ALM,AggregatedSpread,Cash,6m.IDR_Public_BB-,6m,6m,true,null,0.01520000,null,2026-05-13T16:30:06.197Z,null,0,null,Act/360,JAB,IDR,MODFOLLOWING,CreditSpread,180,null,5015,7065965,1,3,3487,2026-04-30,2026-05-01T10:22:10.877Z,2026-05-14,2026-05-14T13:17:15.473Z,vcurvealmcorprates.csv,gwam_dev_ds.inv_ga_typed.alm_curvealmcorprates | Slice: 2026-04-08 09:15:18.790000 to 2026-05-13 16:45:47.950000,ADB,2026-05-15T09:01:25.000424Z
2026-05-13,IDR_Public_BB-,EOD,ALM,AggregatedSpread,Bond,7y.IDR_Public_BB-,7y,7y,true,null,0.01520000,null,2026-05-13T16:30:06.197Z,null,0,null,Act/360,JAB,IDR,MODFOLLOWING,CreditSpread,2520,null,5218,7065965,1,3,3487,2026-04-30,2026-05-01T10:22:10.877Z,2026-05-14,2026-05-14T13:17:15.473Z,vcurvealmcorprates.csv,gwam_dev_ds.inv_ga_typed.alm_curvealmcorprates | Slice: 2026-04-08 09:15:18.790000 to 2026-05-13 16:45:47.950000,ADB,2026-05-15T09:01:25.000424Z
2026-05-13,CAD_Public_BBB,EOD,ALM,AggregatedSpread,Cash,3m.CAD_Public_BBB,3m,3m,true,null,0.00660730,null,2026-05-13T16:30:06.197Z,null,0,Annual,Act/365,TRB,CAD,MODFOLLOWING,CreditSpread,90,null,1078,7068840,1,3,73,2026-05-01,2026-05-04T11:10:02.387Z,2026-05-14,2026-05-14T13:17:15.473Z,vcurvealmcorprates.csv,gwam_dev_ds.inv_ga_typed.alm_curvealmcorprates | Slice: 2026-04-08 09:15:18.790000 to 2026-05-13 16:45:47.950000,ADB,2026-05-15T09:01:25.000424Z
2026-05-13,CAD_Public_BBB,EOD,ALM,AggregatedSpread,Cash,6m.CAD_Public_BBB,6m,6m,true,null,0.00660730,null,2026-05-13T16:30:06.197Z,null,0,Annual,Act/365,TRB,CAD,MODFOLLOWING,CreditSpread,180,null,1079,7068840,1,3,73,2026-05-01,2026-05-04T11:10:02.387Z,2026-05-14,2026-05-14T13:17:15.473Z,vcurvealmcorprates.csv,gwam_dev_ds.inv_ga_typed.alm_curvealmcorprates | Slice: 2026-04-08 09:15:18.790000 to 2026-05-13 16:45:47.950000,ADB,2026-05-15T09:01:25.000424Z
2026-05-13,CAD_Public_BBB,EOD,ALM,AggregatedSpread,Cash,1y.CAD_Public_BBB,1y,1y,true,null,0.00660730,null,2026-05-13T16:30:06.197Z,null,0,Annual,Act/365,TRB,CAD,MODFOLLOWING,CreditSpread,360,null,1080,7068840,1,3,73,2026-05-01,2026-05-04T11:10:02.387Z,2026-05-14,2026-05-14T13:17:15.473Z,vcurvealmcorprates.csv,gwam_dev_ds.inv_ga_typed.alm_curvealmcorprates | Slice: 2026-04-08 09:15:18.790000 to 2026-05-13 16:45:47.950000,ADB,2026-05-15T09:01:25.000424Z
2026-05-13,CAD_Public_BBB,EOD,ALM,AggregatedSpread,Bond,2y.CAD_Public_BBB,2y,2y,true,null,0.00749838,null,2026-05-13T16:30:06.197Z,null,1,Semi Annual,Act/Act,TRB,CAD,MODFOLLOWING,CreditSpread,720,null,1081,7068840,1,3,73,2026-05-01,2026-05-04T11:10:02.387Z,2026-05-14,2026-05-14T13:17:15.473Z,vcurvealmcorprates.csv,gwam_dev_ds.inv_ga_typed.alm_curvealmcorprates | Slice: 2026-04-08 09:15:18.790000 to 2026-05-13 16:45:47.950000,ADB,2026-05-15T09:01:25.000424Z
2026-05-13,CAD_Public_BBB,EOD,ALM,AggregatedSpread,Bond,3y.CAD_Public_BBB,3y,3y,true,null,0.00821453,null,2026-05-13T16:30:06.197Z,null,1,Semi Annual,Act/Act,TRB,CAD,MODFOLLOWING,CreditSpread,1080,null,1082,7068840,1,3,73,2026-05-01,2026-05-04T11:10:02.387Z,2026-05-14,2026-05-14T13:17:15.473Z,vcurvealmcorprates.csv,gwam_dev_ds.inv_ga_typed.alm_curvealmcorprates | Slice: 2026-04-08 09:15:18.790000 to 2026-05-13 16:45:47.950000,ADB,2026-05-15T09:01:25.000424Z
2026-05-13,CAD_Public_BBB,EOD,ALM,AggregatedSpread,Bond,5y.CAD_Public_BBB,5y,5y,true,null,0.00941737,null,2026-05-13T16:30:06.197Z,null,1,Semi Annual,Act/Act,TRB,CAD,MODFOLLOWING,CreditSpread,1800,null,1083,7068840,1,3,73,2026-05-01,2026-05-04T11:10:02.387Z,2026-05-14,2026-05-14T13:17:15.473Z,vcurvealmcorprates.csv,gwam_dev_ds.inv_ga_typed.alm_curvealmcorprates | Slice: 2026-04-08 09:15:18.790000 to 2026-05-13 16:45:47.950000,ADB,2026-05-15T09:01:25.000424Z
2026-05-13,CAD_Public_BBB,EOD,ALM,AggregatedSpread,Bond,7y.CAD_Public_BBB,7y,7y,true,null,0.01043578,null,2026-05-13T16:30:06.197Z,null,1,Semi Annual,Act/Act,TRB,CAD,MODFOLLOWING,CreditSpread,2520,null,1084,7068840,1,3,73,2026-05-01,2026-05-04T11:10:02.387Z,2026-05-14,2026-05-14T13:17:15.473Z,vcurvealmcorprates.csv,gwam_dev_ds.inv_ga_typed.alm_curvealmcorprates | Slice: 2026-04-08 09:15:18.790000 to 2026-05-13 16:45:47.950000,ADB,2026-05-15T09:01:25.000424Z
2026-05-13,CAD_Public_BBB,EOD,ALM,AggregatedSpread,Bond,10y.CAD_Public_BBB,10y,10y,true,null,0.01171629,null,2026-05-13T16:30:06.197Z,null,1,Semi Annual,Act/Act,TRB,CAD,MODFOLLOWING,CreditSpread,3600,null,1085,7068840,1,3,73,2026-05-01,2026-05-04T11:10:02.387Z,2026-05-14,2026-05-14T13:17:15.473Z,vcurvealmcorprates.csv,gwam_dev_ds.inv_ga_typed.alm_curvealmcorprates | Slice: 2026-04-08 09:15:18.790000 to 2026-05-13 16:45:47.950000,ADB,2026-05-15T09:01:25.000424Z
2026-05-13,CAD_Public_BBB,EOD,ALM,AggregatedSpread,Bond,20y.CAD_Public_BBB,20y,20y,true,null,0.01318693,null,2026-05-13T16:30:06.197Z,null,1,Semi Annual,Act/Act,TRB,CAD,MODFOLLOWING,CreditSpread,7200,null,1086,7068840,1,3,73,2026-05-01,2026-05-04T11:10:02.387Z,2026-05-14,2026-05-14T13:17:15.473Z,vcurvealmcorprates.csv,gwam_dev_ds.inv_ga_typed.alm_curvealmcorprates | Slice: 2026-04-08 09:15:18.790000 to 2026-05-13 16:45:47.950000,ADB,2026-05-15T09:01:25.000424Z
2026-05-13,CAD_Public_BBB,EOD,ALM,AggregatedSpread,Bond,30y.CAD_Public_BBB,30y,30y,true,null,0.01465758,null,2026-05-13T16:30:06.197Z,null,1,Semi Annual,Act/Act,TRB,CAD,MODFOLLOWING,CreditSpread,10800,null,1087,7068840,1,3,73,2026-05-01,2026-05-04T11:10:02.387Z,2026-05-14,2026-05-14T13:17:15.473Z,vcurvealmcorprates.csv,gwam_dev_ds.inv_ga_typed.alm_curvealmcorprates | Slice: 2026-04-08 09:15:18.790000 to 2026-05-13 16:45:47.950000,ADB,2026-05-15T09:01:25.000424Z
2026-05-13,AUD_Public_AA-,EOD,ALM,AggregatedSpread,Bond,10y.AUD_Public_AA-,10y,10y,true,null,0.00802633,null,2026-05-13T16:30:06.197Z,null,0,null,Act/360,SYB,AUD,MODFOLLOWING,CreditSpread,3600,null,8791,7072874,1,3,9824,2026-05-05,2026-05-06T09:54:02.3Z,2026-05-14,2026-05-14T13:17:15.473Z,vcurvealmcorprates.csv,gwam_dev_ds.inv_ga_typed.alm_curvealmcorprates | Slice: 2026-04-08 09:15:18.790000 to 2026-05-13 16:45:47.950000,ADB,2026-05-15T09:01:25.000424Z
2026-05-13,AUD_Public_AA-,EOD,ALM,AggregatedSpread,Bond,20y.AUD_Public_AA-,20y,20y,true,null,0.00802673,null,2026-05-13T16:30:06.197Z,null,0,null,Act/360,SYB,AUD,MODFOLLOWING,CreditSpread,7200,null,8792,7072874,1,3,9824,2026-05-05,2026-05-06T09:54:02.3Z,2026-05-14,2026-05-14T13:17:15.473Z,vcurvealmcorprates.csv,gwam_dev_ds.inv_ga_typed.alm_curvealmcorprates | Slice: 2026-04-08 09:15:18.790000 to 2026-05-13 16:45:47.950000,ADB,2026-05-15T09:01:25.000424Z
2026-05-13,AUD_Public_AA-,EOD,ALM,AggregatedSpread,Bond,30y.AUD_Public_AA-,30y,30y,true,null,0.00802687,null,2026-05-13T16:30:06.197Z,null,0,null,Act/360,SYB,AUD,MODFOLLOWING,CreditSpread,10800,null,8793,7072874,1,3,9824,2026-05-05,2026-05-06T09:54:02.3Z,2026-05-14,2026-05-14T13:17:15.473Z,vcurvealmcorprates.csv,gwam_dev_ds.inv_ga_typed.alm_curvealmcorprates | Slice: 2026-04-08 09:15:18.790000 to 2026-05-13 16:45:47.950000,ADB,2026-05-15T09:01:25.000424Z
2026-05-13,CNY_Public_BBB-,EOD,ALM,AggregatedSpread,Bond,10y.CNY_Public_BBB-,10y,10y,true,null,0.00593445,null,2026-05-13T16:30:06.197Z,null,0,null,Act/360,SHB,CNY,MODFOLLOWING,CreditSpread,3600,null,3310,7065889,1,3,3430,2026-04-30,2026-05-01T09:42:01.27Z,2026-05-14,2026-05-14T13:17:15.473Z,vcurvealmcorprates.csv,gwam_dev_ds.inv_ga_typed.alm_curvealmcorprates | Slice: 2026-04-08 09:15:18.790000 to 2026-05-13 16:45:47.950000,ADB,2026-05-15T09:01:25.000424Z
2026-05-13,CNY_Public_BBB-,EOD,ALM,AggregatedSpread,Bond,1y.CNY_Public_BBB-,1y,1y,true,null,0.00409495,null,2026-05-13T16:30:06.197Z,null,0,null,Act/360,SHB,CNY,MODFOLLOWING,CreditSpread,360,null,3542,7065889,1,3,3430,2026-04-30,2026-05-01T09:42:01.27Z,2026-05-14,2026-05-14T13:17:15.473Z,vcurvealmcorprates.csv,gwam_dev_ds.inv_ga_typed.alm_curvealmcorprates | Slice: 2026-04-08 09:15:18.790000 to 2026-05-13 16:45:47.950000,ADB,2026-05-15T09:01:25.000424Z
2026-05-13,CNY_Public_BBB-,EOD,ALM,AggregatedSpread,Bond,20y.CNY_Public_BBB-,20y,20y,true,null,0.00593445,null,2026-05-13T16:30:06.197Z,null,0,null,Act/360,SHB,CNY,MODFOLLOWING,CreditSpread,7200,null,3741,7065889,1,3,3430,2026-04-30,2026-05-01T09:42:01.27Z,2026-05-14,2026-05-14T13:17:15.473Z,vcurvealmcorprates.csv,gwam_dev_ds.inv_ga_typed.alm_curvealmcorprates | Slice: 2026-04-08 09:15:18.790000 to 2026-05-13 16:45:47.950000,ADB,2026-05-15T09:01:25.000424Z
2026-05-13,CNY_Public_BBB-,EOD,ALM,AggregatedSpread,Bond,2y.CNY_Public_BBB-,2y,2y,true,null,0.00419881,null,2026-05-13T16:30:06.197Z,null,0,null,Act/360,SHB,CNY,MODFOLLOWING,CreditSpread,720,null,3951,7065889,1,3,3430,2026-04-30,2026-05-01T09:42:01.27Z,2026-05-14,2026-05-14T13:17:15.473Z,vcurvealmcorprates.csv,gwam_dev_ds.inv_ga_typed.alm_curvealmcorprates | Slice: 2026-04-08 09:15:18.790000 to 2026-05-13 16:45:47.950000,ADB,2026-05-15T09:01:25.000424Z
2026-05-13,CNY_Public_BBB-,EOD,ALM,AggregatedSpread,Bond,30y.CNY_Public_BBB-,30y,30y,true,null,0.00593445,null,2026-05-13T16:30:06.197Z,null,0,null,Act/360,SHB,CNY,MODFOLLOWING,CreditSpread,10800,null,4150,7065889,1,3,3430,2026-04-30,2026-05-01T09:42:01.27Z,2026-05-14,2026-05-14T13:17:15.473Z,vcurvealmcorprates.csv,gwam_dev_ds.inv_ga_typed.alm_curvealmcorprates | Slice: 2026-04-08 09:15:18.790000 to 2026-05-13 16:45:47.950000,ADB,2026-05-15T09:01:25.000424Z
2026-05-13,CNY_Public_BBB-,EOD,ALM,AggregatedSpread,Cash,3m.CNY_Public_BBB-,3m,3m,true,null,0.00409495,null,2026-05-13T16:30:06.197Z,null,0,null,Act/360,SHB,CNY,MODFOLLOWING,CreditSpread,90,null,4349,7065889,1,3,3430,2026-04-30,2026-05-01T09:42:01.27Z,2026-05-14,2026-05-14T13:17:15.473Z,vcurvealmcorprates.csv,gwam_dev_ds.inv_ga_typed.alm_curvealmcorprates | Slice: 2026-04-08 09:15:18.790000 to 2026-05-13 16:45:47.950000,ADB,2026-05-15T09:01:25.000424Z
2026-05-13,CNY_Public_BBB-,EOD,ALM,AggregatedSpread,Bond,3y.CNY_Public_BBB-,3y,3y,true,null,0.00429833,null,2026-05-13T16:30:06.197Z,null,0,null,Act/360,SHB,CNY,MODFOLLOWING,CreditSpread,1080,null,4548,7065889,1,3,3430,2026-04-30,2026-05-01T09:42:01.27Z,2026-05-14,2026-05-14T13:17:15.473Z,vcurvealmcorprates.csv,gwam_dev_ds.inv_ga_typed.alm_curvealmcorprates | Slice: 2026-04-08 09:15:18.790000 to 2026-05-13 16:45:47.950000,ADB,2026-05-15T09:01:25.000424Z
2026-05-13,CNY_Public_BBB-,EOD,ALM,AggregatedSpread,Bond,5y.CNY_Public_BBB-,5y,5y,true,null,0.00453484,null,2026-05-13T16:30:06.197Z,null,0,null,Act/360,SHB,CNY,MODFOLLOWING,CreditSpread,1800,null,4756,7065889,1,3,3430,2026-04-30,2026-05-01T09:42:01.27Z,2026-05-14,2026-05-14T13:17:15.473Z,vcurvealmcorprates.csv,gwam_dev_ds.inv_ga_typed.alm_curvealmcorprates | Slice: 2026-04-08 09:15:18.790000 to 2026-05-13 16:45:47.950000,ADB,2026-05-15T09:01:25.000424Z
2026-05-13,CNY_Public_BBB-,EOD,ALM,AggregatedSpread,Cash,6m.CNY_Public_BBB-,6m,6m,true,null,0.00409495,null,2026-05-13T16:30:06.197Z,null,0,null,Act/360,SHB,CNY,MODFOLLOWING,CreditSpread,180,null,4955,7065889,1,3,3430,2026-04-30,2026-05-01T09:42:01.27Z,2026-05-14,2026-05-14T13:17:15.473Z,vcurvealmcorprates.csv,gwam_dev_ds.inv_ga_typed.alm_curvealmcorprates | Slice: 2026-04-08 09:15:18.790000 to 2026-05-13 16:45:47.950000,ADB,2026-05-15T09:01:25.000424Z
2026-05-13,CNY_Public_BBB-,EOD,ALM,AggregatedSpread,Bond,7y.CNY_Public_BBB-,7y,7y,true,null,0.00490558,null,2026-05-13T16:30:06.197Z,null,0,null,Act/360,SHB,CNY,MODFOLLOWING,CreditSpread,2520,null,5158,7065889,1,3,3430,2026-04-30,2026-05-01T09:42:01.27Z,2026-05-14,2026-05-14T13:17:15.473Z,vcurvealmcorprates.csv,gwam_dev_ds.inv_ga_typed.alm_curvealmcorprates | Slice: 2026-04-08 09:15:18.790000 to 2026-05-13 16:45:47.950000,ADB,2026-05-15T09:01:25.000424Z
2026-05-13,CAD_Public_BB+,EOD,ALM,AggregatedSpread,Cash,3m.CAD_Public_BB,3m,3m,true,null,0.02592553,null,2026-05-13T16:30:06.197Z,null,0,Annual,Act/365,TRB,CAD,MODFOLLOWING,CreditSpread,90,null,1068,7065939,1,3,9536,2026-04-30,2026-05-01T10:16:05.473Z,2026-05-14,2026-05-14T13:17:15.473Z,vcurvealmcorprates.csv,gwam_dev_ds.inv_ga_typed.alm_curvealmcorprates | Slice: 2026-04-08 09:15:18.790000 to 2026-05-13 16:45:47.950000,ADB,2026-05-15T09:01:25.000424Z
2026-05-13,CAD_Public_BB+,EOD,ALM,AggregatedSpread,Cash,6m.CAD_Public_BB,6m,6m,true,null,0.02592553,null,2026-05-13T16:30:06.197Z,null,0,Annual,Act/365,TRB,CAD,MODFOLLOWING,CreditSpread,180,null,1069,7065939,1,3,9536,2026-04-30,2026-05-01T10:16:05.473Z,2026-05-14,2026-05-14T13:17:15.473Z,vcurvealmcorprates.csv,gwam_dev_ds.inv_ga_typed.alm_curvealmcorprates | Slice: 2026-04-08 09:15:18.790000 to 2026-05-13 16:45:47.950000,ADB,2026-05-15T09:01:25.000424Z
2026-05-13,CAD_Public_BB+,EOD,ALM,AggregatedSpread,Cash,1y.CAD_Public_BB,1y,1y,true,null,0.02592553,null,2026-05-13T16:30:06.197Z,null,0,Annual,Act/365,TRB,CAD,MODFOLLOWING,CreditSpread,360,null,1070,7065939,1,3,9536,2026-04-30,2026-05-01T10:16:05.473Z,2026-05-14,2026-05-14T13:17:15.473Z,vcurvealmcorprates.csv,gwam_dev_ds.inv_ga_typed.alm_curvealmcorprates | Slice: 2026-04-08 09:15:18.790000 to 2026-05-13 16:45:47.950000,ADB,2026-05-15T09:01:25.000424Z
2026-05-13,CAD_Public_BB+,EOD,ALM,AggregatedSpread,Bond,2y.CAD_Public_BB,2y,2y,true,null,0.02231674,null,2026-05-13T16:30:06.197Z,null,1,Semi Annual,Act/Act,TRB,CAD,MODFOLLOWING,CreditSpread,720,null,1071,7065939,1,3,9536,2026-04-30,2026-05-01T10:16:05.473Z,2026-05-14,2026-05-14T13:17:15.473Z,vcurvealmcorprates.csv,gwam_dev_ds.inv_ga_typed.alm_curvealmcorprates | Slice: 2026-04-08 09:15:18.790000 to 2026-05-13 16:45:47.950000,ADB,2026-05-15T09:01:25.000424Z
2026-05-13,CAD_Public_BB+,EOD,ALM,AggregatedSpread,Bond,3y.CAD_Public_BB,3y,3y,true,null,0.02091144,null,2026-05-13T16:30:06.197Z,null,1,Semi Annual,Act/Act,TRB,CAD,MODFOLLOWING,CreditSpread,1080,null,1072,7065939,1,3,9536,2026-04-30,2026-05-01T10:16:05.473Z,2026-05-14,2026-05-14T13:17:15.473Z,vcurvealmcorprates.csv,gwam_dev_ds.inv_ga_typed.alm_curvealmcorprates | Slice: 2026-04-08 09:15:18.790000 to 2026-05-13 16:45:47.950000,ADB,2026-05-15T09:01:25.000424Z
2026-05-13,CAD_Public_BB+,EOD,ALM,AggregatedSpread,Bond,5y.CAD_Public_BB,5y,5y,true,null,0.01887502,null,2026-05-13T16:30:06.197Z,null,1,Semi Annual,Act/Act,TRB,CAD,MODFOLLOWING,CreditSpread,1800,null,1073,7065939,1,3,9536,2026-04-30,2026-05-01T10:16:05.473Z,2026-05-14,2026-05-14T13:17:15.473Z,vcurvealmcorprates.csv,gwam_dev_ds.inv_ga_typed.alm_curvealmcorprates | Slice: 2026-04-08 09:15:18.790000 to 2026-05-13 16:45:47.950000,ADB,2026-05-15T09:01:25.000424Z
2026-05-13,CAD_Public_BB+,EOD,ALM,AggregatedSpread,Bond,7y.CAD_Public_BB,7y,7y,true,null,0.01725667,null,2026-05-13T16:30:06.197Z,null,1,Semi Annual,Act/Act,TRB,CAD,MODFOLLOWING,CreditSpread,2520,null,1074,7065939,1,3,9536,2026-04-30,2026-05-01T10:16:05.473Z,2026-05-14,2026-05-14T13:17:15.473Z,vcurvealmcorprates.csv,gwam_dev_ds.inv_ga_typed.alm_curvealmcorprates | Slice: 2026-04-08 09:15:18.790000 to 2026-05-13 16:45:47.950000,ADB,2026-05-15T09:01:25.000424Z
2026-05-13,CAD_Public_BB+,EOD,ALM,AggregatedSpread,Bond,10y.CAD_Public_BB,10y,10y,true,null,0.01546738,null,2026-05-13T16:30:06.197Z,null,1,Semi Annual,Act/Act,TRB,CAD,MODFOLLOWING,CreditSpread,3600,null,1075,7065939,1,3,9536,2026-04-30,2026-05-01T10:16:05.473Z,2026-05-14,2026-05-14T13:17:15.473Z,vcurvealmcorprates.csv,gwam_dev_ds.inv_ga_typed.alm_curvealmcorprates | Slice: 2026-04-08 09:15:18.790000 to 2026-05-13 16:45:47.950000,ADB,2026-05-15T09:01:25.000424Z
2026-05-13,CAD_Public_BB+,EOD,ALM,AggregatedSpread,Bond,20y.CAD_Public_BB,20y,20y,true,null,0.01324003,null,2026-05-13T16:30:06.197Z,null,1,Semi Annual,Act/Act,TRB,CAD,MODFOLLOWING,CreditSpread,7200,null,1076,7065939,1,3,9536,2026-04-30,2026-05-01T10:16:05.473Z,2026-05-14,2026-05-14T13:17:15.473Z,vcurvealmcorprates.csv,gwam_dev_ds.inv_ga_typed.alm_curvealmcorprates | Slice: 2026-04-08 09:15:18.790000 to 2026-05-13 16:45:47.950000,ADB,2026-05-15T09:01:25.000424Z
2026-05-13,CAD_Public_BB+,EOD,ALM,AggregatedSpread,Bond,30y.CAD_Public_BB,30y,30y,true,null,0.01258189,null,2026-05-13T16:30:06.197Z,null,1,Semi Annual,Act/Act,TRB,CAD,MODFOLLOWING,CreditSpread,10800,null,1077,7065939,1,3,9536,2026-04-30,2026-05-01T10:16:05.473Z,2026-05-14,2026-05-14T13:17:15.473Z,vcurvealmcorprates.csv,gwam_dev_ds.inv_ga_typed.alm_curvealmcorprates | Slice: 2026-04-08 09:15:18.790000 to 2026-05-13 16:45:47.950000,ADB,2026-05-15T09:01:25.000424Z
2026-05-13,HKD_Public_AAA,EOD,ALM,AggregatedSpread,Bond,10y.HKD_Public_AAA,10y,10y,true,null,0.00341698,null,2026-05-13T16:30:06.197Z,null,0,null,Act/360,HKB,HKD,MODFOLLOWING,CreditSpread,3600,null,3361,7068942,2,3,8622,2026-05-01,2026-05-04T11:30:32.993Z,2026-05-14,2026-05-14T13:17:15.473Z,vcurvealmcorprates.csv,gwam_dev_ds.inv_ga_typed.alm_curvealmcorprates | Slice: 2026-04-08 09:15:18.790000 to 2026-05-13 16:45:47.950000,ADB,2026-05-15T09:01:25.000424Z
2026-05-13,HKD_Public_AAA,EOD,ALM,AggregatedSpread,Bond,1y.HKD_Public_AAA,1y,1y,true,null,0.00427592,null,2026-05-13T16:30:06.197Z,null,0,null,Act/360,HKB,HKD,MODFOLLOWING,CreditSpread,360,null,3593,7068942,2,3,8622,2026-05-01,2026-05-04T11:30:32.993Z,2026-05-14,2026-05-14T13:17:15.473Z,vcurvealmcorprates.csv,gwam_dev_ds.inv_ga_typed.alm_curvealmcorprates | Slice: 2026-04-08 09:15:18.790000 to 2026-05-13 16:45:47.950000,ADB,2026-05-15T09:01:25.000424Z
2026-05-13,HKD_Public_AAA,EOD,ALM,AggregatedSpread,Bond,20y.HKD_Public_AAA,20y,20y,true,null,0.00341698,null,2026-05-13T16:30:06.197Z,null,0,null,Act/360,HKB,HKD,MODFOLLOWING,CreditSpread,7200,null,3792,7068942,2,3,8622,2026-05-01,2026-05-04T11:30:32.993Z,2026-05-14,2026-05-14T13:17:15.473Z,vcurvealmcorprates.csv,gwam_dev_ds.inv_ga_typed.alm_curvealmcorprates | Slice: 2026-04-08 09:15:18.790000 to 2026-05-13 16:45:47.950000,ADB,2026-05-15T09:01:25.000424Z
2026-05-13,HKD_Public_AAA,EOD,ALM,AggregatedSpread,Bond,2y.HKD_Public_AAA,2y,2y,true,null,0.00405724,null,2026-05-13T16:30:06.197Z,null,0,null,Act/360,HKB,HKD,MODFOLLOWING,CreditSpread,720,null,4002,7068942,2,3,8622,2026-05-01,2026-05-04T11:30:32.993Z,2026-05-14,2026-05-14T13:17:15.473Z,vcurvealmcorprates.csv,gwam_dev_ds.inv_ga_typed.alm_curvealmcorprates | Slice: 2026-04-08 09:15:18.790000 to 2026-05-13 16:45:47.950000,ADB,2026-05-15T09:01:25.000424Z
2026-05-13,HKD_Public_AAA,EOD,ALM,AggregatedSpread,Bond,30y.HKD_Public_AAA,30y,30y,true,null,0.00341698,null,2026-05-13T16:30:06.197Z,null,0,null,Act/360,HKB,HKD,MODFOLLOWING,CreditSpread,10800,null,4201,7068942,2,3,8622,2026-05-01,2026-05-04T11:30:32.993Z,2026-05-14,2026-05-14T13:17:15.473Z,vcurvealmcorprates.csv,gwam_dev_ds.inv_ga_typed.alm_curvealmcorprates | Slice: 2026-04-08 09:15:18.790000 to 2026-05-13 16:45:47.950000,ADB,2026-05-15T09:01:25.000424Z
2026-05-13,HKD_Public_AAA,EOD,ALM,AggregatedSpread,Cash,3m.HKD_Public_AAA,3m,3m,true,null,0.00427592,null,2026-05-13T16:30:06.197Z,null,0,null,Act/360,HKB,HKD,MODFOLLOWING,CreditSpread,90,null,4400,7068942,2,3,8622,2026-05-01,2026-05-04T11:30:32.993Z,2026-05-14,2026-05-14T13:17:15.473Z,vcurvealmcorprates.csv,gwam_dev_ds.inv_ga_typed.alm_curvealmcorprates | Slice: 2026-04-08 09:15:18.790000 to 2026-05-13 16:45:47.950000,ADB,2026-05-15T09:01:25.000424Z
2026-05-13,HKD_Public_AAA,EOD,ALM,AggregatedSpread,Bond,3y.HKD_Public_AAA,3y,3y,true,null,0.00449459,null,2026-05-13T16:30:06.197Z,null,0,null,Act/360,HKB,HKD,MODFOLLOWING,CreditSpread,1080,null,4599,7068942,2,3,8622,2026-05-01,2026-05-04T11:30:32.993Z,2026-05-14,2026-05-14T13:17:15.473Z,vcurvealmcorprates.csv,gwam_dev_ds.inv_ga_typed.alm_curvealmcorprates | Slice: 2026-04-08 09:15:18.790000 to 2026-05-13 16:45:47.950000,ADB,2026-05-15T09:01:25.000424Z
2026-05-13,HKD_Public_AAA,EOD,ALM,AggregatedSpread,Bond,5y.HKD_Public_AAA,5y,5y,true,null,0.00497430,null,2026-05-13T16:30:06.197Z,null,0,null,Act/360,HKB,HKD,MODFOLLOWING,CreditSpread,1800,null,4807,7068942,2,3,8622,2026-05-01,2026-05-04T11:30:32.993Z,2026-05-14,2026-05-14T13:17:15.473Z,vcurvealmcorprates.csv,gwam_dev_ds.inv_ga_typed.alm_curvealmcorprates | Slice: 2026-04-08 09:15:18.790000 to 2026-05-13 16:45:47.950000,ADB,2026-05-15T09:01:25.000424Z
2026-05-13,GBP_Public_BBB,EOD,ALM,AggregatedSpread,Cash,3m.GBP_Public_BBB,3m,3m,true,null,0.01011231,null,2026-05-13T16:45:47.95Z,null,0,null,Act/360,LNB,GBP,MODFOLLOWING,CreditSpread,90,null,1892,7207359,1,3,3344,2026-05-13,2026-05-13T16:45:03.88Z,2026-05-14,2026-05-14T13:17:15.473Z,vcurvealmcorprates.csv,gwam_dev_ds.inv_ga_typed.alm_curvealmcorprates | Slice: 2026-04-08 09:15:18.790000 to 2026-05-13 16:45:47.950000,ADB,2026-05-15T09:01:25.000424Z
2026-05-13,GBP_Public_BBB,EOD,ALM,AggregatedSpread,Cash,6m.GBP_Public_BBB,6m,6m,true,null,0.00841992,null,2026-05-13T16:45:47.95Z,null,0,null,Act/360,LNB,GBP,MODFOLLOWING,CreditSpread,180,null,1893,7207359,1,3,3344,2026-05-13,2026-05-13T16:45:03.88Z,2026-05-14,2026-05-14T13:17:15.473Z,vcurvealmcorprates.csv,gwam_dev_ds.inv_ga_typed.alm_curvealmcorprates | Slice: 2026-04-08 09:15:18.790000 to 2026-05-13 16:45:47.950000,ADB,2026-05-15T09:01:25.000424Z
2026-05-13,GBP_Public_BBB,EOD,ALM,AggregatedSpread,Bond,1y.GBP_Public_BBB,1y,1y,true,null,0.00680146,null,2026-05-13T16:45:47.95Z,null,0,null,Act/360,LNB,GBP,MODFOLLOWING,CreditSpread,360,null,1894,7207359,1,3,3344,2026-05-13,2026-05-13T16:45:03.88Z,2026-05-14,2026-05-14T13:17:15.473Z,vcurvealmcorprates.csv,gwam_dev_ds.inv_ga_typed.alm_curvealmcorprates | Slice: 2026-04-08 09:15:18.790000 to 2026-05-13 16:45:47.950000,ADB,2026-05-15T09:01:25.000424Z
2026-05-13,GBP_Public_BBB,EOD,ALM,AggregatedSpread,Bond,2y.GBP_Public_BBB,2y,2y,true,null,0.00617903,null,2026-05-13T16:45:47.95Z,null,0,null,Act/360,LNB,GBP,MODFOLLOWING,CreditSpread,720,null,1895,7207359,1,3,3344,2026-05-13,2026-05-13T16:45:03.88Z,2026-05-14,2026-05-14T13:17:15.473Z,vcurvealmcorprates.csv,gwam_dev_ds.inv_ga_typed.alm_curvealmcorprates | Slice: 2026-04-08 09:15:18.790000 to 2026-05-13 16:45:47.950000,ADB,2026-05-15T09:01:25.000424Z
2026-05-13,GBP_Public_BBB,EOD,ALM,AggregatedSpread,Bond,3y.GBP_Public_BBB,3y,3y,true,null,0.00629840,null,2026-05-13T16:45:47.95Z,null,0,null,Act/360,LNB,GBP,MODFOLLOWING,CreditSpread,1080,null,1896,7207359,1,3,3344,2026-05-13,2026-05-13T16:45:03.88Z,2026-05-14,2026-05-14T13:17:15.473Z,vcurvealmcorprates.csv,gwam_dev_ds.inv_ga_typed.alm_curvealmcorprates | Slice: 2026-04-08 09:15:18.790000 to 2026-05-13 16:45:47.950000,ADB,2026-05-15T09:01:25.000424Z
2026-05-13,GBP_Public_BBB,EOD,ALM,AggregatedSpread,Bond,4y.GBP_Public_BBB,4y,4y,true,null,0.00756150,null,2026-05-13T16:45:47.95Z,null,0,null,Act/360,LNB,GBP,MODFOLLOWING,CreditSpread,1440,null,1897,7207359,1,3,3344,2026-05-13,2026-05-13T16:45:03.88Z,2026-05-14,2026-05-14T13:17:15.473Z,vcurvealmcorprates.csv,gwam_dev_ds.inv_ga_typed.alm_curvealmcorprates | Slice: 2026-04-08 09:15:18.790000 to 2026-05-13 16:45:47.950000,ADB,2026-05-15T09:01:25.000424Z
2026-05-13,GBP_Public_BBB,EOD,ALM,AggregatedSpread,Bond,5y.GBP_Public_BBB,5y,5y,true,null,0.00832537,null,2026-05-13T16:45:47.95Z,null,0,null,Act/360,LNB,GBP,MODFOLLOWING,CreditSpread,1800,null,1898,7207359,1,3,3344,2026-05-13,2026-05-13T16:45:03.88Z,2026-05-14,2026-05-14T13:17:15.473Z,vcurvealmcorprates.csv,gwam_dev_ds.inv_ga_typed.alm_curvealmcorprates | Slice: 2026-04-08 09:15:18.790000 to 2026-05-13 16:45:47.950000,ADB,2026-05-15T09:01:25.000424Z
2026-05-13,GBP_Public_BBB,EOD,ALM,AggregatedSpread,Bond,7y.GBP_Public_BBB,7y,7y,true,null,0.00870163,null,2026-05-13T16:45:47.95Z,null,0,null,Act/360,LNB,GBP,MODFOLLOWING,CreditSpread,2520,null,1899,7207359,1,3,3344,2026-05-13,2026-05-13T16:45:03.88Z,2026-05-14,2026-05-14T13:17:15.473Z,vcurvealmcorprates.csv,gwam_dev_ds.inv_ga_typed.alm_curvealmcorprates | Slice: 2026-04-08 09:15:18.790000 to 2026-05-13 16:45:47.950000,ADB,2026-05-15T09:01:25.000424Z
2026-05-13,GBP_Public_BBB,EOD,ALM,AggregatedSpread,Bond,8y.GBP_Public_BBB,8y,8y,true,null,0.00861056,null,2026-05-13T16:45:47.95Z,null,0,null,Act/360,LNB,GBP,MODFOLLOWING,CreditSpread,2880,null,1900,7207359,1,3,3344,2026-05-13,2026-05-13T16:45:03.88Z,2026-05-14,2026-05-14T13:17:15.473Z,vcurvealmcorprates.csv,gwam_dev_ds.inv_ga_typed.alm_curvealmcorprates | Slice: 2026-04-08 09:15:18.790000 to 2026-05-13 16:45:47.950000,ADB,2026-05-15T09:01:25.000424Z
2026-05-13,GBP_Public_BBB,EOD,ALM,AggregatedSpread,Bond,9y.GBP_Public_BBB,9y,9y,true,null,0.00929251,null,2026-05-13T16:45:47.95Z,null,0,null,Act/360,LNB,GBP,MODFOLLOWING,CreditSpread,3240,null,1901,7207359,1,3,3344,2026-05-13,2026-05-13T16:45:03.88Z,2026-05-14,2026-05-14T13:17:15.473Z,vcurvealmcorprates.csv,gwam_dev_ds.inv_ga_typed.alm_curvealmcorprates | Slice: 2026-04-08 09:15:18.790000 to 2026-05-13 16:45:47.950000,ADB,2026-05-15T09:01:25.000424Z
2026-05-13,GBP_Public_BBB,EOD,ALM,AggregatedSpread,Bond,10y.GBP_Public_BBB,10y,10y,true,null,0.00994827,null,2026-05-13T16:45:47.95Z,null,0,null,Act/360,LNB,GBP,MODFOLLOWING,CreditSpread,3600,null,1902,7207359,1,3,3344,2026-05-13,2026-05-13T16:45:03.88Z,2026-05-14,2026-05-14T13:17:15.473Z,vcurvealmcorprates.csv,gwam_dev_ds.inv_ga_typed.alm_curvealmcorprates | Slice: 2026-04-08 09:15:18.790000 to 2026-05-13 16:45:47.950000,ADB,2026-05-15T09:01:25.000424Z
2026-05-13,GBP_Public_BBB,EOD,ALM,AggregatedSpread,Bond,15y.GBP_Public_BBB,15y,15y,true,null,0.01050478,null,2026-05-13T16:45:47.95Z,null,0,null,Act/360,LNB,GBP,MODFOLLOWING,CreditSpread,5400,null,1903,7207359,1,3,3344,2026-05-13,2026-05-13T16:45:03.88Z,2026-05-14,2026-05-14T13:17:15.473Z,vcurvealmcorprates.csv,gwam_dev_ds.inv_ga_typed.alm_curvealmcorprates | Slice: 2026-04-08 09:15:18.790000 to 2026-05-13 16:45:47.950000,ADB,2026-05-15T09:01:25.000424Z
2026-05-13,GBP_Public_BBB,EOD,ALM,AggregatedSpread,Bond,20y.GBP_Public_BBB,20y,20y,true,null,0.00989785,null,2026-05-13T16:45:47.95Z,null,0,null,Act/360,LNB,GBP,MODFOLLOWING,CreditSpread,7200,null,1904,7207359,1,3,3344,2026-05-13,2026-05-13T16:45:03.88Z,2026-05-14,2026-05-14T13:17:15.473Z,vcurvealmcorprates.csv,gwam_dev_ds.inv_ga_typed.alm_curvealmcorprates | Slice: 2026-04-08 09:15:18.790000 to 2026-05-13 16:45:47.950000,ADB,2026-05-15T09:01:25.000424Z
2026-05-13,GBP_Public_BBB,EOD,ALM,AggregatedSpread,Bond,25y.GBP_Public_BBB,25y,25y,true,null,0.01074480,null,2026-05-13T16:45:47.95Z,null,0,null,Act/360,LNB,GBP,MODFOLLOWING,CreditSpread,9000,null,1905,7207359,1,3,3344,2026-05-13,2026-05-13T16:45:03.88Z,2026-05-14,2026-05-14T13:17:15.473Z,vcurvealmcorprates.csv,gwam_dev_ds.inv_ga_typed.alm_curvealmcorprates | Slice: 2026-04-08 09:15:18.790000 to 2026-05-13 16:45:47.950000,ADB,2026-05-15T09:01:25.000424Z
2026-05-13,GBP_Public_BBB,EOD,ALM,AggregatedSpread,Bond,30y.GBP_Public_BBB,30y,30y,true,null,0.01057389,null,2026-05-13T16:45:47.95Z,null,0,null,Act/360,LNB,GBP,MODFOLLOWING,CreditSpread,10800,null,1906,7207359,1,3,3344,2026-05-13,2026-05-13T16:45:03.88Z,2026-05-14,2026-05-14T13:17:15.473Z,vcurvealmcorprates.csv,gwam_dev_ds.inv_ga_typed.alm_curvealmcorprates | Slice: 2026-04-08 09:15:18.790000 to 2026-05-13 16:45:47.950000,ADB,2026-05-15T09:01:25.000424Z
2026-05-13,GBP_Public_BBB,EOD,ALM,AggregatedSpread,Cash,1m.GBP_Public_BBB,1m,1m,true,null,0.01149231,null,2026-05-13T16:45:47.95Z,null,0,Annual,Act/360,LNB,GBP,MODFOLLOWING,CreditSpread,30,null,2934,7207359,1,3,3344,2026-05-13,2026-05-13T16:45:03.88Z,2026-05-14,2026-05-14T13:17:15.473Z,vcurvealmcorprates.csv,gwam_dev_ds.inv_ga_typed.alm_curvealmcorprates | Slice: 2026-04-08 09:15:18.790000 to 2026-05-13 16:45:47.950000,ADB,2026-05-15T09:01:25.000424Z
2026-05-13,HKD_Public_AAA,EOD,ALM,AggregatedSpread,Cash,6m.HKD_Public_AAA,6m,6m,true,null,0.00427592,null,2026-05-13T16:30:06.197Z,null,0,null,Act/360,HKB,HKD,MODFOLLOWING,CreditSpread,180,null,5006,7068942,2,3,8622,2026-05-01,2026-05-04T11:30:32.993Z,2026-05-14,2026-05-14T13:17:15.473Z,vcurvealmcorprates.csv,gwam_dev_ds.inv_ga_typed.alm_curvealmcorprates | Slice: 2026-04-08 09:15:18.790000 to 2026-05-13 16:45:47.950000,ADB,2026-05-15T09:01:25.000424Z
2026-05-13,HKD_Public_AAA,EOD,ALM,AggregatedSpread,Bond,7y.HKD_Public_AAA,7y,7y,true,null,0.00469473,null,2026-05-13T16:30:06.197Z,null,0,null,Act/360,HKB,HKD,MODFOLLOWING,CreditSpread,2520,null,5209,7068942,2,3,8622,2026-05-01,2026-05-04T11:30:32.993Z,2026-05-14,2026-05-14T13:17:15.473Z,vcurvealmcorprates.csv,gwam_dev_ds.inv_ga_typed.alm_curvealmcorprates | Slice: 2026-04-08 09:15:18.790000 to 2026-05-13 16:45:47.950000,ADB,2026-05-15T09:01:25.000424Z
2026-05-13,USD_Public_CCC,EOD,ALM,AggregatedSpread,Bond,10y.USD_Public_CCC,10y,10y,true,null,0.04846879,null,2026-05-13T16:30:06.197Z,null,1,Semi Annual,ACT/ACT,NYB,USD,MODFOLLOWING,CreditSpread,3600,null,1441,7072829,2,3,7439,2026-05-05,2026-05-06T09:53:53.443Z,2026-05-14,2026-05-14T13:17:15.473Z,vcurvealmcorprates.csv,gwam_dev_ds.inv_ga_typed.alm_curvealmcorprates | Slice: 2026-04-08 09:15:18.790000 to 2026-05-13 16:45:47.950000,ADB,2026-05-15T09:01:25.000424Z
2026-05-13,JPY_Public_A,EOD,ALM,AggregatedSpread,Cash,3m.JPY_Public_A,3m,3m,true,null,0.00292225,null,2026-05-13T16:30:06.197Z,null,0,Annual,Act/365,TKB,JPY,MODFOLLOWING,CreditSpread,90,null,1118,7074885,1,3,77,2026-05-01,2026-05-07T10:59:11.313Z,2026-05-14,2026-05-14T13:17:15.473Z,vcurvealmcorprates.csv,gwam_dev_ds.inv_ga_typed.alm_curvealmcorprates | Slice: 2026-04-08 09:15:18.790000 to 2026-05-13 16:45:47.950000,ADB,2026-05-15T09:01:25.000424Z
2026-05-13,JPY_Public_A,EOD,ALM,AggregatedSpread,Cash,6m.JPY_Public_A,6m,6m,true,null,0.00302225,null,2026-05-13T16:30:06.197Z,null,0,Annual,Act/365,TKB,JPY,MODFOLLOWING,CreditSpread,180,null,1119,7074885,1,3,77,2026-05-01,2026-05-07T10:59:11.313Z,2026-05-14,2026-05-14T13:17:15.473Z,vcurvealmcorprates.csv,gwam_dev_ds.inv_ga_typed.alm_curvealmcorprates | Slice: 2026-04-08 09:15:18.790000 to 2026-05-13 16:45:47.950000,ADB,2026-05-15T09:01:25.000424Z
2026-05-13,JPY_Public_A,EOD,ALM,AggregatedSpread,Cash,1y.JPY_Public_A,1y,1y,true,null,0.00312225,null,2026-05-13T16:30:06.197Z,null,1,Semi Annual,NL/365,TKB,JPY,MODFOLLOWING,CreditSpread,360,null,1120,7074885,1,3,77,2026-05-01,2026-05-07T10:59:11.313Z,2026-05-14,2026-05-14T13:17:15.473Z,vcurvealmcorprates.csv,gwam_dev_ds.inv_ga_typed.alm_curvealmcorprates | Slice: 2026-04-08 09:15:18.790000 to 2026-05-13 16:45:47.950000,ADB,2026-05-15T09:01:25.000424Z
2026-05-13,JPY_Public_A,EOD,ALM,AggregatedSpread,Bond,2y.JPY_Public_A,2y,2y,true,null,0.00368891,null,2026-05-13T16:30:06.197Z,null,1,Semi Annual,NL/365,TKB,JPY,MODFOLLOWING,CreditSpread,720,null,1121,7074885,1,3,77,2026-05-01,2026-05-07T10:59:11.313Z,2026-05-14,2026-05-14T13:17:15.473Z,vcurvealmcorprates.csv,gwam_dev_ds.inv_ga_typed.alm_curvealmcorprates | Slice: 2026-04-08 09:15:18.790000 to 2026-05-13 16:45:47.950000,ADB,2026-05-15T09:01:25.000424Z
2026-05-13,JPY_Public_A,EOD,ALM,AggregatedSpread,Bond,3y.JPY_Public_A,3y,3y,true,null,0.00364832,null,2026-05-13T16:30:06.197Z,null,1,Semi Annual,NL/365,TKB,JPY,MODFOLLOWING,CreditSpread,1080,null,1122,7074885,1,3,77,2026-05-01,2026-05-07T10:59:11.313Z,2026-05-14,2026-05-14T13:17:15.473Z,vcurvealmcorprates.csv,gwam_dev_ds.inv_ga_typed.alm_curvealmcorprates | Slice: 2026-04-08 09:15:18.790000 to 2026-05-13 16:45:47.950000,ADB,2026-05-15T09:01:25.000424Z
2026-05-13,JPY_Public_A,EOD,ALM,AggregatedSpread,Bond,5y.JPY_Public_A,5y,5y,true,null,0.00407317,null,2026-05-13T16:30:06.197Z,null,1,Semi Annual,NL/365,TKB,JPY,MODFOLLOWING,CreditSpread,1800,null,1123,7074885,1,3,77,2026-05-01,2026-05-07T10:59:11.313Z,2026-05-14,2026-05-14T13:17:15.473Z,vcurvealmcorprates.csv,gwam_dev_ds.inv_ga_typed.alm_curvealmcorprates | Slice: 2026-04-08 09:15:18.790000 to 2026-05-13 16:45:47.950000,ADB,2026-05-15T09:01:25.000424Z
2026-05-13,JPY_Public_A,EOD,ALM,AggregatedSpread,Bond,7y.JPY_Public_A,7y,7y,true,null,0.00445240,null,2026-05-13T16:30:06.197Z,null,1,Semi Annual,NL/365,TKB,JPY,MODFOLLOWING,CreditSpread,2520,null,1124,7074885,1,3,77,2026-05-01,2026-05-07T10:59:11.313Z,2026-05-14,2026-05-14T13:17:15.473Z,vcurvealmcorprates.csv,gwam_dev_ds.inv_ga_typed.alm_curvealmcorprates | Slice: 2026-04-08 09:15:18.790000 to 2026-05-13 16:45:47.950000,ADB,2026-05-15T09:01:25.000424Z
2026-05-13,JPY_Public_A,EOD,ALM,AggregatedSpread,Bond,10y.JPY_Public_A,10y,10y,true,null,0.00449405,null,2026-05-13T16:30:06.197Z,null,1,Semi Annual,NL/365,TKB,JPY,MODFOLLOWING,CreditSpread,3600,null,1125,7074885,1,3,77,2026-05-01,2026-05-07T10:59:11.313Z,2026-05-14,2026-05-14T13:17:15.473Z,vcurvealmcorprates.csv,gwam_dev_ds.inv_ga_typed.alm_curvealmcorprates | Slice: 2026-04-08 09:15:18.790000 to 2026-05-13 16:45:47.950000,ADB,2026-05-15T09:01:25.000424Z
2026-05-13,JPY_Public_A,EOD,ALM,AggregatedSpread,Bond,20y.JPY_Public_A,20y,20y,true,null,0.00434456,null,2026-05-13T16:30:06.197Z,null,1,Semi Annual,NL/365,TKB,JPY,MODFOLLOWING,CreditSpread,7200,null,1126,7074885,1,3,77,2026-05-01,2026-05-07T10:59:11.313Z,2026-05-14,2026-05-14T13:17:15.473Z,vcurvealmcorprates.csv,gwam_dev_ds.inv_ga_typed.alm_curvealmcorprates | Slice: 2026-04-08 09:15:18.790000 to 2026-05-13 16:45:47.950000,ADB,2026-05-15T09:01:25.000424Z
2026-05-13,JPY_Public_A,EOD,ALM,AggregatedSpread,Bond,30y.JPY_Public_A,30y,30y,true,null,0.00484456,null,2026-05-13T16:30:06.197Z,null,1,Semi Annual,NL/365,TKB,JPY,MODFOLLOWING,CreditSpread,10800,null,1127,7074885,1,3,77,2026-05-01,2026-05-07T10:59:11.313Z,2026-05-14,2026-05-14T13:17:15.473Z,vcurvealmcorprates.csv,gwam_dev_ds.inv_ga_typed.alm_curvealmcorprates | Slice: 2026-04-08 09:15:18.790000 to 2026-05-13 16:45:47.950000,ADB,2026-05-15T09:01:25.000424Z
2026-05-13,JPY_Public_B,EOD,ALM,AggregatedSpread,Cash,3m.JPY_Public_B,3m,3m,true,null,0.01354037,null,2026-05-13T16:30:06.197Z,null,0,Annual,Act/365,TKB,JPY,MODFOLLOWING,CreditSpread,90,null,1148,7074889,2,3,3315,2026-05-01,2026-05-07T10:59:11.313Z,2026-05-14,2026-05-14T13:17:15.473Z,vcurvealmcorprates.csv,gwam_dev_ds.inv_ga_typed.alm_curvealmcorprates | Slice: 2026-04-08 09:15:18.790000 to 2026-05-13 16:45:47.950000,ADB,2026-05-15T09:01:25.000424Z
2026-05-13,JPY_Public_B,EOD,ALM,AggregatedSpread,Bond,5y.JPY_Public_B,5y,5y,true,null,0.01171343,null,2026-05-13T16:30:06.197Z,null,1,Semi Annual,NL/365,TKB,JPY,MODFOLLOWING,CreditSpread,1800,null,1153,7074889,2,3,3315,2026-05-01,2026-05-07T10:59:11.313Z,2026-05-14,2026-05-14T13:17:15.473Z,vcurvealmcorprates.csv,gwam_dev_ds.inv_ga_typed.alm_curvealmcorprates | Slice: 2026-04-08 09:15:18.790000 to 2026-05-13 16:45:47.950000,ADB,2026-05-15T09:01:25.000424Z
2026-05-13,EUR_Public_BBB-,EOD,ALM,AggregatedSpread,Bond,10y.EUR_Public_BBB-,10y,10y,true,null,0.01480343,null,2026-05-13T16:30:06.197Z,null,0,null,Act/360,ECU,EUR,MODFOLLOWING,CreditSpread,3600,null,3330,7068735,1,3,7487,2026-05-01,2026-05-04T10:23:30.133Z,2026-05-14,2026-05-14T13:17:15.473Z,vcurvealmcorprates.csv,gwam_dev_ds.inv_ga_typed.alm_curvealmcorprates | Slice: 2026-04-08 09:15:18.790000 to 2026-05-13 16:45:47.950000,ADB,2026-05-15T09:01:25.000424Z
2026-05-13,EUR_Public_BBB-,EOD,ALM,AggregatedSpread,Bond,1y.EUR_Public_BBB-,1y,1y,true,null,0.00682068,null,2026-05-13T16:30:06.197Z,null,0,null,Act/360,ECU,EUR,MODFOLLOWING,CreditSpread,360,null,3562,7068735,1,3,7487,2026-05-01,2026-05-04T10:23:30.133Z,2026-05-14,2026-05-14T13:17:15.473Z,vcurvealmcorprates.csv,gwam_dev_ds.inv_ga_typed.alm_curvealmcorprates | Slice: 2026-04-08 09:15:18.790000 to 2026-05-13 16:45:47.950000,ADB,2026-05-15T09:01:25.000424Z
2026-05-13,EUR_Public_BBB-,EOD,ALM,AggregatedSpread,Bond,20y.EUR_Public_BBB-,20y,20y,true,null,0.01358555,null,2026-05-13T16:30:06.197Z,null,0,null,Act/360,ECU,EUR,MODFOLLOWING,CreditSpread,7200,null,3761,7068735,1,3,7487,2026-05-01,2026-05-04T10:23:30.133Z,2026-05-14,2026-05-14T13:17:15.473Z,vcurvealmcorprates.csv,gwam_dev_ds.inv_ga_typed.alm_curvealmcorprates | Slice: 2026-04-08 09:15:18.790000 to 2026-05-13 16:45:47.950000,ADB,2026-05-15T09:01:25.000424Z
2026-05-13,EUR_Public_BBB-,EOD,ALM,AggregatedSpread,Bond,2y.EUR_Public_BBB-,2y,2y,true,null,0.00840636,null,2026-05-13T16:30:06.197Z,null,0,null,Act/360,ECU,EUR,MODFOLLOWING,CreditSpread,720,null,3971,7068735,1,3,7487,2026-05-01,2026-05-04T10:23:30.133Z,2026-05-14,2026-05-14T13:17:15.473Z,vcurvealmcorprates.csv,gwam_dev_ds.inv_ga_typed.alm_curvealmcorprates | Slice: 2026-04-08 09:15:18.790000 to 2026-05-13 16:45:47.950000,ADB,2026-05-15T09:01:25.000424Z
2026-05-13,EUR_Public_BBB-,EOD,ALM,AggregatedSpread,Bond,30y.EUR_Public_BBB-,30y,30y,true,null,0.01358555,null,2026-05-13T16:30:06.197Z,null,0,null,Act/360,ECU,EUR,MODFOLLOWING,CreditSpread,10800,null,4170,7068735,1,3,7487,2026-05-01,2026-05-04T10:23:30.133Z,2026-05-14,2026-05-14T13:17:15.473Z,vcurvealmcorprates.csv,gwam_dev_ds.inv_ga_typed.alm_curvealmcorprates | Slice: 2026-04-08 09:15:18.790000 to 2026-05-13 16:45:47.950000,ADB,2026-05-15T09:01:25.000424Z
2026-05-13,EUR_Public_BBB-,EOD,ALM,AggregatedSpread,Cash,3m.EUR_Public_BBB-,3m,3m,true,null,0.00682068,null,2026-05-13T16:30:06.197Z,null,0,null,Act/360,ECU,EUR,MODFOLLOWING,CreditSpread,90,null,4369,7068735,1,3,7487,2026-05-01,2026-05-04T10:23:30.133Z,2026-05-14,2026-05-14T13:17:15.473Z,vcurvealmcorprates.csv,gwam_dev_ds.inv_ga_typed.alm_curvealmcorprates | Slice: 2026-04-08 09:15:18.790000 to 2026-05-13 16:45:47.950000,ADB,2026-05-15T09:01:25.000424Z
2026-05-13,EUR_Public_BBB-,EOD,ALM,AggregatedSpread,Bond,3y.EUR_Public_BBB-,3y,3y,true,null,0.00981027,null,2026-05-13T16:30:06.197Z,null,0,null,Act/360,ECU,EUR,MODFOLLOWING,CreditSpread,1080,null,4568,7068735,1,3,7487,2026-05-01,2026-05-04T10:23:30.133Z,2026-05-14,2026-05-14T13:17:15.473Z,vcurvealmcorprates.csv,gwam_dev_ds.inv_ga_typed.alm_curvealmcorprates | Slice: 2026-04-08 09:15:18.790000 to 2026-05-13 16:45:47.950000,ADB,2026-05-15T09:01:25.000424Z
2026-05-13,EUR_Public_BBB-,EOD,ALM,AggregatedSpread,Bond,5y.EUR_Public_BBB-,5y,5y,true,null,0.01208494,null,2026-05-13T16:30:06.197Z,null,0,null,Act/360,ECU,EUR,MODFOLLOWING,CreditSpread,1800,null,4776,7068735,1,3,7487,2026-05-01,2026-05-04T10:23:30.133Z,2026-05-14,2026-05-14T13:17:15.473Z,vcurvealmcorprates.csv,gwam_dev_ds.inv_ga_typed.alm_curvealmcorprates | Slice: 2026-04-08 09:15:18.790000 to 2026-05-13 16:45:47.950000,ADB,2026-05-15T09:01:25.000424Z
2026-05-13,EUR_Public_BBB-,EOD,ALM,AggregatedSpread,Cash,6m.EUR_Public_BBB-,6m,6m,true,null,0.00682068,null,2026-05-13T16:30:06.197Z,null,0,null,Act/360,ECU,EUR,MODFOLLOWING,CreditSpread,180,null,4975,7068735,1,3,7487,2026-05-01,2026-05-04T10:23:30.133Z,2026-05-14,2026-05-14T13:17:15.473Z,vcurvealmcorprates.csv,gwam_dev_ds.inv_ga_typed.alm_curvealmcorprates | Slice: 2026-04-08 09:15:18.790000 to 2026-05-13 16:45:47.950000,ADB,2026-05-15T09:01:25.000424Z
2026-05-13,EUR_Public_BBB-,EOD,ALM,AggregatedSpread,Bond,7y.EUR_Public_BBB-,7y,7y,true,null,0.01366901,null,2026-05-13T16:30:06.197Z,null,0,null,Act/360,ECU,EUR,MODFOLLOWING,CreditSpread,2520,null,5178,7068735,1,3,7487,2026-05-01,2026-05-04T10:23:30.133Z,2026-05-14,2026-05-14T13:17:15.473Z,vcurvealmcorprates.csv,gwam_dev_ds.inv_ga_typed.alm_curvealmcorprates | Slice: 2026-04-08 09:15:18.790000 to 2026-05-13 16:45:47.950000,ADB,2026-05-15T09:01:25.000424Z
2026-05-13,CAD_Public_BB-,EOD,ALM,AggregatedSpread,Cash,3m.CAD_Public_BB,3m,3m,true,null,0.03115368,null,2026-05-13T16:30:06.197Z,null,0,Annual,Act/365,TRB,CAD,MODFOLLOWING,CreditSpread,90,null,1068,7065940,1,3,9537,2026-04-30,2026-05-01T10:16:05.473Z,2026-05-14,2026-05-14T13:17:15.473Z,vcurvealmcorprates.csv,gwam_dev_ds.inv_ga_typed.alm_curvealmcorprates | Slice: 2026-04-08 09:15:18.790000 to 2026-05-13 16:45:47.950000,ADB,2026-05-15T09:01:25.000424Z
2026-05-13,CAD_Public_BB-,EOD,ALM,AggregatedSpread,Cash,6m.CAD_Public_BB,6m,6m,true,null,0.03115368,null,2026-05-13T16:30:06.197Z,null,0,Annual,Act/365,TRB,CAD,MODFOLLOWING,CreditSpread,180,null,1069,7065940,1,3,9537,2026-04-30,2026-05-01T10:16:05.473Z,2026-05-14,2026-05-14T13:17:15.473Z,vcurvealmcorprates.csv,gwam_dev_ds.inv_ga_typed.alm_curvealmcorprates | Slice: 2026-04-08 09:15:18.790000 to 2026-05-13 16:45:47.950000,ADB,2026-05-15T09:01:25.000424Z
2026-05-13,CAD_Public_BB-,EOD,ALM,AggregatedSpread,Cash,1y.CAD_Public_BB,1y,1y,true,null,0.03115368,null,2026-05-13T16:30:06.197Z,null,0,Annual,Act/365,TRB,CAD,MODFOLLOWING,CreditSpread,360,null,1070,7065940,1,3,9537,2026-04-30,2026-05-01T10:16:05.473Z,2026-05-14,2026-05-14T13:17:15.473Z,vcurvealmcorprates.csv,gwam_dev_ds.inv_ga_typed.alm_curvealmcorprates | Slice: 2026-04-08 09:15:18.790000 to 2026-05-13 16:45:47.950000,ADB,2026-05-15T09:01:25.000424Z
2026-05-13,CAD_Public_BB-,EOD,ALM,AggregatedSpread,Bond,2y.CAD_Public_BB,2y,2y,true,null,0.02910466,null,2026-05-13T16:30:06.197Z,null,1,Semi Annual,Act/Act,TRB,CAD,MODFOLLOWING,CreditSpread,720,null,1071,7065940,1,3,9537,2026-04-30,2026-05-01T10:16:05.473Z,2026-05-14,2026-05-14T13:17:15.473Z,vcurvealmcorprates.csv,gwam_dev_ds.inv_ga_typed.alm_curvealmcorprates | Slice: 2026-04-08 09:15:18.790000 to 2026-05-13 16:45:47.950000,ADB,2026-05-15T09:01:25.000424Z
2026-05-13,CAD_Public_BB-,EOD,ALM,AggregatedSpread,Bond,3y.CAD_Public_BB,3y,3y,true,null,0.02853023,null,2026-05-13T16:30:06.197Z,null,1,Semi Annual,Act/Act,TRB,CAD,MODFOLLOWING,CreditSpread,1080,null,1072,7065940,1,3,9537,2026-04-30,2026-05-01T10:16:05.473Z,2026-05-14,2026-05-14T13:17:15.473Z,vcurvealmcorprates.csv,gwam_dev_ds.inv_ga_typed.alm_curvealmcorprates | Slice: 2026-04-08 09:15:18.790000 to 2026-05-13 16:45:47.950000,ADB,2026-05-15T09:01:25.000424Z
2026-05-13,CAD_Public_BB-,EOD,ALM,AggregatedSpread,Bond,5y.CAD_Public_BB,5y,5y,true,null,0.02706188,null,2026-05-13T16:30:06.197Z,null,1,Semi Annual,Act/Act,TRB,CAD,MODFOLLOWING,CreditSpread,1800,null,1073,7065940,1,3,9537,2026-04-30,2026-05-01T10:16:05.473Z,2026-05-14,2026-05-14T13:17:15.473Z,vcurvealmcorprates.csv,gwam_dev_ds.inv_ga_typed.alm_curvealmcorprates | Slice: 2026-04-08 09:15:18.790000 to 2026-05-13 16:45:47.950000,ADB,2026-05-15T09:01:25.000424Z
2026-05-13,CAD_Public_BB-,EOD,ALM,AggregatedSpread,Bond,7y.CAD_Public_BB,7y,7y,true,null,0.02534027,null,2026-05-13T16:30:06.197Z,null,1,Semi Annual,Act/Act,TRB,CAD,MODFOLLOWING,CreditSpread,2520,null,1074,7065940,1,3,9537,2026-04-30,2026-05-01T10:16:05.473Z,2026-05-14,2026-05-14T13:17:15.473Z,vcurvealmcorprates.csv,gwam_dev_ds.inv_ga_typed.alm_curvealmcorprates | Slice: 2026-04-08 09:15:18.790000 to 2026-05-13 16:45:47.950000,ADB,2026-05-15T09:01:25.000424Z
2026-05-13,CAD_Public_BB-,EOD,ALM,AggregatedSpread,Bond,10y.CAD_Public_BB,10y,10y,true,null,0.02317573,null,2026-05-13T16:30:06.197Z,null,1,Semi Annual,Act/Act,TRB,CAD,MODFOLLOWING,CreditSpread,3600,null,1075,7065940,1,3,9537,2026-04-30,2026-05-01T10:16:05.473Z,2026-05-14,2026-05-14T13:17:15.473Z,vcurvealmcorprates.csv,gwam_dev_ds.inv_ga_typed.alm_curvealmcorprates | Slice: 2026-04-08 09:15:18.790000 to 2026-05-13 16:45:47.950000,ADB,2026-05-15T09:01:25.000424Z
2026-05-13,CAD_Public_BB-,EOD,ALM,AggregatedSpread,Bond,20y.CAD_Public_BB,20y,20y,true,null,0.01999338,null,2026-05-13T16:30:06.197Z,null,1,Semi Annual,Act/Act,TRB,CAD,MODFOLLOWING,CreditSpread,7200,null,1076,7065940,1,3,9537,2026-04-30,2026-05-01T10:16:05.473Z,2026-05-14,2026-05-14T13:17:15.473Z,vcurvealmcorprates.csv,gwam_dev_ds.inv_ga_typed.alm_curvealmcorprates | Slice: 2026-04-08 09:15:18.790000 to 2026-05-13 16:45:47.950000,ADB,2026-05-15T09:01:25.000424Z
2026-05-13,CAD_Public_BB-,EOD,ALM,AggregatedSpread,Bond,30y.CAD_Public_BB,30y,30y,true,null,0.01893520,null,2026-05-13T16:30:06.197Z,null,1,Semi Annual,Act/Act,TRB,CAD,MODFOLLOWING,CreditSpread,10800,null,1077,7065940,1,3,9537,2026-04-30,2026-05-01T10:16:05.473Z,2026-05-14,2026-05-14T13:17:15.473Z,vcurvealmcorprates.csv,gwam_dev_ds.inv_ga_typed.alm_curvealmcorprates | Slice: 2026-04-08 09:15:18.790000 to 2026-05-13 16:45:47.950000,ADB,2026-05-15T09:01:25.000424Z
2026-05-13,ADB_ADB.ALL_Public_A,EOD,ALM,AggregatedSpread,Bond,10y.ADB_ADB.ALL_Public_A,10y,10y,true,null,0.00381476,null,2026-05-13T16:30:06.197Z,null,0,null,Act/360,NYB,ADB,MODFOLLOWING,CreditSpread,3600,null,3258,7072899,2,3,7442,2026-05-05,2026-05-06T10:22:25.443Z,2026-05-14,2026-05-14T13:17:15.473Z,vcurvealmcorprates.csv,gwam_dev_ds.inv_ga_typed.alm_curvealmcorprates | Slice: 2026-04-08 09:15:18.790000 to 2026-05-13 16:45:47.950000,ADB,2026-05-15T09:01:25.000424Z
2026-05-13,ADB_ADB.ALL_Public_A,EOD,ALM,AggregatedSpread,Bond,1y.ADB_ADB.ALL_Public_A,1y,1y,true,null,0.00380167,null,2026-05-13T16:30:06.197Z,null,0,null,Act/360,NYB,ADB,MODFOLLOWING,CreditSpread,360,null,3490,7072899,2,3,7442,2026-05-05,2026-05-06T10:22:25.443Z,2026-05-14,2026-05-14T13:17:15.473Z,vcurvealmcorprates.csv,gwam_dev_ds.inv_ga_typed.alm_curvealmcorprates | Slice: 2026-04-08 09:15:18.790000 to 2026-05-13 16:45:47.950000,ADB,2026-05-15T09:01:25.000424Z
2026-05-13,ADB_ADB.ALL_Public_A,EOD,ALM,AggregatedSpread,Bond,20y.ADB_ADB.ALL_Public_A,20y,20y,true,null,0.00352738,null,2026-05-13T16:30:06.197Z,null,0,null,Act/360,NYB,ADB,MODFOLLOWING,CreditSpread,7200,null,3689,7072899,2,3,7442,2026-05-05,2026-05-06T10:22:25.443Z,2026-05-14,2026-05-14T13:17:15.473Z,vcurvealmcorprates.csv,gwam_dev_ds.inv_ga_typed.alm_curvealmcorprates | Slice: 2026-04-08 09:15:18.790000 to 2026-05-13 16:45:47.950000,ADB,2026-05-15T09:01:25.000424Z
2026-05-13,ADB_ADB.ALL_Public_A,EOD,ALM,AggregatedSpread,Bond,2y.ADB_ADB.ALL_Public_A,2y,2y,true,null,0.00373441,null,2026-05-13T16:30:06.197Z,null,0,null,Act/360,NYB,ADB,MODFOLLOWING,CreditSpread,720,null,3899,7072899,2,3,7442,2026-05-05,2026-05-06T10:22:25.443Z,2026-05-14,2026-05-14T13:17:15.473Z,vcurvealmcorprates.csv,gwam_dev_ds.inv_ga_typed.alm_curvealmcorprates | Slice: 2026-04-08 09:15:18.790000 to 2026-05-13 16:45:47.950000,ADB,2026-05-15T09:01:25.000424Z
2026-05-13,ADB_ADB.ALL_Public_A,EOD,ALM,AggregatedSpread,Bond,30y.ADB_ADB.ALL_Public_A,30y,30y,true,null,0.00324000,null,2026-05-13T16:30:06.197Z,null,0,null,Act/360,NYB,ADB,MODFOLLOWING,CreditSpread,10800,null,4098,7072899,2,3,7442,2026-05-05,2026-05-06T10:22:25.443Z,2026-05-14,2026-05-14T13:17:15.473Z,vcurvealmcorprates.csv,gwam_dev_ds.inv_ga_typed.alm_curvealmcorprates | Slice: 2026-04-08 09:15:18.790000 to 2026-05-13 16:45:47.950000,ADB,2026-05-15T09:01:25.000424Z
2026-05-13,ADB_ADB.ALL_Public_A,EOD,ALM,AggregatedSpread,Cash,3m.ADB_ADB.ALL_Public_A,3m,3m,true,null,0.00380167,null,2026-05-13T16:30:06.197Z,null,0,null,Act/360,NYB,ADB,MODFOLLOWING,CreditSpread,90,null,4297,7072899,2,3,7442,2026-05-05,2026-05-06T10:22:25.443Z,2026-05-14,2026-05-14T13:17:15.473Z,vcurvealmcorprates.csv,gwam_dev_ds.inv_ga_typed.alm_curvealmcorprates | Slice: 2026-04-08 09:15:18.790000 to 2026-05-13 16:45:47.950000,ADB,2026-05-15T09:01:25.000424Z
2026-05-13,ADB_ADB.ALL_Public_A,EOD,ALM,AggregatedSpread,Bond,3y.ADB_ADB.ALL_Public_A,3y,3y,true,null,0.00368755,null,2026-05-13T16:30:06.197Z,null,0,null,Act/360,NYB,ADB,MODFOLLOWING,CreditSpread,1080,null,4496,7072899,2,3,7442,2026-05-05,2026-05-06T10:22:25.443Z,2026-05-14,2026-05-14T13:17:15.473Z,vcurvealmcorprates.csv,gwam_dev_ds.inv_ga_typed.alm_curvealmcorprates | Slice: 2026-04-08 09:15:18.790000 to 2026-05-13 16:45:47.950000,ADB,2026-05-15T09:01:25.000424Z
2026-05-13,ADB_ADB.ALL_Public_A,EOD,ALM,AggregatedSpread,Bond,5y.ADB_ADB.ALL_Public_A,5y,5y,true,null,0.00364950,null,2026-05-13T16:30:06.197Z,null,0,null,Act/360,NYB,ADB,MODFOLLOWING,CreditSpread,1800,null,4704,7072899,2,3,7442,2026-05-05,2026-05-06T10:22:25.443Z,2026-05-14,2026-05-14T13:17:15.473Z,vcurvealmcorprates.csv,gwam_dev_ds.inv_ga_typed.alm_curvealmcorprates | Slice: 2026-04-08 09:15:18.790000 to 2026-05-13 16:45:47.950000,ADB,2026-05-15T09:01:25.000424Z
2026-05-13,ADB_ADB.ALL_Public_A,EOD,ALM,AggregatedSpread,Cash,6m.ADB_ADB.ALL_Public_A,6m,6m,true,null,0.00380167,null,2026-05-13T16:30:06.197Z,null,0,null,Act/360,NYB,ADB,MODFOLLOWING,CreditSpread,180,null,4903,7072899,2,3,7442,2026-05-05,2026-05-06T10:22:25.443Z,2026-05-14,2026-05-14T13:17:15.473Z,vcurvealmcorprates.csv,gwam_dev_ds.inv_ga_typed.alm_curvealmcorprates | Slice: 2026-04-08 09:15:18.790000 to 2026-05-13 16:45:47.950000,ADB,2026-05-15T09:01:25.000424Z
2026-05-13,ADB_ADB.ALL_Public_A,EOD,ALM,AggregatedSpread,Bond,7y.ADB_ADB.ALL_Public_A,7y,7y,true,null,0.00367648,null,2026-05-13T16:30:06.197Z,null,0,null,Act/360,NYB,ADB,MODFOLLOWING,CreditSpread,2520,null,5106,7072899,2,3,7442,2026-05-05,2026-05-06T10:22:25.443Z,2026-05-14,2026-05-14T13:17:15.473Z,vcurvealmcorprates.csv,gwam_dev_ds.inv_ga_typed.alm_curvealmcorprates | Slice: 2026-04-08 09:15:18.790000 to 2026-05-13 16:45:47.950000,ADB,2026-05-15T09:01:25.000424Z
2026-05-13,ADB_ADB.CNY_Public_AA,EOD,ALM,AggregatedSpread,Bond,10y.ADB_ADB.CNY_Public_AA,10y,10y,true,null,-0.00123256,null,2026-05-13T16:30:06.197Z,null,0,null,Act/360,NYB,ADB,MODFOLLOWING,CreditSpread,3600,null,3266,7072918,2,3,7450,2026-05-05,2026-05-06T10:30:37.44Z,2026-05-14,2026-05-14T13:17:15.473Z,vcurvealmcorprates.csv,gwam_dev_ds.inv_ga_typed.alm_curvealmcorprates | Slice: 2026-04-08 09:15:18.790000 to 2026-05-13 16:45:47.950000,ADB,2026-05-15T09:01:25.000424Z
2026-05-13,ADB_ADB.CNY_Public_AA,EOD,ALM,AggregatedSpread,Bond,1y.ADB_ADB.CNY_Public_AA,1y,1y,true,null,0.00096397,null,2026-05-13T16:30:06.197Z,null,0,null,Act/360,NYB,ADB,MODFOLLOWING,CreditSpread,360,null,3498,7072918,2,3,7450,2026-05-05,2026-05-06T10:30:37.44Z,2026-05-14,2026-05-14T13:17:15.473Z,vcurvealmcorprates.csv,gwam_dev_ds.inv_ga_typed.alm_curvealmcorprates | Slice: 2026-04-08 09:15:18.790000 to 2026-05-13 16:45:47.950000,ADB,2026-05-15T09:01:25.000424Z
2026-05-13,ADB_ADB.CNY_Public_AA,EOD,ALM,AggregatedSpread,Bond,20y.ADB_ADB.CNY_Public_AA,20y,20y,true,null,-0.00310462,null,2026-05-13T16:30:06.197Z,null,0,null,Act/360,NYB,ADB,MODFOLLOWING,CreditSpread,7200,null,3697,7072918,2,3,7450,2026-05-05,2026-05-06T10:30:37.44Z,2026-05-14,2026-05-14T13:17:15.473Z,vcurvealmcorprates.csv,gwam_dev_ds.inv_ga_typed.alm_curvealmcorprates | Slice: 2026-04-08 09:15:18.790000 to 2026-05-13 16:45:47.950000,ADB,2026-05-15T09:01:25.000424Z
2026-05-13,ADB_ADB.CNY_Public_AA,EOD,ALM,AggregatedSpread,Bond,2y.ADB_ADB.CNY_Public_AA,2y,2y,true,null,0.00050057,null,2026-05-13T16:30:06.197Z,null,0,null,Act/360,NYB,ADB,MODFOLLOWING,CreditSpread,720,null,3907,7072918,2,3,7450,2026-05-05,2026-05-06T10:30:37.44Z,2026-05-14,2026-05-14T13:17:15.473Z,vcurvealmcorprates.csv,gwam_dev_ds.inv_ga_typed.alm_curvealmcorprates | Slice: 2026-04-08 09:15:18.790000 to 2026-05-13 16:45:47.950000,ADB,2026-05-15T09:01:25.000424Z
2026-05-13,ADB_ADB.CNY_Public_AA,EOD,ALM,AggregatedSpread,Bond,30y.ADB_ADB.CNY_Public_AA,30y,30y,true,null,-0.00497667,null,2026-05-13T16:30:06.197Z,null,0,null,Act/360,NYB,ADB,MODFOLLOWING,CreditSpread,10800,null,4106,7072918,2,3,7450,2026-05-05,2026-05-06T10:30:37.44Z,2026-05-14,2026-05-14T13:17:15.473Z,vcurvealmcorprates.csv,gwam_dev_ds.inv_ga_typed.alm_curvealmcorprates | Slice: 2026-04-08 09:15:18.790000 to 2026-05-13 16:45:47.950000,ADB,2026-05-15T09:01:25.000424Z
2026-05-13,ADB_ADB.CNY_Public_AA,EOD,ALM,AggregatedSpread,Cash,3m.ADB_ADB.CNY_Public_AA,3m,3m,true,null,0.00096397,null,2026-05-13T16:30:06.197Z,null,0,null,Act/360,NYB,ADB,MODFOLLOWING,CreditSpread,90,null,4305,7072918,2,3,7450,2026-05-05,2026-05-06T10:30:37.44Z,2026-05-14,2026-05-14T13:17:15.473Z,vcurvealmcorprates.csv,gwam_dev_ds.inv_ga_typed.alm_curvealmcorprates | Slice: 2026-04-08 09:15:18.790000 to 2026-05-13 16:45:47.950000,ADB,2026-05-15T09:01:25.000424Z
2026-05-13,ADB_ADB.CNY_Public_AA,EOD,ALM,AggregatedSpread,Bond,3y.ADB_ADB.CNY_Public_AA,3y,3y,true,null,0.00010012,null,2026-05-13T16:30:06.197Z,null,0,null,Act/360,NYB,ADB,MODFOLLOWING,CreditSpread,1080,null,4504,7072918,2,3,7450,2026-05-05,2026-05-06T10:30:37.44Z,2026-05-14,2026-05-14T13:17:15.473Z,vcurvealmcorprates.csv,gwam_dev_ds.inv_ga_typed.alm_curvealmcorprates | Slice: 2026-04-08 09:15:18.790000 to 2026-05-13 16:45:47.950000,ADB,2026-05-15T09:01:25.000424Z
2026-05-13,ADB_ADB.CNY_Public_AA,EOD,ALM,AggregatedSpread,Bond,5y.ADB_ADB.CNY_Public_AA,5y,5y,true,null,-0.00052584,null,2026-05-13T16:30:06.197Z,null,0,null,Act/360,NYB,ADB,MODFOLLOWING,CreditSpread,1800,null,4712,7072918,2,3,7450,2026-05-05,2026-05-06T10:30:37.44Z,2026-05-14,2026-05-14T13:17:15.473Z,vcurvealmcorprates.csv,gwam_dev_ds.inv_ga_typed.alm_curvealmcorprates | Slice: 2026-04-08 09:15:18.790000 to 2026-05-13 16:45:47.950000,ADB,2026-05-15T09:01:25.000424Z
2026-05-13,ADB_ADB.CNY_Public_AA,EOD,ALM,AggregatedSpread,Cash,6m.ADB_ADB.CNY_Public_AA,6m,6m,true,null,0.00096397,null,2026-05-13T16:30:06.197Z,null,0,null,Act/360,NYB,ADB,MODFOLLOWING,CreditSpread,180,null,4911,7072918,2,3,7450,2026-05-05,2026-05-06T10:30:37.44Z,2026-05-14,2026-05-14T13:17:15.473Z,vcurvealmcorprates.csv,gwam_dev_ds.inv_ga_typed.alm_curvealmcorprates | Slice: 2026-04-08 09:15:18.790000 to 2026-05-13 16:45:47.950000,ADB,2026-05-15T09:01:25.000424Z
2026-05-13,ADB_ADB.CNY_Public_AA,EOD,ALM,AggregatedSpread,Bond,7y.ADB_ADB.CNY_Public_AA,7y,7y,true,null,-0.00094173,null,2026-05-13T16:30:06.197Z,null,0,null,Act/360,NYB,ADB,MODFOLLOWING,CreditSpread,2520,null,5114,7072918,2,3,7450,2026-05-05,2026-05-06T10:30:37.44Z,2026-05-14,2026-05-14T13:17:15.473Z,vcurvealmcorprates.csv,gwam_dev_ds.inv_ga_typed.alm_curvealmcorprates | Slice: 2026-04-08 09:15:18.790000 to 2026-05-13 16:45:47.950000,ADB,2026-05-15T09:01:25.000424Z
2026-05-13,SGD_Public_BBB,EOD,ALM,AggregatedSpread,Bond,10y.SGD_Public_BBB,10y,10y,true,null,0.00534735,null,2026-05-13T16:30:06.197Z,null,0,null,Act/360,SIB,SGD,MODFOLLOWING,CreditSpread,3600,null,3437,7066002,1,3,3543,2026-04-30,2026-05-01T10:22:42Z,2026-05-14,2026-05-14T13:17:15.473Z,vcurvealmcorprates.csv,gwam_dev_ds.inv_ga_typed.alm_curvealmcorprates | Slice: 2026-04-08 09:15:18.790000 to 2026-05-13 16:45:47.950000,ADB,2026-05-15T09:01:25.000424Z
2026-05-13,SGD_Public_BBB,EOD,ALM,AggregatedSpread,Bond,1y.SGD_Public_BBB,1y,1y,true,null,0.00107988,null,2026-05-13T16:30:06.197Z,null,0,null,Act/360,SIB,SGD,MODFOLLOWING,CreditSpread,360,null,3668,7066002,1,3,3543,2026-04-30,2026-05-01T10:22:42Z,2026-05-14,2026-05-14T13:17:15.473Z,vcurvealmcorprates.csv,gwam_dev_ds.inv_ga_typed.alm_curvealmcorprates | Slice: 2026-04-08 09:15:18.790000 to 2026-05-13 16:45:47.950000,ADB,2026-05-15T09:01:25.000424Z
2026-05-13,SGD_Public_BBB,EOD,ALM,AggregatedSpread,Bond,20y.SGD_Public_BBB,20y,20y,true,null,0.00534735,null,2026-05-13T16:30:06.197Z,null,0,null,Act/360,SIB,SGD,MODFOLLOWING,CreditSpread,7200,null,3868,7066002,1,3,3543,2026-04-30,2026-05-01T10:22:42Z,2026-05-14,2026-05-14T13:17:15.473Z,vcurvealmcorprates.csv,gwam_dev_ds.inv_ga_typed.alm_curvealmcorprates | Slice: 2026-04-08 09:15:18.790000 to 2026-05-13 16:45:47.950000,ADB,2026-05-15T09:01:25.000424Z
2026-05-13,SGD_Public_BBB,EOD,ALM,AggregatedSpread,Bond,2y.SGD_Public_BBB,2y,2y,true,null,0.00107988,null,2026-05-13T16:30:06.197Z,null,0,null,Act/360,SIB,SGD,MODFOLLOWING,CreditSpread,720,null,4078,7066002,1,3,3543,2026-04-30,2026-05-01T10:22:42Z,2026-05-14,2026-05-14T13:17:15.473Z,vcurvealmcorprates.csv,gwam_dev_ds.inv_ga_typed.alm_curvealmcorprates | Slice: 2026-04-08 09:15:18.790000 to 2026-05-13 16:45:47.950000,ADB,2026-05-15T09:01:25.000424Z
2026-05-13,SGD_Public_BBB,EOD,ALM,AggregatedSpread,Bond,30y.SGD_Public_BBB,30y,30y,true,null,0.00534735,null,2026-05-13T16:30:06.197Z,null,0,null,Act/360,SIB,SGD,MODFOLLOWING,CreditSpread,10800,null,4277,7066002,1,3,3543,2026-04-30,2026-05-01T10:22:42Z,2026-05-14,2026-05-14T13:17:15.473Z,vcurvealmcorprates.csv,gwam_dev_ds.inv_ga_typed.alm_curvealmcorprates | Slice: 2026-04-08 09:15:18.790000 to 2026-05-13 16:45:47.950000,ADB,2026-05-15T09:01:25.000424Z
2026-05-13,SGD_Public_BBB,EOD,ALM,AggregatedSpread,Cash,3m.SGD_Public_BBB,3m,3m,true,null,0.00107988,null,2026-05-13T16:30:06.197Z,null,0,null,Act/360,SIB,SGD,MODFOLLOWING,CreditSpread,90,null,4476,7066002,1,3,3543,2026-04-30,2026-05-01T10:22:42Z,2026-05-14,2026-05-14T13:17:15.473Z,vcurvealmcorprates.csv,gwam_dev_ds.inv_ga_typed.alm_curvealmcorprates | Slice: 2026-04-08 09:15:18.790000 to 2026-05-13 16:45:47.950000,ADB,2026-05-15T09:01:25.000424Z
2026-05-13,SGD_Public_BBB,EOD,ALM,AggregatedSpread,Bond,3y.SGD_Public_BBB,3y,3y,true,null,0.00488420,null,2026-05-13T16:30:06.197Z,null,0,null,Act/360,SIB,SGD,MODFOLLOWING,CreditSpread,1080,null,4675,7066002,1,3,3543,2026-04-30,2026-05-01T10:22:42Z,2026-05-14,2026-05-14T13:17:15.473Z,vcurvealmcorprates.csv,gwam_dev_ds.inv_ga_typed.alm_curvealmcorprates | Slice: 2026-04-08 09:15:18.790000 to 2026-05-13 16:45:47.950000,ADB,2026-05-15T09:01:25.000424Z
2026-05-13,SGD_Public_BBB,EOD,ALM,AggregatedSpread,Bond,5y.SGD_Public_BBB,5y,5y,true,null,0.00488420,null,2026-05-13T16:30:06.197Z,null,0,null,Act/360,SIB,SGD,MODFOLLOWING,CreditSpread,1800,null,4883,7066002,1,3,3543,2026-04-30,2026-05-01T10:22:42Z,2026-05-14,2026-05-14T13:17:15.473Z,vcurvealmcorprates.csv,gwam_dev_ds.inv_ga_typed.alm_curvealmcorprates | Slice: 2026-04-08 09:15:18.790000 to 2026-05-13 16:45:47.950000,ADB,2026-05-15T09:01:25.000424Z
2026-05-13,SGD_Public_BBB,EOD,ALM,AggregatedSpread,Cash,6m.SGD_Public_BBB,6m,6m,true,null,0.00107988,null,2026-05-13T16:30:06.197Z,null,0,null,Act/360,SIB,SGD,MODFOLLOWING,CreditSpread,180,null,5082,7066002,1,3,3543,2026-04-30,2026-05-01T10:22:42Z,2026-05-14,2026-05-14T13:17:15.473Z,vcurvealmcorprates.csv,gwam_dev_ds.inv_ga_typed.alm_curvealmcorprates | Slice: 2026-04-08 09:15:18.790000 to 2026-05-13 16:45:47.950000,ADB,2026-05-15T09:01:25.000424Z
2026-05-13,SGD_Public_BBB,EOD,ALM,AggregatedSpread,Bond,7y.SGD_Public_BBB,7y,7y,true,null,0.00534735,null,2026-05-13T16:30:06.197Z,null,0,null,Act/360,SIB,SGD,MODFOLLOWING,CreditSpread,2520,null,5285,7066002,1,3,3543,2026-04-30,2026-05-01T10:22:42Z,2026-05-14,2026-05-14T13:17:15.473Z,vcurvealmcorprates.csv,gwam_dev_ds.inv_ga_typed.alm_curvealmcorprates | Slice: 2026-04-08 09:15:18.790000 to 2026-05-13 16:45:47.950000,ADB,2026-05-15T09:01:25.000424Z
2026-05-13,EUR_Public_AA-,EOD,ALM,AggregatedSpread,Bond,10y.EUR_Public_AA-,10y,10y,true,null,0.00676801,null,2026-05-13T16:30:06.197Z,null,0,null,Act/360,ECU,EUR,MODFOLLOWING,CreditSpread,3600,null,3326,7068731,1,3,7483,2026-05-01,2026-05-04T10:23:30.133Z,2026-05-14,2026-05-14T13:17:15.473Z,vcurvealmcorprates.csv,gwam_dev_ds.inv_ga_typed.alm_curvealmcorprates | Slice: 2026-04-08 09:15:18.790000 to 2026-05-13 16:45:47.950000,ADB,2026-05-15T09:01:25.000424Z
2026-05-13,EUR_Public_AA-,EOD,ALM,AggregatedSpread,Bond,1y.EUR_Public_AA-,1y,1y,true,null,0.00292318,null,2026-05-13T16:30:06.197Z,null,0,null,Act/360,ECU,EUR,MODFOLLOWING,CreditSpread,360,null,3558,7068731,1,3,7483,2026-05-01,2026-05-04T10:23:30.133Z,2026-05-14,2026-05-14T13:17:15.473Z,vcurvealmcorprates.csv,gwam_dev_ds.inv_ga_typed.alm_curvealmcorprates | Slice: 2026-04-08 09:15:18.790000 to 2026-05-13 16:45:47.950000,ADB,2026-05-15T09:01:25.000424Z
2026-05-13,EUR_Public_AA-,EOD,ALM,AggregatedSpread,Bond,20y.EUR_Public_AA-,20y,20y,true,null,0.00763872,null,2026-05-13T16:30:06.197Z,null,0,null,Act/360,ECU,EUR,MODFOLLOWING,CreditSpread,7200,null,3757,7068731,1,3,7483,2026-05-01,2026-05-04T10:23:30.133Z,2026-05-14,2026-05-14T13:17:15.473Z,vcurvealmcorprates.csv,gwam_dev_ds.inv_ga_typed.alm_curvealmcorprates | Slice: 2026-04-08 09:15:18.790000 to 2026-05-13 16:45:47.950000,ADB,2026-05-15T09:01:25.000424Z
2026-05-13,EUR_Public_AA-,EOD,ALM,AggregatedSpread,Bond,2y.EUR_Public_AA-,2y,2y,true,null,0.00354767,null,2026-05-13T16:30:06.197Z,null,0,null,Act/360,ECU,EUR,MODFOLLOWING,CreditSpread,720,null,3967,7068731,1,3,7483,2026-05-01,2026-05-04T10:23:30.133Z,2026-05-14,2026-05-14T13:17:15.473Z,vcurvealmcorprates.csv,gwam_dev_ds.inv_ga_typed.alm_curvealmcorprates | Slice: 2026-04-08 09:15:18.790000 to 2026-05-13 16:45:47.950000,ADB,2026-05-15T09:01:25.000424Z
2026-05-13,EUR_Public_AA-,EOD,ALM,AggregatedSpread,Bond,30y.EUR_Public_AA-,30y,30y,true,null,0.00763872,null,2026-05-13T16:30:06.197Z,null,0,null,Act/360,ECU,EUR,MODFOLLOWING,CreditSpread,10800,null,4166,7068731,1,3,7483,2026-05-01,2026-05-04T10:23:30.133Z,2026-05-14,2026-05-14T13:17:15.473Z,vcurvealmcorprates.csv,gwam_dev_ds.inv_ga_typed.alm_curvealmcorprates | Slice: 2026-04-08 09:15:18.790000 to 2026-05-13 16:45:47.950000,ADB,2026-05-15T09:01:25.000424Z
2026-05-13,EUR_Public_AA-,EOD,ALM,AggregatedSpread,Cash,3m.EUR_Public_AA-,3m,3m,true,null,0.00292318,null,2026-05-13T16:30:06.197Z,null,0,null,Act/360,ECU,EUR,MODFOLLOWING,CreditSpread,90,null,4365,7068731,1,3,7483,2026-05-01,2026-05-04T10:23:30.133Z,2026-05-14,2026-05-14T13:17:15.473Z,vcurvealmcorprates.csv,gwam_dev_ds.inv_ga_typed.alm_curvealmcorprates | Slice: 2026-04-08 09:15:18.790000 to 2026-05-13 16:45:47.950000,ADB,2026-05-15T09:01:25.000424Z
2026-05-13,EUR_Public_AA-,EOD,ALM,AggregatedSpread,Bond,3y.EUR_Public_AA-,3y,3y,true,null,0.00411575,null,2026-05-13T16:30:06.197Z,null,0,null,Act/360,ECU,EUR,MODFOLLOWING,CreditSpread,1080,null,4564,7068731,1,3,7483,2026-05-01,2026-05-04T10:23:30.133Z,2026-05-14,2026-05-14T13:17:15.473Z,vcurvealmcorprates.csv,gwam_dev_ds.inv_ga_typed.alm_curvealmcorprates | Slice: 2026-04-08 09:15:18.790000 to 2026-05-13 16:45:47.950000,ADB,2026-05-15T09:01:25.000424Z
2026-05-13,EUR_Public_AA-,EOD,ALM,AggregatedSpread,Bond,5y.EUR_Public_AA-,5y,5y,true,null,0.00509482,null,2026-05-13T16:30:06.197Z,null,0,null,Act/360,ECU,EUR,MODFOLLOWING,CreditSpread,1800,null,4772,7068731,1,3,7483,2026-05-01,2026-05-04T10:23:30.133Z,2026-05-14,2026-05-14T13:17:15.473Z,vcurvealmcorprates.csv,gwam_dev_ds.inv_ga_typed.alm_curvealmcorprates | Slice: 2026-04-08 09:15:18.790000 to 2026-05-13 16:45:47.950000,ADB,2026-05-15T09:01:25.000424Z
2026-05-13,EUR_Public_AA-,EOD,ALM,AggregatedSpread,Cash,6m.EUR_Public_AA-,6m,6m,true,null,0.00292318,null,2026-05-13T16:30:06.197Z,null,0,null,Act/360,ECU,EUR,MODFOLLOWING,CreditSpread,180,null,4971,7068731,1,3,7483,2026-05-01,2026-05-04T10:23:30.133Z,2026-05-14,2026-05-14T13:17:15.473Z,vcurvealmcorprates.csv,gwam_dev_ds.inv_ga_typed.alm_curvealmcorprates | Slice: 2026-04-08 09:15:18.790000 to 2026-05-13 16:45:47.950000,ADB,2026-05-15T09:01:25.000424Z
2026-05-13,EUR_Public_AA-,EOD,ALM,AggregatedSpread,Bond,7y.EUR_Public_AA-,7y,7y,true,null,0.00588471,null,2026-05-13T16:30:06.197Z,null,0,null,Act/360,ECU,EUR,MODFOLLOWING,CreditSpread,2520,null,5174,7068731,1,3,7483,2026-05-01,2026-05-04T10:23:30.133Z,2026-05-14,2026-05-14T13:17:15.473Z,vcurvealmcorprates.csv,gwam_dev_ds.inv_ga_typed.alm_curvealmcorprates | Slice: 2026-04-08 09:15:18.790000 to 2026-05-13 16:45:47.950000,ADB,2026-05-15T09:01:25.000424Z
2026-05-13,CAD_Public_A+,EOD,ALM,AggregatedSpread,Cash,6m.CAD_Public_A,6m,6m,true,null,0.00528808,null,2026-05-13T16:30:06.197Z,null,0,Annual,Act/365,TRB,CAD,MODFOLLOWING,CreditSpread,180,null,1029,7068845,1,3,9532,2026-05-01,2026-05-04T11:10:02.387Z,2026-05-14,2026-05-14T13:17:15.473Z,vcurvealmcorprates.csv,gwam_dev_ds.inv_ga_typed.alm_curvealmcorprates | Slice: 2026-04-08 09:15:18.790000 to 2026-05-13 16:45:47.950000,ADB,2026-05-15T09:01:25.000424Z
2026-05-13,CAD_Public_A+,EOD,ALM,AggregatedSpread,Cash,1y.CAD_Public_A,1y,1y,true,null,0.00528808,null,2026-05-13T16:30:06.197Z,null,0,Annual,Act/365,TRB,CAD,MODFOLLOWING,CreditSpread,360,null,1030,7068845,1,3,9532,2026-05-01,2026-05-04T11:10:02.387Z,2026-05-14,2026-05-14T13:17:15.473Z,vcurvealmcorprates.csv,gwam_dev_ds.inv_ga_typed.alm_curvealmcorprates | Slice: 2026-04-08 09:15:18.790000 to 2026-05-13 16:45:47.950000,ADB,2026-05-15T09:01:25.000424Z
2026-05-13,ADB_ADB.CNY_Public_BBB-,EOD,ALM,AggregatedSpread,Cash,3m.ADB_ADB.CNY_Public_BBB-,3m,3m,true,null,0.00790587,null,2026-05-13T16:30:06.197Z,null,0,null,Act/360,NYB,ADB,MODFOLLOWING,CreditSpread,90,null,8544,7072924,1,3,9800,2026-05-05,2026-05-06T10:30:37.44Z,2026-05-14,2026-05-14T13:17:15.473Z,vcurvealmcorprates.csv,gwam_dev_ds.inv_ga_typed.alm_curvealmcorprates | Slice: 2026-04-08 09:15:18.790000 to 2026-05-13 16:45:47.950000,ADB,2026-05-15T09:01:25.000424Z
2026-05-13,ADB_ADB.CNY_Public_BBB-,EOD,ALM,AggregatedSpread,Cash,6m.ADB_ADB.CNY_Public_BBB-,6m,6m,true,null,0.00790587,null,2026-05-13T16:30:06.197Z,null,0,null,Act/360,NYB,ADB,MODFOLLOWING,CreditSpread,180,null,8545,7072924,1,3,9800,2026-05-05,2026-05-06T10:30:37.44Z,2026-05-14,2026-05-14T13:17:15.473Z,vcurvealmcorprates.csv,gwam_dev_ds.inv_ga_typed.alm_curvealmcorprates | Slice: 2026-04-08 09:15:18.790000 to 2026-05-13 16:45:47.950000,ADB,2026-05-15T09:01:25.000424Z
2026-05-13,ADB_ADB.CNY_Public_BBB-,EOD,ALM,AggregatedSpread,Bond,1y.ADB_ADB.CNY_Public_BBB-,1y,1y,true,null,0.00790587,null,2026-05-13T16:30:06.197Z,null,0,null,Act/360,NYB,ADB,MODFOLLOWING,CreditSpread,360,null,8546,7072924,1,3,9800,2026-05-05,2026-05-06T10:30:37.44Z,2026-05-14,2026-05-14T13:17:15.473Z,vcurvealmcorprates.csv,gwam_dev_ds.inv_ga_typed.alm_curvealmcorprates | Slice: 2026-04-08 09:15:18.790000 to 2026-05-13 16:45:47.950000,ADB,2026-05-15T09:01:25.000424Z
2026-05-13,ADB_ADB.CNY_Public_BBB-,EOD,ALM,AggregatedSpread,Bond,2y.ADB_ADB.CNY_Public_BBB-,2y,2y,true,null,0.00703924,null,2026-05-13T16:30:06.197Z,null,0,null,Act/360,NYB,ADB,MODFOLLOWING,CreditSpread,720,null,8547,7072924,1,3,9800,2026-05-05,2026-05-06T10:30:37.44Z,2026-05-14,2026-05-14T13:17:15.473Z,vcurvealmcorprates.csv,gwam_dev_ds.inv_ga_typed.alm_curvealmcorprates | Slice: 2026-04-08 09:15:18.790000 to 2026-05-13 16:45:47.950000,ADB,2026-05-15T09:01:25.000424Z
2026-05-13,ADB_ADB.CNY_Public_BBB-,EOD,ALM,AggregatedSpread,Bond,3y.ADB_ADB.CNY_Public_BBB-,3y,3y,true,null,0.00658043,null,2026-05-13T16:30:06.197Z,null,0,null,Act/360,NYB,ADB,MODFOLLOWING,CreditSpread,1080,null,8548,7072924,1,3,9800,2026-05-05,2026-05-06T10:30:37.44Z,2026-05-14,2026-05-14T13:17:15.473Z,vcurvealmcorprates.csv,gwam_dev_ds.inv_ga_typed.alm_curvealmcorprates | Slice: 2026-04-08 09:15:18.790000 to 2026-05-13 16:45:47.950000,ADB,2026-05-15T09:01:25.000424Z
2026-05-13,ADB_ADB.CNY_Public_BBB-,EOD,ALM,AggregatedSpread,Bond,5y.ADB_ADB.CNY_Public_BBB-,5y,5y,true,null,0.00680794,null,2026-05-13T16:30:06.197Z,null,0,null,Act/360,NYB,ADB,MODFOLLOWING,CreditSpread,1800,null,8549,7072924,1,3,9800,2026-05-05,2026-05-06T10:30:37.44Z,2026-05-14,2026-05-14T13:17:15.473Z,vcurvealmcorprates.csv,gwam_dev_ds.inv_ga_typed.alm_curvealmcorprates | Slice: 2026-04-08 09:15:18.790000 to 2026-05-13 16:45:47.950000,ADB,2026-05-15T09:01:25.000424Z
2026-05-13,ADB_ADB.CNY_Public_BBB-,EOD,ALM,AggregatedSpread,Bond,7y.ADB_ADB.CNY_Public_BBB-,7y,7y,true,null,0.00825375,null,2026-05-13T16:30:06.197Z,null,0,null,Act/360,NYB,ADB,MODFOLLOWING,CreditSpread,2520,null,8550,7072924,1,3,9800,2026-05-05,2026-05-06T10:30:37.44Z,2026-05-14,2026-05-14T13:17:15.473Z,vcurvealmcorprates.csv,gwam_dev_ds.inv_ga_typed.alm_curvealmcorprates | Slice: 2026-04-08 09:15:18.790000 to 2026-05-13 16:45:47.950000,ADB,2026-05-15T09:01:25.000424Z
2026-05-13,ADB_ADB.CNY_Public_BBB-,EOD,ALM,AggregatedSpread,Bond,10y.ADB_ADB.CNY_Public_BBB-,10y,10y,true,null,0.01195812,null,2026-05-13T16:30:06.197Z,null,0,null,Act/360,NYB,ADB,MODFOLLOWING,CreditSpread,3600,null,8551,7072924,1,3,9800,2026-05-05,2026-05-06T10:30:37.44Z,2026-05-14,2026-05-14T13:17:15.473Z,vcurvealmcorprates.csv,gwam_dev_ds.inv_ga_typed.alm_curvealmcorprates | Slice: 2026-04-08 09:15:18.790000 to 2026-05-13 16:45:47.950000,ADB,2026-05-15T09:01:25.000424Z
2026-05-13,ADB_ADB.CNY_Public_BBB-,EOD,ALM,AggregatedSpread,Bond,20y.ADB_ADB.CNY_Public_BBB-,20y,20y,true,null,0.01190938,null,2026-05-13T16:30:06.197Z,null,0,null,Act/360,NYB,ADB,MODFOLLOWING,CreditSpread,7200,null,8552,7072924,1,3,9800,2026-05-05,2026-05-06T10:30:37.44Z,2026-05-14,2026-05-14T13:17:15.473Z,vcurvealmcorprates.csv,gwam_dev_ds.inv_ga_typed.alm_curvealmcorprates | Slice: 2026-04-08 09:15:18.790000 to 2026-05-13 16:45:47.950000,ADB,2026-05-15T09:01:25.000424Z
2026-05-13,ADB_ADB.CNY_Public_BBB-,EOD,ALM,AggregatedSpread,Bond,30y.ADB_ADB.CNY_Public_BBB-,30y,30y,true,null,0.01180922,null,2026-05-13T16:30:06.197Z,null,0,null,Act/360,NYB,ADB,MODFOLLOWING,CreditSpread,10800,null,8553,7072924,1,3,9800,2026-05-05,2026-05-06T10:30:37.44Z,2026-05-14,2026-05-14T13:17:15.473Z,vcurvealmcorprates.csv,gwam_dev_ds.inv_ga_typed.alm_curvealmcorprates | Slice: 2026-04-08 09:15:18.790000 to 2026-05-13 16:45:47.950000,ADB,2026-05-15T09:01:25.000424Z
2026-05-13,CAD_Provincial_A,EOD,ALM,AggregatedSpread,Cash,3m.CAD_Provincial_A,3m,3m,true,null,0.00083300,null,2026-05-13T16:30:06.197Z,null,0,Annual,Act/365,TRB,CAD,MODFOLLOWING,CreditSpread,90,null,998,7066148,1,3,65,2026-04-30,2026-05-01T11:03:54.837Z,2026-05-14,2026-05-14T13:17:15.473Z,vcurvealmcorprates.csv,gwam_dev_ds.inv_ga_typed.alm_curvealmcorprates | Slice: 2026-04-08 09:15:18.790000 to 2026-05-13 16:45:47.950000,ADB,2026-05-15T09:01:25.000424Z
2026-05-13,CAD_Provincial_A,EOD,ALM,AggregatedSpread,Cash,6m.CAD_Provincial_A,6m,6m,true,null,0.00083300,null,2026-05-13T16:30:06.197Z,null,0,Annual,Act/365,TRB,CAD,MODFOLLOWING,CreditSpread,180,null,999,7066148,1,3,65,2026-04-30,2026-05-01T11:03:54.837Z,2026-05-14,2026-05-14T13:17:15.473Z,vcurvealmcorprates.csv,gwam_dev_ds.inv_ga_typed.alm_curvealmcorprates | Slice: 2026-04-08 09:15:18.790000 to 2026-05-13 16:45:47.950000,ADB,2026-05-15T09:01:25.000424Z
2026-05-13,CAD_Provincial_A,EOD,ALM,AggregatedSpread,Cash,1y.CAD_Provincial_A,1y,1y,true,null,0.00083300,null,2026-05-13T16:30:06.197Z,null,0,Annual,Act/365,TRB,CAD,MODFOLLOWING,CreditSpread,360,null,1000,7066148,1,3,65,2026-04-30,2026-05-01T11:03:54.837Z,2026-05-14,2026-05-14T13:17:15.473Z,vcurvealmcorprates.csv,gwam_dev_ds.inv_ga_typed.alm_curvealmcorprates | Slice: 2026-04-08 09:15:18.790000 to 2026-05-13 16:45:47.950000,ADB,2026-05-15T09:01:25.000424Z
2026-05-13,CAD_Provincial_A,EOD,ALM,AggregatedSpread,Bond,2y.CAD_Provincial_A,2y,2y,true,null,0.00042800,null,2026-05-13T16:30:06.197Z,null,1,Semi Annual,Act/Act,TRB,CAD,MODFOLLOWING,CreditSpread,720,null,1001,7066148,1,3,65,2026-04-30,2026-05-01T11:03:54.837Z,2026-05-14,2026-05-14T13:17:15.473Z,vcurvealmcorprates.csv,gwam_dev_ds.inv_ga_typed.alm_curvealmcorprates | Slice: 2026-04-08 09:15:18.790000 to 2026-05-13 16:45:47.950000,ADB,2026-05-15T09:01:25.000424Z
2026-05-13,CAD_Provincial_A,EOD,ALM,AggregatedSpread,Bond,3y.CAD_Provincial_A,3y,3y,true,null,0.00083300,null,2026-05-13T16:30:06.197Z,null,1,Semi Annual,Act/Act,TRB,CAD,MODFOLLOWING,CreditSpread,1080,null,1002,7066148,1,3,65,2026-04-30,2026-05-01T11:03:54.837Z,2026-05-14,2026-05-14T13:17:15.473Z,vcurvealmcorprates.csv,gwam_dev_ds.inv_ga_typed.alm_curvealmcorprates | Slice: 2026-04-08 09:15:18.790000 to 2026-05-13 16:45:47.950000,ADB,2026-05-15T09:01:25.000424Z
2026-05-13,CAD_Provincial_A,EOD,ALM,AggregatedSpread,Bond,5y.CAD_Provincial_A,5y,5y,true,null,0.00181900,null,2026-05-13T16:30:06.197Z,null,1,Semi Annual,Act/Act,TRB,CAD,MODFOLLOWING,CreditSpread,1800,null,1003,7066148,1,3,65,2026-04-30,2026-05-01T11:03:54.837Z,2026-05-14,2026-05-14T13:17:15.473Z,vcurvealmcorprates.csv,gwam_dev_ds.inv_ga_typed.alm_curvealmcorprates | Slice: 2026-04-08 09:15:18.790000 to 2026-05-13 16:45:47.950000,ADB,2026-05-15T09:01:25.000424Z
2026-05-13,CAD_Provincial_A,EOD,ALM,AggregatedSpread,Bond,7y.CAD_Provincial_A,7y,7y,true,null,0.00265500,null,2026-05-13T16:30:06.197Z,null,1,Semi Annual,Act/Act,TRB,CAD,MODFOLLOWING,CreditSpread,2520,null,1004,7066148,1,3,65,2026-04-30,2026-05-01T11:03:54.837Z,2026-05-14,2026-05-14T13:17:15.473Z,vcurvealmcorprates.csv,gwam_dev_ds.inv_ga_typed.alm_curvealmcorprates | Slice: 2026-04-08 09:15:18.790000 to 2026-05-13 16:45:47.950000,ADB,2026-05-15T09:01:25.000424Z
2026-05-13,CAD_Provincial_A,EOD,ALM,AggregatedSpread,Bond,10y.CAD_Provincial_A,10y,10y,true,null,0.00437200,null,2026-05-13T16:30:06.197Z,null,1,Semi Annual,Act/Act,TRB,CAD,MODFOLLOWING,CreditSpread,3600,null,1005,7066148,1,3,65,2026-04-30,2026-05-01T11:03:54.837Z,2026-05-14,2026-05-14T13:17:15.473Z,vcurvealmcorprates.csv,gwam_dev_ds.inv_ga_typed.alm_curvealmcorprates | Slice: 2026-04-08 09:15:18.790000 to 2026-05-13 16:45:47.950000,ADB,2026-05-15T09:01:25.000424Z
2026-05-13,CAD_Provincial_A,EOD,ALM,AggregatedSpread,Bond,20y.CAD_Provincial_A,20y,20y,true,null,0.00776400,null,2026-05-13T16:30:06.197Z,null,1,Semi Annual,Act/Act,TRB,CAD,MODFOLLOWING,CreditSpread,7200,null,1006,7066148,1,3,65,2026-04-30,2026-05-01T11:03:54.837Z,2026-05-14,2026-05-14T13:17:15.473Z,vcurvealmcorprates.csv,gwam_dev_ds.inv_ga_typed.alm_curvealmcorprates | Slice: 2026-04-08 09:15:18.790000 to 2026-05-13 16:45:47.950000,ADB,2026-05-15T09:01:25.000424Z
2026-05-13,CAD_Provincial_A,EOD,ALM,AggregatedSpread,Bond,30y.CAD_Provincial_A,30y,30y,true,null,0.00716400,null,2026-05-13T16:30:06.197Z,null,1,Semi Annual,Act/Act,TRB,CAD,MODFOLLOWING,CreditSpread,10800,null,1007,7066148,1,3,65,2026-04-30,2026-05-01T11:03:54.837Z,2026-05-14,2026-05-14T13:17:15.473Z,vcurvealmcorprates.csv,gwam_dev_ds.inv_ga_typed.alm_curvealmcorprates | Slice: 2026-04-08 09:15:18.790000 to 2026-05-13 16:45:47.950000,ADB,2026-05-15T09:01:25.000424Z
2026-05-13,USD_Public_AA+,EOD,ALM,AggregatedSpread,Cash,1y.USD_Public_AA+,1y,1y,true,null,0.00041095,null,2026-05-13T16:30:06.197Z,null,1,Semi Annual,ACT/ACT,NYB,USD,MODFOLLOWING,CreditSpread,360,null,1322,7072817,2,3,7427,2026-05-05,2026-05-06T09:53:53.443Z,2026-05-14,2026-05-14T13:17:15.473Z,vcurvealmcorprates.csv,gwam_dev_ds.inv_ga_typed.alm_curvealmcorprates | Slice: 2026-04-08 09:15:18.790000 to 2026-05-13 16:45:47.950000,ADB,2026-05-15T09:01:25.000424Z
2026-05-13,USD_Public_AA+,EOD,ALM,AggregatedSpread,Bond,2y.USD_Public_AA+,2y,2y,true,null,0.00105989,null,2026-05-13T16:30:06.197Z,null,1,Semi Annual,ACT/ACT,NYB,USD,MODFOLLOWING,CreditSpread,720,null,1323,7072817,2,3,7427,2026-05-05,2026-05-06T09:53:53.443Z,2026-05-14,2026-05-14T13:17:15.473Z,vcurvealmcorprates.csv,gwam_dev_ds.inv_ga_typed.alm_curvealmcorprates | Slice: 2026-04-08 09:15:18.790000 to 2026-05-13 16:45:47.950000,ADB,2026-05-15T09:01:25.000424Z
2026-05-13,USD_Public_AA+,EOD,ALM,AggregatedSpread,Bond,3y.USD_Public_AA+,3y,3y,true,null,0.00164556,null,2026-05-13T16:30:06.197Z,null,1,Semi Annual,ACT/ACT,NYB,USD,MODFOLLOWING,CreditSpread,1080,null,1324,7072817,2,3,7427,2026-05-05,2026-05-06T09:53:53.443Z,2026-05-14,2026-05-14T13:17:15.473Z,vcurvealmcorprates.csv,gwam_dev_ds.inv_ga_typed.alm_curvealmcorprates | Slice: 2026-04-08 09:15:18.790000 to 2026-05-13 16:45:47.950000,ADB,2026-05-15T09:01:25.000424Z
2026-05-13,USD_Public_AA+,EOD,ALM,AggregatedSpread,Bond,5y.USD_Public_AA+,5y,5y,true,null,0.00263955,null,2026-05-13T16:30:06.197Z,null,1,Semi Annual,ACT/ACT,NYB,USD,MODFOLLOWING,CreditSpread,1800,null,1325,7072817,2,3,7427,2026-05-05,2026-05-06T09:53:53.443Z,2026-05-14,2026-05-14T13:17:15.473Z,vcurvealmcorprates.csv,gwam_dev_ds.inv_ga_typed.alm_curvealmcorprates | Slice: 2026-04-08 09:15:18.790000 to 2026-05-13 16:45:47.950000,ADB,2026-05-15T09:01:25.000424Z
2026-05-13,USD_Public_AA+,EOD,ALM,AggregatedSpread,Bond,7y.USD_Public_AA+,7y,7y,true,null,0.00341784,null,2026-05-13T16:30:06.197Z,null,1,Semi Annual,ACT/ACT,NYB,USD,MODFOLLOWING,CreditSpread,2520,null,1326,7072817,2,3,7427,2026-05-05,2026-05-06T09:53:53.443Z,2026-05-14,2026-05-14T13:17:15.473Z,vcurvealmcorprates.csv,gwam_dev_ds.inv_ga_typed.alm_curvealmcorprates | Slice: 2026-04-08 09:15:18.790000 to 2026-05-13 16:45:47.950000,ADB,2026-05-15T09:01:25.000424Z
2026-05-13,USD_Public_AA+,EOD,ALM,AggregatedSpread,Bond,10y.USD_Public_AA+,10y,10y,true,null,0.00423534,null,2026-05-13T16:30:06.197Z,null,1,Semi Annual,ACT/ACT,NYB,USD,MODFOLLOWING,CreditSpread,3600,null,1327,7072817,2,3,7427,2026-05-05,2026-05-06T09:53:53.443Z,2026-05-14,2026-05-14T13:17:15.473Z,vcurvealmcorprates.csv,gwam_dev_ds.inv_ga_typed.alm_curvealmcorprates | Slice: 2026-04-08 09:15:18.790000 to 2026-05-13 16:45:47.950000,ADB,2026-05-15T09:01:25.000424Z
2026-05-13,USD_Public_AA+,EOD,ALM,AggregatedSpread,Bond,20y.USD_Public_AA+,20y,20y,true,null,0.00458035,null,2026-05-13T16:30:06.197Z,null,1,Semi Annual,ACT/ACT,NYB,USD,MODFOLLOWING,CreditSpread,7200,null,1328,7072817,2,3,7427,2026-05-05,2026-05-06T09:53:53.443Z,2026-05-14,2026-05-14T13:17:15.473Z,vcurvealmcorprates.csv,gwam_dev_ds.inv_ga_typed.alm_curvealmcorprates | Slice: 2026-04-08 09:15:18.790000 to 2026-05-13 16:45:47.950000,ADB,2026-05-15T09:01:25.000424Z
2026-05-13,USD_Public_AA+,EOD,ALM,AggregatedSpread,Bond,30y.USD_Public_AA+,30y,30y,true,null,0.00492535,null,2026-05-13T16:30:06.197Z,null,1,Semi Annual,ACT/ACT,NYB,USD,MODFOLLOWING,CreditSpread,10800,null,1329,7072817,2,3,7427,2026-05-05,2026-05-06T09:53:53.443Z,2026-05-14,2026-05-14T13:17:15.473Z,vcurvealmcorprates.csv,gwam_dev_ds.inv_ga_typed.alm_curvealmcorprates | Slice: 2026-04-08 09:15:18.790000 to 2026-05-13 16:45:47.950000,ADB,2026-05-15T09:01:25.000424Z
2026-05-13,USD_Public_AA+,EOD,ALM,AggregatedSpread,Cash,3m.USD_Public_AA+,3m,3m,true,null,0.00041095,null,2026-05-13T16:30:06.197Z,null,1,Annual,Act/360,NYB,USD,MODFOLLOWING,CreditSpread,90,null,1540,7072817,2,3,7427,2026-05-05,2026-05-06T09:53:53.443Z,2026-05-14,2026-05-14T13:17:15.473Z,vcurvealmcorprates.csv,gwam_dev_ds.inv_ga_typed.alm_curvealmcorprates | Slice: 2026-04-08 09:15:18.790000 to 2026-05-13 16:45:47.950000,ADB,2026-05-15T09:01:25.000424Z
2026-05-13,USD_Public_AA+,EOD,ALM,AggregatedSpread,Cash,6m.USD_Public_AA+,6m,6m,true,null,0.00041095,null,2026-05-13T16:30:06.197Z,null,1,Annual,Act/360,NYB,USD,MODFOLLOWING,CreditSpread,180,null,1547,7072817,2,3,7427,2026-05-05,2026-05-06T09:53:53.443Z,2026-05-14,2026-05-14T13:17:15.473Z,vcurvealmcorprates.csv,gwam_dev_ds.inv_ga_typed.alm_curvealmcorprates | Slice: 2026-04-08 09:15:18.790000 to 2026-05-13 16:45:47.950000,ADB,2026-05-15T09:01:25.000424Z
2026-05-13,ADB_ADB.ALL_Public_AA+,EOD,ALM,AggregatedSpread,Cash,3m.ADB_ADB.ALL_Public_AA+,3m,3m,true,null,0.00263799,null,2026-05-13T16:30:06.197Z,null,0,null,Act/360,NYB,ADB,MODFOLLOWING,CreditSpread,90,null,8454,7072905,1,3,9793,2026-05-05,2026-05-06T10:22:25.443Z,2026-05-14,2026-05-14T13:17:15.473Z,vcurvealmcorprates.csv,gwam_dev_ds.inv_ga_typed.alm_curvealmcorprates | Slice: 2026-04-08 09:15:18.790000 to 2026-05-13 16:45:47.950000,ADB,2026-05-15T09:01:25.000424Z
2026-05-13,ADB_ADB.ALL_Public_AA+,EOD,ALM,AggregatedSpread,Cash,6m.ADB_ADB.ALL_Public_AA+,6m,6m,true,null,0.00263799,null,2026-05-13T16:30:06.197Z,null,0,null,Act/360,NYB,ADB,MODFOLLOWING,CreditSpread,180,null,8455,7072905,1,3,9793,2026-05-05,2026-05-06T10:22:25.443Z,2026-05-14,2026-05-14T13:17:15.473Z,vcurvealmcorprates.csv,gwam_dev_ds.inv_ga_typed.alm_curvealmcorprates | Slice: 2026-04-08 09:15:18.790000 to 2026-05-13 16:45:47.950000,ADB,2026-05-15T09:01:25.000424Z
2026-05-13,ADB_ADB.ALL_Public_AA+,EOD,ALM,AggregatedSpread,Bond,1y.ADB_ADB.ALL_Public_AA+,1y,1y,true,null,0.00263799,null,2026-05-13T16:30:06.197Z,null,0,null,Act/360,NYB,ADB,MODFOLLOWING,CreditSpread,360,null,8456,7072905,1,3,9793,2026-05-05,2026-05-06T10:22:25.443Z,2026-05-14,2026-05-14T13:17:15.473Z,vcurvealmcorprates.csv,gwam_dev_ds.inv_ga_typed.alm_curvealmcorprates | Slice: 2026-04-08 09:15:18.790000 to 2026-05-13 16:45:47.950000,ADB,2026-05-15T09:01:25.000424Z
2026-05-13,ADB_ADB.ALL_Public_AA+,EOD,ALM,AggregatedSpread,Bond,2y.ADB_ADB.ALL_Public_AA+,2y,2y,true,null,0.00228453,null,2026-05-13T16:30:06.197Z,null,0,null,Act/360,NYB,ADB,MODFOLLOWING,CreditSpread,720,null,8457,7072905,1,3,9793,2026-05-05,2026-05-06T10:22:25.443Z,2026-05-14,2026-05-14T13:17:15.473Z,vcurvealmcorprates.csv,gwam_dev_ds.inv_ga_typed.alm_curvealmcorprates | Slice: 2026-04-08 09:15:18.790000 to 2026-05-13 16:45:47.950000,ADB,2026-05-15T09:01:25.000424Z
2026-05-13,ADB_ADB.ALL_Public_AA+,EOD,ALM,AggregatedSpread,Bond,3y.ADB_ADB.ALL_Public_AA+,3y,3y,true,null,0.00196745,null,2026-05-13T16:30:06.197Z,null,0,null,Act/360,NYB,ADB,MODFOLLOWING,CreditSpread,1080,null,8458,7072905,1,3,9793,2026-05-05,2026-05-06T10:22:25.443Z,2026-05-14,2026-05-14T13:17:15.473Z,vcurvealmcorprates.csv,gwam_dev_ds.inv_ga_typed.alm_curvealmcorprates | Slice: 2026-04-08 09:15:18.790000 to 2026-05-13 16:45:47.950000,ADB,2026-05-15T09:01:25.000424Z
2026-05-13,ADB_ADB.ALL_Public_AA+,EOD,ALM,AggregatedSpread,Bond,5y.ADB_ADB.ALL_Public_AA+,5y,5y,true,null,0.00140526,null,2026-05-13T16:30:06.197Z,null,0,null,Act/360,NYB,ADB,MODFOLLOWING,CreditSpread,1800,null,8459,7072905,1,3,9793,2026-05-05,2026-05-06T10:22:25.443Z,2026-05-14,2026-05-14T13:17:15.473Z,vcurvealmcorprates.csv,gwam_dev_ds.inv_ga_typed.alm_curvealmcorprates | Slice: 2026-04-08 09:15:18.790000 to 2026-05-13 16:45:47.950000,ADB,2026-05-15T09:01:25.000424Z
2026-05-13,ADB_ADB.ALL_Public_AA+,EOD,ALM,AggregatedSpread,Bond,7y.ADB_ADB.ALL_Public_AA+,7y,7y,true,null,0.00097745,null,2026-05-13T16:30:06.197Z,null,0,null,Act/360,NYB,ADB,MODFOLLOWING,CreditSpread,2520,null,8460,7072905,1,3,9793,2026-05-05,2026-05-06T10:22:25.443Z,2026-05-14,2026-05-14T13:17:15.473Z,vcurvealmcorprates.csv,gwam_dev_ds.inv_ga_typed.alm_curvealmcorprates | Slice: 2026-04-08 09:15:18.790000 to 2026-05-13 16:45:47.950000,ADB,2026-05-15T09:01:25.000424Z
2026-05-13,ADB_ADB.ALL_Public_AA+,EOD,ALM,AggregatedSpread,Bond,10y.ADB_ADB.ALL_Public_AA+,10y,10y,true,null,0.00055363,null,2026-05-13T16:30:06.197Z,null,0,null,Act/360,NYB,ADB,MODFOLLOWING,CreditSpread,3600,null,8461,7072905,1,3,9793,2026-05-05,2026-05-06T10:22:25.443Z,2026-05-14,2026-05-14T13:17:15.473Z,vcurvealmcorprates.csv,gwam_dev_ds.inv_ga_typed.alm_curvealmcorprates | Slice: 2026-04-08 09:15:18.790000 to 2026-05-13 16:45:47.950000,ADB,2026-05-15T09:01:25.000424Z
2026-05-13,ADB_ADB.ALL_Public_AA+,EOD,ALM,AggregatedSpread,Bond,20y.ADB_ADB.ALL_Public_AA+,20y,20y,true,null,-0.00013700,null,2026-05-13T16:30:06.197Z,null,0,null,Act/360,NYB,ADB,MODFOLLOWING,CreditSpread,7200,null,8462,7072905,1,3,9793,2026-05-05,2026-05-06T10:22:25.443Z,2026-05-14,2026-05-14T13:17:15.473Z,vcurvealmcorprates.csv,gwam_dev_ds.inv_ga_typed.alm_curvealmcorprates | Slice: 2026-04-08 09:15:18.790000 to 2026-05-13 16:45:47.950000,ADB,2026-05-15T09:01:25.000424Z
2026-05-13,ADB_ADB.ALL_Public_AA+,EOD,ALM,AggregatedSpread,Bond,30y.ADB_ADB.ALL_Public_AA+,30y,30y,true,null,-0.00087488,null,2026-05-13T16:30:06.197Z,null,0,null,Act/360,NYB,ADB,MODFOLLOWING,CreditSpread,10800,null,8463,7072905,1,3,9793,2026-05-05,2026-05-06T10:22:25.443Z,2026-05-14,2026-05-14T13:17:15.473Z,vcurvealmcorprates.csv,gwam_dev_ds.inv_ga_typed.alm_curvealmcorprates | Slice: 2026-04-08 09:15:18.790000 to 2026-05-13 16:45:47.950000,ADB,2026-05-15T09:01:25.000424Z
2026-05-13,CAD_Public_A,EOD,ALM,AggregatedSpread,Cash,3m.CAD_Public_A,3m,3m,true,null,0.00536859,null,2026-05-13T16:30:06.197Z,null,0,Annual,Act/365,TRB,CAD,MODFOLLOWING,CreditSpread,90,null,1028,7068838,1,3,68,2026-05-01,2026-05-04T11:10:02.387Z,2026-05-14,2026-05-14T13:17:15.473Z,vcurvealmcorprates.csv,gwam_dev_ds.inv_ga_typed.alm_curvealmcorprates | Slice: 2026-04-08 09:15:18.790000 to 2026-05-13 16:45:47.950000,ADB,2026-05-15T09:01:25.000424Z
2026-05-13,CAD_Public_A,EOD,ALM,AggregatedSpread,Cash,6m.CAD_Public_A,6m,6m,true,null,0.00536859,null,2026-05-13T16:30:06.197Z,null,0,Annual,Act/365,TRB,CAD,MODFOLLOWING,CreditSpread,180,null,1029,7068838,1,3,68,2026-05-01,2026-05-04T11:10:02.387Z,2026-05-14,2026-05-14T13:17:15.473Z,vcurvealmcorprates.csv,gwam_dev_ds.inv_ga_typed.alm_curvealmcorprates | Slice: 2026-04-08 09:15:18.790000 to 2026-05-13 16:45:47.950000,ADB,2026-05-15T09:01:25.000424Z
2026-05-13,CAD_Public_A,EOD,ALM,AggregatedSpread,Cash,1y.CAD_Public_A,1y,1y,true,null,0.00536859,null,2026-05-13T16:30:06.197Z,null,0,Annual,Act/365,TRB,CAD,MODFOLLOWING,CreditSpread,360,null,1030,7068838,1,3,68,2026-05-01,2026-05-04T11:10:02.387Z,2026-05-14,2026-05-14T13:17:15.473Z,vcurvealmcorprates.csv,gwam_dev_ds.inv_ga_typed.alm_curvealmcorprates | Slice: 2026-04-08 09:15:18.790000 to 2026-05-13 16:45:47.950000,ADB,2026-05-15T09:01:25.000424Z
2026-05-13,CAD_Public_A,EOD,ALM,AggregatedSpread,Bond,2y.CAD_Public_A,2y,2y,true,null,0.00562224,null,2026-05-13T16:30:06.197Z,null,1,Semi Annual,Act/Act,TRB,CAD,MODFOLLOWING,CreditSpread,720,null,1031,7068838,1,3,68,2026-05-01,2026-05-04T11:10:02.387Z,2026-05-14,2026-05-14T13:17:15.473Z,vcurvealmcorprates.csv,gwam_dev_ds.inv_ga_typed.alm_curvealmcorprates | Slice: 2026-04-08 09:15:18.790000 to 2026-05-13 16:45:47.950000,ADB,2026-05-15T09:01:25.000424Z
2026-05-13,CAD_Public_A,EOD,ALM,AggregatedSpread,Bond,3y.CAD_Public_A,3y,3y,true,null,0.00607972,null,2026-05-13T16:30:06.197Z,null,1,Semi Annual,Act/Act,TRB,CAD,MODFOLLOWING,CreditSpread,1080,null,1032,7068838,1,3,68,2026-05-01,2026-05-04T11:10:02.387Z,2026-05-14,2026-05-14T13:17:15.473Z,vcurvealmcorprates.csv,gwam_dev_ds.inv_ga_typed.alm_curvealmcorprates | Slice: 2026-04-08 09:15:18.790000 to 2026-05-13 16:45:47.950000,ADB,2026-05-15T09:01:25.000424Z
2026-05-13,CAD_Public_A,EOD,ALM,AggregatedSpread,Bond,5y.CAD_Public_A,5y,5y,true,null,0.00704540,null,2026-05-13T16:30:06.197Z,null,1,Semi Annual,Act/Act,TRB,CAD,MODFOLLOWING,CreditSpread,1800,null,1033,7068838,1,3,68,2026-05-01,2026-05-04T11:10:02.387Z,2026-05-14,2026-05-14T13:17:15.473Z,vcurvealmcorprates.csv,gwam_dev_ds.inv_ga_typed.alm_curvealmcorprates | Slice: 2026-04-08 09:15:18.790000 to 2026-05-13 16:45:47.950000,ADB,2026-05-15T09:01:25.000424Z
2026-05-13,CAD_Public_A,EOD,ALM,AggregatedSpread,Bond,7y.CAD_Public_A,7y,7y,true,null,0.00792802,null,2026-05-13T16:30:06.197Z,null,1,Semi Annual,Act/Act,TRB,CAD,MODFOLLOWING,CreditSpread,2520,null,1034,7068838,1,3,68,2026-05-01,2026-05-04T11:10:02.387Z,2026-05-14,2026-05-14T13:17:15.473Z,vcurvealmcorprates.csv,gwam_dev_ds.inv_ga_typed.alm_curvealmcorprates | Slice: 2026-04-08 09:15:18.790000 to 2026-05-13 16:45:47.950000,ADB,2026-05-15T09:01:25.000424Z
2026-05-13,CAD_Public_A,EOD,ALM,AggregatedSpread,Bond,10y.CAD_Public_A,10y,10y,true,null,0.00903653,null,2026-05-13T16:30:06.197Z,null,1,Semi Annual,Act/Act,TRB,CAD,MODFOLLOWING,CreditSpread,3600,null,1035,7068838,1,3,68,2026-05-01,2026-05-04T11:10:02.387Z,2026-05-14,2026-05-14T13:17:15.473Z,vcurvealmcorprates.csv,gwam_dev_ds.inv_ga_typed.alm_curvealmcorprates | Slice: 2026-04-08 09:15:18.790000 to 2026-05-13 16:45:47.950000,ADB,2026-05-15T09:01:25.000424Z
2026-05-13,CAD_Public_A,EOD,ALM,AggregatedSpread,Bond,20y.CAD_Public_A,20y,20y,true,null,0.01097311,null,2026-05-13T16:30:06.197Z,null,1,Semi Annual,Act/Act,TRB,CAD,MODFOLLOWING,CreditSpread,7200,null,1036,7068838,1,3,68,2026-05-01,2026-05-04T11:10:02.387Z,2026-05-14,2026-05-14T13:17:15.473Z,vcurvealmcorprates.csv,gwam_dev_ds.inv_ga_typed.alm_curvealmcorprates | Slice: 2026-04-08 09:15:18.790000 to 2026-05-13 16:45:47.950000,ADB,2026-05-15T09:01:25.000424Z
2026-05-13,CAD_Public_A,EOD,ALM,AggregatedSpread,Bond,30y.CAD_Public_A,30y,30y,true,null,0.01053681,null,2026-05-13T16:30:06.197Z,null,1,Semi Annual,Act/Act,TRB,CAD,MODFOLLOWING,CreditSpread,10800,null,1037,7068838,1,3,68,2026-05-01,2026-05-04T11:10:02.387Z,2026-05-14,2026-05-14T13:17:15.473Z,vcurvealmcorprates.csv,gwam_dev_ds.inv_ga_typed.alm_curvealmcorprates | Slice: 2026-04-08 09:15:18.790000 to 2026-05-13 16:45:47.950000,ADB,2026-05-15T09:01:25.000424Z
2026-05-13,HKD_Public_A,EOD,ALM,AggregatedSpread,Bond,10y.HKD_Public_A,10y,10y,true,null,0.00845081,null,2026-05-13T16:30:06.197Z,null,0,null,Act/360,HKB,HKD,MODFOLLOWING,CreditSpread,3600,null,3359,7068940,2,3,8620,2026-05-01,2026-05-04T11:30:32.993Z,2026-05-14,2026-05-14T13:17:15.473Z,vcurvealmcorprates.csv,gwam_dev_ds.inv_ga_typed.alm_curvealmcorprates | Slice: 2026-04-08 09:15:18.790000 to 2026-05-13 16:45:47.950000,ADB,2026-05-15T09:01:25.000424Z
2026-05-13,HKD_Public_A,EOD,ALM,AggregatedSpread,Bond,1y.HKD_Public_A,1y,1y,true,null,0.00668964,null,2026-05-13T16:30:06.197Z,null,0,null,Act/360,HKB,HKD,MODFOLLOWING,CreditSpread,360,null,3591,7068940,2,3,8620,2026-05-01,2026-05-04T11:30:32.993Z,2026-05-14,2026-05-14T13:17:15.473Z,vcurvealmcorprates.csv,gwam_dev_ds.inv_ga_typed.alm_curvealmcorprates | Slice: 2026-04-08 09:15:18.790000 to 2026-05-13 16:45:47.950000,ADB,2026-05-15T09:01:25.000424Z
2026-05-13,HKD_Public_A,EOD,ALM,AggregatedSpread,Bond,20y.HKD_Public_A,20y,20y,true,null,0.00845081,null,2026-05-13T16:30:06.197Z,null,0,null,Act/360,HKB,HKD,MODFOLLOWING,CreditSpread,7200,null,3790,7068940,2,3,8620,2026-05-01,2026-05-04T11:30:32.993Z,2026-05-14,2026-05-14T13:17:15.473Z,vcurvealmcorprates.csv,gwam_dev_ds.inv_ga_typed.alm_curvealmcorprates | Slice: 2026-04-08 09:15:18.790000 to 2026-05-13 16:45:47.950000,ADB,2026-05-15T09:01:25.000424Z
2026-05-13,HKD_Public_A,EOD,ALM,AggregatedSpread,Bond,2y.HKD_Public_A,2y,2y,true,null,0.00661573,null,2026-05-13T16:30:06.197Z,null,0,null,Act/360,HKB,HKD,MODFOLLOWING,CreditSpread,720,null,4000,7068940,2,3,8620,2026-05-01,2026-05-04T11:30:32.993Z,2026-05-14,2026-05-14T13:17:15.473Z,vcurvealmcorprates.csv,gwam_dev_ds.inv_ga_typed.alm_curvealmcorprates | Slice: 2026-04-08 09:15:18.790000 to 2026-05-13 16:45:47.950000,ADB,2026-05-15T09:01:25.000424Z
2026-05-13,HKD_Public_A,EOD,ALM,AggregatedSpread,Bond,30y.HKD_Public_A,30y,30y,true,null,0.00845081,null,2026-05-13T16:30:06.197Z,null,0,null,Act/360,HKB,HKD,MODFOLLOWING,CreditSpread,10800,null,4199,7068940,2,3,8620,2026-05-01,2026-05-04T11:30:32.993Z,2026-05-14,2026-05-14T13:17:15.473Z,vcurvealmcorprates.csv,gwam_dev_ds.inv_ga_typed.alm_curvealmcorprates | Slice: 2026-04-08 09:15:18.790000 to 2026-05-13 16:45:47.950000,ADB,2026-05-15T09:01:25.000424Z
2026-05-13,HKD_Public_A,EOD,ALM,AggregatedSpread,Cash,3m.HKD_Public_A,3m,3m,true,null,0.00668964,null,2026-05-13T16:30:06.197Z,null,0,null,Act/360,HKB,HKD,MODFOLLOWING,CreditSpread,90,null,4398,7068940,2,3,8620,2026-05-01,2026-05-04T11:30:32.993Z,2026-05-14,2026-05-14T13:17:15.473Z,vcurvealmcorprates.csv,gwam_dev_ds.inv_ga_typed.alm_curvealmcorprates | Slice: 2026-04-08 09:15:18.790000 to 2026-05-13 16:45:47.950000,ADB,2026-05-15T09:01:25.000424Z
2026-05-13,HKD_Public_A,EOD,ALM,AggregatedSpread,Bond,3y.HKD_Public_A,3y,3y,true,null,0.00753299,null,2026-05-13T16:30:06.197Z,null,0,null,Act/360,HKB,HKD,MODFOLLOWING,CreditSpread,1080,null,4597,7068940,2,3,8620,2026-05-01,2026-05-04T11:30:32.993Z,2026-05-14,2026-05-14T13:17:15.473Z,vcurvealmcorprates.csv,gwam_dev_ds.inv_ga_typed.alm_curvealmcorprates | Slice: 2026-04-08 09:15:18.790000 to 2026-05-13 16:45:47.950000,ADB,2026-05-15T09:01:25.000424Z
2026-05-13,HKD_Public_A,EOD,ALM,AggregatedSpread,Bond,5y.HKD_Public_A,5y,5y,true,null,0.00923359,null,2026-05-13T16:30:06.197Z,null,0,null,Act/360,HKB,HKD,MODFOLLOWING,CreditSpread,1800,null,4805,7068940,2,3,8620,2026-05-01,2026-05-04T11:30:32.993Z,2026-05-14,2026-05-14T13:17:15.473Z,vcurvealmcorprates.csv,gwam_dev_ds.inv_ga_typed.alm_curvealmcorprates | Slice: 2026-04-08 09:15:18.790000 to 2026-05-13 16:45:47.950000,ADB,2026-05-15T09:01:25.000424Z
2026-05-13,HKD_Public_A,EOD,ALM,AggregatedSpread,Cash,6m.HKD_Public_A,6m,6m,true,null,0.00668964,null,2026-05-13T16:30:06.197Z,null,0,null,Act/360,HKB,HKD,MODFOLLOWING,CreditSpread,180,null,5004,7068940,2,3,8620,2026-05-01,2026-05-04T11:30:32.993Z,2026-05-14,2026-05-14T13:17:15.473Z,vcurvealmcorprates.csv,gwam_dev_ds.inv_ga_typed.alm_curvealmcorprates | Slice: 2026-04-08 09:15:18.790000 to 2026-05-13 16:45:47.950000,ADB,2026-05-15T09:01:25.000424Z
2026-05-13,HKD_Public_A,EOD,ALM,AggregatedSpread,Bond,7y.HKD_Public_A,7y,7y,true,null,0.00987547,null,2026-05-13T16:30:06.197Z,null,0,null,Act/360,HKB,HKD,MODFOLLOWING,CreditSpread,2520,null,5207,7068940,2,3,8620,2026-05-01,2026-05-04T11:30:32.993Z,2026-05-14,2026-05-14T13:17:15.473Z,vcurvealmcorprates.csv,gwam_dev_ds.inv_ga_typed.alm_curvealmcorprates | Slice: 2026-04-08 09:15:18.790000 to 2026-05-13 16:45:47.950000,ADB,2026-05-15T09:01:25.000424Z
2026-05-13,EUR_Public_AA,EOD,ALM,AggregatedSpread,Bond,10y.EUR_Public_AA,10y,10y,true,null,0.00625319,null,2026-05-13T16:30:06.197Z,null,0,null,Act/360,ECU,EUR,MODFOLLOWING,CreditSpread,3600,null,3325,7068729,1,3,7481,2026-05-01,2026-05-04T10:23:30.133Z,2026-05-14,2026-05-14T13:17:15.473Z,vcurvealmcorprates.csv,gwam_dev_ds.inv_ga_typed.alm_curvealmcorprates | Slice: 2026-04-08 09:15:18.790000 to 2026-05-13 16:45:47.950000,ADB,2026-05-15T09:01:25.000424Z
2026-05-13,EUR_Public_AA,EOD,ALM,AggregatedSpread,Bond,1y.EUR_Public_AA,1y,1y,true,null,0.00257174,null,2026-05-13T16:30:06.197Z,null,0,null,Act/360,ECU,EUR,MODFOLLOWING,CreditSpread,360,null,3557,7068729,1,3,7481,2026-05-01,2026-05-04T10:23:30.133Z,2026-05-14,2026-05-14T13:17:15.473Z,vcurvealmcorprates.csv,gwam_dev_ds.inv_ga_typed.alm_curvealmcorprates | Slice: 2026-04-08 09:15:18.790000 to 2026-05-13 16:45:47.950000,ADB,2026-05-15T09:01:25.000424Z
2026-05-13,EUR_Public_AA,EOD,ALM,AggregatedSpread,Bond,20y.EUR_Public_AA,20y,20y,true,null,0.00718707,null,2026-05-13T16:30:06.197Z,null,0,null,Act/360,ECU,EUR,MODFOLLOWING,CreditSpread,7200,null,3756,7068729,1,3,7481,2026-05-01,2026-05-04T10:23:30.133Z,2026-05-14,2026-05-14T13:17:15.473Z,vcurvealmcorprates.csv,gwam_dev_ds.inv_ga_typed.alm_curvealmcorprates | Slice: 2026-04-08 09:15:18.790000 to 2026-05-13 16:45:47.950000,ADB,2026-05-15T09:01:25.000424Z
2026-05-13,EUR_Public_AA,EOD,ALM,AggregatedSpread,Bond,2y.EUR_Public_AA,2y,2y,true,null,0.00316048,null,2026-05-13T16:30:06.197Z,null,0,null,Act/360,ECU,EUR,MODFOLLOWING,CreditSpread,720,null,3966,7068729,1,3,7481,2026-05-01,2026-05-04T10:23:30.133Z,2026-05-14,2026-05-14T13:17:15.473Z,vcurvealmcorprates.csv,gwam_dev_ds.inv_ga_typed.alm_curvealmcorprates | Slice: 2026-04-08 09:15:18.790000 to 2026-05-13 16:45:47.950000,ADB,2026-05-15T09:01:25.000424Z
2026-05-13,EUR_Public_AA,EOD,ALM,AggregatedSpread,Bond,30y.EUR_Public_AA,30y,30y,true,null,0.00718707,null,2026-05-13T16:30:06.197Z,null,0,null,Act/360,ECU,EUR,MODFOLLOWING,CreditSpread,10800,null,4165,7068729,1,3,7481,2026-05-01,2026-05-04T10:23:30.133Z,2026-05-14,2026-05-14T13:17:15.473Z,vcurvealmcorprates.csv,gwam_dev_ds.inv_ga_typed.alm_curvealmcorprates | Slice: 2026-04-08 09:15:18.790000 to 2026-05-13 16:45:47.950000,ADB,2026-05-15T09:01:25.000424Z
2026-05-13,EUR_Public_AA,EOD,ALM,AggregatedSpread,Cash,3m.EUR_Public_AA,3m,3m,true,null,0.00257174,null,2026-05-13T16:30:06.197Z,null,0,null,Act/360,ECU,EUR,MODFOLLOWING,CreditSpread,90,null,4364,7068729,1,3,7481,2026-05-01,2026-05-04T10:23:30.133Z,2026-05-14,2026-05-14T13:17:15.473Z,vcurvealmcorprates.csv,gwam_dev_ds.inv_ga_typed.alm_curvealmcorprates | Slice: 2026-04-08 09:15:18.790000 to 2026-05-13 16:45:47.950000,ADB,2026-05-15T09:01:25.000424Z
2026-05-13,EUR_Public_AA,EOD,ALM,AggregatedSpread,Bond,3y.EUR_Public_AA,3y,3y,true,null,0.00369721,null,2026-05-13T16:30:06.197Z,null,0,null,Act/360,ECU,EUR,MODFOLLOWING,CreditSpread,1080,null,4563,7068729,1,3,7481,2026-05-01,2026-05-04T10:23:30.133Z,2026-05-14,2026-05-14T13:17:15.473Z,vcurvealmcorprates.csv,gwam_dev_ds.inv_ga_typed.alm_curvealmcorprates | Slice: 2026-04-08 09:15:18.790000 to 2026-05-13 16:45:47.950000,ADB,2026-05-15T09:01:25.000424Z
2026-05-13,EUR_Public_AA,EOD,ALM,AggregatedSpread,Bond,5y.EUR_Public_AA,5y,5y,true,null,0.00462678,null,2026-05-13T16:30:06.197Z,null,0,null,Act/360,ECU,EUR,MODFOLLOWING,CreditSpread,1800,null,4771,7068729,1,3,7481,2026-05-01,2026-05-04T10:23:30.133Z,2026-05-14,2026-05-14T13:17:15.473Z,vcurvealmcorprates.csv,gwam_dev_ds.inv_ga_typed.alm_curvealmcorprates | Slice: 2026-04-08 09:15:18.790000 to 2026-05-13 16:45:47.950000,ADB,2026-05-15T09:01:25.000424Z
2026-05-13,EUR_Public_AA,EOD,ALM,AggregatedSpread,Cash,6m.EUR_Public_AA,6m,6m,true,null,0.00257174,null,2026-05-13T16:30:06.197Z,null,0,null,Act/360,ECU,EUR,MODFOLLOWING,CreditSpread,180,null,4970,7068729,1,3,7481,2026-05-01,2026-05-04T10:23:30.133Z,2026-05-14,2026-05-14T13:17:15.473Z,vcurvealmcorprates.csv,gwam_dev_ds.inv_ga_typed.alm_curvealmcorprates | Slice: 2026-04-08 09:15:18.790000 to 2026-05-13 16:45:47.950000,ADB,2026-05-15T09:01:25.000424Z
2026-05-13,EUR_Public_AA,EOD,ALM,AggregatedSpread,Bond,7y.EUR_Public_AA,7y,7y,true,null,0.00538476,null,2026-05-13T16:30:06.197Z,null,0,null,Act/360,ECU,EUR,MODFOLLOWING,CreditSpread,2520,null,5173,7068729,1,3,7481,2026-05-01,2026-05-04T10:23:30.133Z,2026-05-14,2026-05-14T13:17:15.473Z,vcurvealmcorprates.csv,gwam_dev_ds.inv_ga_typed.alm_curvealmcorprates | Slice: 2026-04-08 09:15:18.790000 to 2026-05-13 16:45:47.950000,ADB,2026-05-15T09:01:25.000424Z
2026-05-13,AUD_Public_A-,EOD,ALM,AggregatedSpread,Cash,3m.AUD_Public_A-,3m,3m,true,null,0.00956723,null,2026-05-13T16:30:06.197Z,null,0,null,Act/360,SYB,AUD,MODFOLLOWING,CreditSpread,90,null,8764,7072872,1,3,9822,2026-05-05,2026-05-06T09:54:02.3Z,2026-05-14,2026-05-14T13:17:15.473Z,vcurvealmcorprates.csv,gwam_dev_ds.inv_ga_typed.alm_curvealmcorprates | Slice: 2026-04-08 09:15:18.790000 to 2026-05-13 16:45:47.950000,ADB,2026-05-15T09:01:25.000424Z
2026-05-13,AUD_Public_A-,EOD,ALM,AggregatedSpread,Cash,6m.AUD_Public_A-,6m,6m,true,null,0.00956723,null,2026-05-13T16:30:06.197Z,null,0,null,Act/360,SYB,AUD,MODFOLLOWING,CreditSpread,180,null,8765,7072872,1,3,9822,2026-05-05,2026-05-06T09:54:02.3Z,2026-05-14,2026-05-14T13:17:15.473Z,vcurvealmcorprates.csv,gwam_dev_ds.inv_ga_typed.alm_curvealmcorprates | Slice: 2026-04-08 09:15:18.790000 to 2026-05-13 16:45:47.950000,ADB,2026-05-15T09:01:25.000424Z
2026-05-13,AUD_Public_A-,EOD,ALM,AggregatedSpread,Bond,1y.AUD_Public_A-,1y,1y,true,null,0.00956723,null,2026-05-13T16:30:06.197Z,null,0,null,Act/360,SYB,AUD,MODFOLLOWING,CreditSpread,360,null,8766,7072872,1,3,9822,2026-05-05,2026-05-06T09:54:02.3Z,2026-05-14,2026-05-14T13:17:15.473Z,vcurvealmcorprates.csv,gwam_dev_ds.inv_ga_typed.alm_curvealmcorprates | Slice: 2026-04-08 09:15:18.790000 to 2026-05-13 16:45:47.950000,ADB,2026-05-15T09:01:25.000424Z
2026-05-13,AUD_Public_A-,EOD,ALM,AggregatedSpread,Bond,2y.AUD_Public_A-,2y,2y,true,null,0.00991116,null,2026-05-13T16:30:06.197Z,null,0,null,Act/360,SYB,AUD,MODFOLLOWING,CreditSpread,720,null,8767,7072872,1,3,9822,2026-05-05,2026-05-06T09:54:02.3Z,2026-05-14,2026-05-14T13:17:15.473Z,vcurvealmcorprates.csv,gwam_dev_ds.inv_ga_typed.alm_curvealmcorprates | Slice: 2026-04-08 09:15:18.790000 to 2026-05-13 16:45:47.950000,ADB,2026-05-15T09:01:25.000424Z
2026-05-13,AUD_Public_A-,EOD,ALM,AggregatedSpread,Bond,3y.AUD_Public_A-,3y,3y,true,null,0.01028781,null,2026-05-13T16:30:06.197Z,null,0,null,Act/360,SYB,AUD,MODFOLLOWING,CreditSpread,1080,null,8768,7072872,1,3,9822,2026-05-05,2026-05-06T09:54:02.3Z,2026-05-14,2026-05-14T13:17:15.473Z,vcurvealmcorprates.csv,gwam_dev_ds.inv_ga_typed.alm_curvealmcorprates | Slice: 2026-04-08 09:15:18.790000 to 2026-05-13 16:45:47.950000,ADB,2026-05-15T09:01:25.000424Z
2026-05-13,AUD_Public_A-,EOD,ALM,AggregatedSpread,Bond,5y.AUD_Public_A-,5y,5y,true,null,0.01111646,null,2026-05-13T16:30:06.197Z,null,0,null,Act/360,SYB,AUD,MODFOLLOWING,CreditSpread,1800,null,8769,7072872,1,3,9822,2026-05-05,2026-05-06T09:54:02.3Z,2026-05-14,2026-05-14T13:17:15.473Z,vcurvealmcorprates.csv,gwam_dev_ds.inv_ga_typed.alm_curvealmcorprates | Slice: 2026-04-08 09:15:18.790000 to 2026-05-13 16:45:47.950000,ADB,2026-05-15T09:01:25.000424Z
2026-05-13,AUD_Public_A-,EOD,ALM,AggregatedSpread,Bond,7y.AUD_Public_A-,7y,7y,true,null,0.01200643,null,2026-05-13T16:30:06.197Z,null,0,null,Act/360,SYB,AUD,MODFOLLOWING,CreditSpread,2520,null,8770,7072872,1,3,9822,2026-05-05,2026-05-06T09:54:02.3Z,2026-05-14,2026-05-14T13:17:15.473Z,vcurvealmcorprates.csv,gwam_dev_ds.inv_ga_typed.alm_curvealmcorprates | Slice: 2026-04-08 09:15:18.790000 to 2026-05-13 16:45:47.950000,ADB,2026-05-15T09:01:25.000424Z
2026-05-13,AUD_Public_A-,EOD,ALM,AggregatedSpread,Bond,10y.AUD_Public_A-,10y,10y,true,null,0.01335487,null,2026-05-13T16:30:06.197Z,null,0,null,Act/360,SYB,AUD,MODFOLLOWING,CreditSpread,3600,null,8771,7072872,1,3,9822,2026-05-05,2026-05-06T09:54:02.3Z,2026-05-14,2026-05-14T13:17:15.473Z,vcurvealmcorprates.csv,gwam_dev_ds.inv_ga_typed.alm_curvealmcorprates | Slice: 2026-04-08 09:15:18.790000 to 2026-05-13 16:45:47.950000,ADB,2026-05-15T09:01:25.000424Z
2026-05-13,AUD_Public_A-,EOD,ALM,AggregatedSpread,Bond,20y.AUD_Public_A-,20y,20y,true,null,0.01335548,null,2026-05-13T16:30:06.197Z,null,0,null,Act/360,SYB,AUD,MODFOLLOWING,CreditSpread,7200,null,8772,7072872,1,3,9822,2026-05-05,2026-05-06T09:54:02.3Z,2026-05-14,2026-05-14T13:17:15.473Z,vcurvealmcorprates.csv,gwam_dev_ds.inv_ga_typed.alm_curvealmcorprates | Slice: 2026-04-08 09:15:18.790000 to 2026-05-13 16:45:47.950000,ADB,2026-05-15T09:01:25.000424Z
2026-05-13,AUD_Public_A-,EOD,ALM,AggregatedSpread,Bond,30y.AUD_Public_A-,30y,30y,true,null,0.01335535,null,2026-05-13T16:30:06.197Z,null,0,null,Act/360,SYB,AUD,MODFOLLOWING,CreditSpread,10800,null,8773,7072872,1,3,9822,2026-05-05,2026-05-06T09:54:02.3Z,2026-05-14,2026-05-14T13:17:15.473Z,vcurvealmcorprates.csv,gwam_dev_ds.inv_ga_typed.alm_curvealmcorprates | Slice: 2026-04-08 09:15:18.790000 to 2026-05-13 16:45:47.950000,ADB,2026-05-15T09:01:25.000424Z
2026-05-13,AUD_Public_BBB+,EOD,ALM,AggregatedSpread,Cash,3m.AUD_Public_BBB+,3m,3m,true,null,0.01073291,null,2026-05-13T16:30:06.197Z,null,0,null,Act/360,SYB,AUD,MODFOLLOWING,CreditSpread,90,null,8814,7072879,1,3,9829,2026-05-05,2026-05-06T09:54:02.3Z,2026-05-14,2026-05-14T13:17:15.473Z,vcurvealmcorprates.csv,gwam_dev_ds.inv_ga_typed.alm_curvealmcorprates | Slice: 2026-04-08 09:15:18.790000 to 2026-05-13 16:45:47.950000,ADB,2026-05-15T09:01:25.000424Z
2026-05-13,AUD_Public_BBB+,EOD,ALM,AggregatedSpread,Cash,6m.AUD_Public_BBB+,6m,6m,true,null,0.01073291,null,2026-05-13T16:30:06.197Z,null,0,null,Act/360,SYB,AUD,MODFOLLOWING,CreditSpread,180,null,8815,7072879,1,3,9829,2026-05-05,2026-05-06T09:54:02.3Z,2026-05-14,2026-05-14T13:17:15.473Z,vcurvealmcorprates.csv,gwam_dev_ds.inv_ga_typed.alm_curvealmcorprates | Slice: 2026-04-08 09:15:18.790000 to 2026-05-13 16:45:47.950000,ADB,2026-05-15T09:01:25.000424Z
2026-05-13,AUD_Public_BBB+,EOD,ALM,AggregatedSpread,Bond,1y.AUD_Public_BBB+,1y,1y,true,null,0.01073291,null,2026-05-13T16:30:06.197Z,null,0,null,Act/360,SYB,AUD,MODFOLLOWING,CreditSpread,360,null,8816,7072879,1,3,9829,2026-05-05,2026-05-06T09:54:02.3Z,2026-05-14,2026-05-14T13:17:15.473Z,vcurvealmcorprates.csv,gwam_dev_ds.inv_ga_typed.alm_curvealmcorprates | Slice: 2026-04-08 09:15:18.790000 to 2026-05-13 16:45:47.950000,ADB,2026-05-15T09:01:25.000424Z
2026-05-13,AUD_Public_BBB+,EOD,ALM,AggregatedSpread,Bond,2y.AUD_Public_BBB+,2y,2y,true,null,0.01131271,null,2026-05-13T16:30:06.197Z,null,0,null,Act/360,SYB,AUD,MODFOLLOWING,CreditSpread,720,null,8817,7072879,1,3,9829,2026-05-05,2026-05-06T09:54:02.3Z,2026-05-14,2026-05-14T13:17:15.473Z,vcurvealmcorprates.csv,gwam_dev_ds.inv_ga_typed.alm_curvealmcorprates | Slice: 2026-04-08 09:15:18.790000 to 2026-05-13 16:45:47.950000,ADB,2026-05-15T09:01:25.000424Z
2026-05-13,AUD_Public_BBB+,EOD,ALM,AggregatedSpread,Bond,3y.AUD_Public_BBB+,3y,3y,true,null,0.01187922,null,2026-05-13T16:30:06.197Z,null,0,null,Act/360,SYB,AUD,MODFOLLOWING,CreditSpread,1080,null,8818,7072879,1,3,9829,2026-05-05,2026-05-06T09:54:02.3Z,2026-05-14,2026-05-14T13:17:15.473Z,vcurvealmcorprates.csv,gwam_dev_ds.inv_ga_typed.alm_curvealmcorprates | Slice: 2026-04-08 09:15:18.790000 to 2026-05-13 16:45:47.950000,ADB,2026-05-15T09:01:25.000424Z
2026-05-13,AUD_Public_BBB+,EOD,ALM,AggregatedSpread,Bond,5y.AUD_Public_BBB+,5y,5y,true,null,0.01294760,null,2026-05-13T16:30:06.197Z,null,0,null,Act/360,SYB,AUD,MODFOLLOWING,CreditSpread,1800,null,8819,7072879,1,3,9829,2026-05-05,2026-05-06T09:54:02.3Z,2026-05-14,2026-05-14T13:17:15.473Z,vcurvealmcorprates.csv,gwam_dev_ds.inv_ga_typed.alm_curvealmcorprates | Slice: 2026-04-08 09:15:18.790000 to 2026-05-13 16:45:47.950000,ADB,2026-05-15T09:01:25.000424Z
2026-05-13,AUD_Public_BBB+,EOD,ALM,AggregatedSpread,Bond,7y.AUD_Public_BBB+,7y,7y,true,null,0.01389173,null,2026-05-13T16:30:06.197Z,null,0,null,Act/360,SYB,AUD,MODFOLLOWING,CreditSpread,2520,null,8820,7072879,1,3,9829,2026-05-05,2026-05-06T09:54:02.3Z,2026-05-14,2026-05-14T13:17:15.473Z,vcurvealmcorprates.csv,gwam_dev_ds.inv_ga_typed.alm_curvealmcorprates | Slice: 2026-04-08 09:15:18.790000 to 2026-05-13 16:45:47.950000,ADB,2026-05-15T09:01:25.000424Z
2026-05-13,AUD_Public_BBB+,EOD,ALM,AggregatedSpread,Bond,10y.AUD_Public_BBB+,10y,10y,true,null,0.01497180,null,2026-05-13T16:30:06.197Z,null,0,null,Act/360,SYB,AUD,MODFOLLOWING,CreditSpread,3600,null,8821,7072879,1,3,9829,2026-05-05,2026-05-06T09:54:02.3Z,2026-05-14,2026-05-14T13:17:15.473Z,vcurvealmcorprates.csv,gwam_dev_ds.inv_ga_typed.alm_curvealmcorprates | Slice: 2026-04-08 09:15:18.790000 to 2026-05-13 16:45:47.950000,ADB,2026-05-15T09:01:25.000424Z
2026-05-13,AUD_Public_BBB+,EOD,ALM,AggregatedSpread,Bond,20y.AUD_Public_BBB+,20y,20y,true,null,0.01497089,null,2026-05-13T16:30:06.197Z,null,0,null,Act/360,SYB,AUD,MODFOLLOWING,CreditSpread,7200,null,8822,7072879,1,3,9829,2026-05-05,2026-05-06T09:54:02.3Z,2026-05-14,2026-05-14T13:17:15.473Z,vcurvealmcorprates.csv,gwam_dev_ds.inv_ga_typed.alm_curvealmcorprates | Slice: 2026-04-08 09:15:18.790000 to 2026-05-13 16:45:47.950000,ADB,2026-05-15T09:01:25.000424Z
2026-05-13,AUD_Public_BBB+,EOD,ALM,AggregatedSpread,Bond,30y.AUD_Public_BBB+,30y,30y,true,null,0.01497119,null,2026-05-13T16:30:06.197Z,null,0,null,Act/360,SYB,AUD,MODFOLLOWING,CreditSpread,10800,null,8823,7072879,1,3,9829,2026-05-05,2026-05-06T09:54:02.3Z,2026-05-14,2026-05-14T13:17:15.473Z,vcurvealmcorprates.csv,gwam_dev_ds.inv_ga_typed.alm_curvealmcorprates | Slice: 2026-04-08 09:15:18.790000 to 2026-05-13 16:45:47.950000,ADB,2026-05-15T09:01:25.000424Z
2026-05-13,ADB_ADB.CNY_Public_A-,EOD,ALM,AggregatedSpread,Cash,3m.ADB_ADB.CNY_Public_A-,3m,3m,true,null,0.00316266,null,2026-05-13T16:30:06.197Z,null,0,null,Act/360,NYB,ADB,MODFOLLOWING,CreditSpread,90,null,8504,7072920,1,3,9796,2026-05-05,2026-05-06T10:30:37.44Z,2026-05-14,2026-05-14T13:17:15.473Z,vcurvealmcorprates.csv,gwam_dev_ds.inv_ga_typed.alm_curvealmcorprates | Slice: 2026-04-08 09:15:18.790000 to 2026-05-13 16:45:47.950000,ADB,2026-05-15T09:01:25.000424Z
2026-05-13,ADB_ADB.CNY_Public_A-,EOD,ALM,AggregatedSpread,Cash,6m.ADB_ADB.CNY_Public_A-,6m,6m,true,null,0.00316266,null,2026-05-13T16:30:06.197Z,null,0,null,Act/360,NYB,ADB,MODFOLLOWING,CreditSpread,180,null,8505,7072920,1,3,9796,2026-05-05,2026-05-06T10:30:37.44Z,2026-05-14,2026-05-14T13:17:15.473Z,vcurvealmcorprates.csv,gwam_dev_ds.inv_ga_typed.alm_curvealmcorprates | Slice: 2026-04-08 09:15:18.790000 to 2026-05-13 16:45:47.950000,ADB,2026-05-15T09:01:25.000424Z
2026-05-13,ADB_ADB.CNY_Public_A-,EOD,ALM,AggregatedSpread,Bond,1y.ADB_ADB.CNY_Public_A-,1y,1y,true,null,0.00316266,null,2026-05-13T16:30:06.197Z,null,0,null,Act/360,NYB,ADB,MODFOLLOWING,CreditSpread,360,null,8506,7072920,1,3,9796,2026-05-05,2026-05-06T10:30:37.44Z,2026-05-14,2026-05-14T13:17:15.473Z,vcurvealmcorprates.csv,gwam_dev_ds.inv_ga_typed.alm_curvealmcorprates | Slice: 2026-04-08 09:15:18.790000 to 2026-05-13 16:45:47.950000,ADB,2026-05-15T09:01:25.000424Z
2026-05-13,ADB_ADB.CNY_Public_A-,EOD,ALM,AggregatedSpread,Bond,2y.ADB_ADB.CNY_Public_A-,2y,2y,true,null,0.00296847,null,2026-05-13T16:30:06.197Z,null,0,null,Act/360,NYB,ADB,MODFOLLOWING,CreditSpread,720,null,8507,7072920,1,3,9796,2026-05-05,2026-05-06T10:30:37.44Z,2026-05-14,2026-05-14T13:17:15.473Z,vcurvealmcorprates.csv,gwam_dev_ds.inv_ga_typed.alm_curvealmcorprates | Slice: 2026-04-08 09:15:18.790000 to 2026-05-13 16:45:47.950000,ADB,2026-05-15T09:01:25.000424Z
2026-05-13,ADB_ADB.CNY_Public_A-,EOD,ALM,AggregatedSpread,Bond,3y.ADB_ADB.CNY_Public_A-,3y,3y,true,null,0.00281112,null,2026-05-13T16:30:06.197Z,null,0,null,Act/360,NYB,ADB,MODFOLLOWING,CreditSpread,1080,null,8508,7072920,1,3,9796,2026-05-05,2026-05-06T10:30:37.44Z,2026-05-14,2026-05-14T13:17:15.473Z,vcurvealmcorprates.csv,gwam_dev_ds.inv_ga_typed.alm_curvealmcorprates | Slice: 2026-04-08 09:15:18.790000 to 2026-05-13 16:45:47.950000,ADB,2026-05-15T09:01:25.000424Z
2026-05-13,ADB_ADB.CNY_Public_A-,EOD,ALM,AggregatedSpread,Bond,5y.ADB_ADB.CNY_Public_A-,5y,5y,true,null,0.00264247,null,2026-05-13T16:30:06.197Z,null,0,null,Act/360,NYB,ADB,MODFOLLOWING,CreditSpread,1800,null,8509,7072920,1,3,9796,2026-05-05,2026-05-06T10:30:37.44Z,2026-05-14,2026-05-14T13:17:15.473Z,vcurvealmcorprates.csv,gwam_dev_ds.inv_ga_typed.alm_curvealmcorprates | Slice: 2026-04-08 09:15:18.790000 to 2026-05-13 16:45:47.950000,ADB,2026-05-15T09:01:25.000424Z
2026-05-13,ADB_ADB.CNY_Public_A-,EOD,ALM,AggregatedSpread,Bond,7y.ADB_ADB.CNY_Public_A-,7y,7y,true,null,0.00262192,null,2026-05-13T16:30:06.197Z,null,0,null,Act/360,NYB,ADB,MODFOLLOWING,CreditSpread,2520,null,8510,7072920,1,3,9796,2026-05-05,2026-05-06T10:30:37.44Z,2026-05-14,2026-05-14T13:17:15.473Z,vcurvealmcorprates.csv,gwam_dev_ds.inv_ga_typed.alm_curvealmcorprates | Slice: 2026-04-08 09:15:18.790000 to 2026-05-13 16:45:47.950000,ADB,2026-05-15T09:01:25.000424Z
2026-05-13,ADB_ADB.CNY_Public_A-,EOD,ALM,AggregatedSpread,Bond,10y.ADB_ADB.CNY_Public_A-,10y,10y,true,null,0.00286406,null,2026-05-13T16:30:06.197Z,null,0,null,Act/360,NYB,ADB,MODFOLLOWING,CreditSpread,3600,null,8511,7072920,1,3,9796,2026-05-05,2026-05-06T10:30:37.44Z,2026-05-14,2026-05-14T13:17:15.473Z,vcurvealmcorprates.csv,gwam_dev_ds.inv_ga_typed.alm_curvealmcorprates | Slice: 2026-04-08 09:15:18.790000 to 2026-05-13 16:45:47.950000,ADB,2026-05-15T09:01:25.000424Z
2026-05-13,ADB_ADB.CNY_Public_A-,EOD,ALM,AggregatedSpread,Bond,20y.ADB_ADB.CNY_Public_A-,20y,20y,true,null,0.00233490,null,2026-05-13T16:30:06.197Z,null,0,null,Act/360,NYB,ADB,MODFOLLOWING,CreditSpread,7200,null,8512,7072920,1,3,9796,2026-05-05,2026-05-06T10:30:37.44Z,2026-05-14,2026-05-14T13:17:15.473Z,vcurvealmcorprates.csv,gwam_dev_ds.inv_ga_typed.alm_curvealmcorprates | Slice: 2026-04-08 09:15:18.790000 to 2026-05-13 16:45:47.950000,ADB,2026-05-15T09:01:25.000424Z
2026-05-13,IDR_Public_BB,EOD,ALM,AggregatedSpread,Bond,10y.IDR_Public_BB,10y,10y,true,null,0.01100000,null,2026-05-13T16:30:06.197Z,null,0,null,Act/360,JAB,IDR,MODFOLLOWING,CreditSpread,3600,null,3369,7065964,1,3,3486,2026-04-30,2026-05-01T10:22:10.877Z,2026-05-14,2026-05-14T13:17:15.473Z,vcurvealmcorprates.csv,gwam_dev_ds.inv_ga_typed.alm_curvealmcorprates | Slice: 2026-04-08 09:15:18.790000 to 2026-05-13 16:45:47.950000,ADB,2026-05-15T09:01:25.000424Z
2026-05-13,IDR_Public_BB,EOD,ALM,AggregatedSpread,Bond,1y.IDR_Public_BB,1y,1y,true,null,0.01100000,null,2026-05-13T16:30:06.197Z,null,0,null,Act/360,JAB,IDR,MODFOLLOWING,CreditSpread,360,null,3601,7065964,1,3,3486,2026-04-30,2026-05-01T10:22:10.877Z,2026-05-14,2026-05-14T13:17:15.473Z,vcurvealmcorprates.csv,gwam_dev_ds.inv_ga_typed.alm_curvealmcorprates | Slice: 2026-04-08 09:15:18.790000 to 2026-05-13 16:45:47.950000,ADB,2026-05-15T09:01:25.000424Z
2026-05-13,IDR_Public_BB,EOD,ALM,AggregatedSpread,Bond,20y.IDR_Public_BB,20y,20y,true,null,0.01100000,null,2026-05-13T16:30:06.197Z,null,0,null,Act/360,JAB,IDR,MODFOLLOWING,CreditSpread,7200,null,3800,7065964,1,3,3486,2026-04-30,2026-05-01T10:22:10.877Z,2026-05-14,2026-05-14T13:17:15.473Z,vcurvealmcorprates.csv,gwam_dev_ds.inv_ga_typed.alm_curvealmcorprates | Slice: 2026-04-08 09:15:18.790000 to 2026-05-13 16:45:47.950000,ADB,2026-05-15T09:01:25.000424Z
2026-05-13,IDR_Public_BB,EOD,ALM,AggregatedSpread,Bond,2y.IDR_Public_BB,2y,2y,true,null,0.01100000,null,2026-05-13T16:30:06.197Z,null,0,null,Act/360,JAB,IDR,MODFOLLOWING,CreditSpread,720,null,4010,7065964,1,3,3486,2026-04-30,2026-05-01T10:22:10.877Z,2026-05-14,2026-05-14T13:17:15.473Z,vcurvealmcorprates.csv,gwam_dev_ds.inv_ga_typed.alm_curvealmcorprates | Slice: 2026-04-08 09:15:18.790000 to 2026-05-13 16:45:47.950000,ADB,2026-05-15T09:01:25.000424Z
2026-05-13,IDR_Public_BB,EOD,ALM,AggregatedSpread,Bond,30y.IDR_Public_BB,30y,30y,true,null,0.01100000,null,2026-05-13T16:30:06.197Z,null,0,null,Act/360,JAB,IDR,MODFOLLOWING,CreditSpread,10800,null,4209,7065964,1,3,3486,2026-04-30,2026-05-01T10:22:10.877Z,2026-05-14,2026-05-14T13:17:15.473Z,vcurvealmcorprates.csv,gwam_dev_ds.inv_ga_typed.alm_curvealmcorprates | Slice: 2026-04-08 09:15:18.790000 to 2026-05-13 16:45:47.950000,ADB,2026-05-15T09:01:25.000424Z
2026-05-13,IDR_Public_BB,EOD,ALM,AggregatedSpread,Cash,3m.IDR_Public_BB,3m,3m,true,null,0.01100000,null,2026-05-13T16:30:06.197Z,null,0,null,Act/360,JAB,IDR,MODFOLLOWING,CreditSpread,90,null,4408,7065964,1,3,3486,2026-04-30,2026-05-01T10:22:10.877Z,2026-05-14,2026-05-14T13:17:15.473Z,vcurvealmcorprates.csv,gwam_dev_ds.inv_ga_typed.alm_curvealmcorprates | Slice: 2026-04-08 09:15:18.790000 to 2026-05-13 16:45:47.950000,ADB,2026-05-15T09:01:25.000424Z
2026-05-13,IDR_Public_BB,EOD,ALM,AggregatedSpread,Bond,3y.IDR_Public_BB,3y,3y,true,null,0.01100000,null,2026-05-13T16:30:06.197Z,null,0,null,Act/360,JAB,IDR,MODFOLLOWING,CreditSpread,1080,null,4607,7065964,1,3,3486,2026-04-30,2026-05-01T10:22:10.877Z,2026-05-14,2026-05-14T13:17:15.473Z,vcurvealmcorprates.csv,gwam_dev_ds.inv_ga_typed.alm_curvealmcorprates | Slice: 2026-04-08 09:15:18.790000 to 2026-05-13 16:45:47.950000,ADB,2026-05-15T09:01:25.000424Z
2026-05-13,IDR_Public_BB,EOD,ALM,AggregatedSpread,Bond,5y.IDR_Public_BB,5y,5y,true,null,0.01100000,null,2026-05-13T16:30:06.197Z,null,0,null,Act/360,JAB,IDR,MODFOLLOWING,CreditSpread,1800,null,4815,7065964,1,3,3486,2026-04-30,2026-05-01T10:22:10.877Z,2026-05-14,2026-05-14T13:17:15.473Z,vcurvealmcorprates.csv,gwam_dev_ds.inv_ga_typed.alm_curvealmcorprates | Slice: 2026-04-08 09:15:18.790000 to 2026-05-13 16:45:47.950000,ADB,2026-05-15T09:01:25.000424Z
2026-05-13,IDR_Public_BB,EOD,ALM,AggregatedSpread,Cash,6m.IDR_Public_BB,6m,6m,true,null,0.01100000,null,2026-05-13T16:30:06.197Z,null,0,null,Act/360,JAB,IDR,MODFOLLOWING,CreditSpread,180,null,5014,7065964,1,3,3486,2026-04-30,2026-05-01T10:22:10.877Z,2026-05-14,2026-05-14T13:17:15.473Z,vcurvealmcorprates.csv,gwam_dev_ds.inv_ga_typed.alm_curvealmcorprates | Slice: 2026-04-08 09:15:18.790000 to 2026-05-13 16:45:47.950000,ADB,2026-05-15T09:01:25.000424Z
2026-05-13,IDR_Public_BB,EOD,ALM,AggregatedSpread,Bond,7y.IDR_Public_BB,7y,7y,true,null,0.01100000,null,2026-05-13T16:30:06.197Z,null,0,null,Act/360,JAB,IDR,MODFOLLOWING,CreditSpread,2520,null,5217,7065964,1,3,3486,2026-04-30,2026-05-01T10:22:10.877Z,2026-05-14,2026-05-14T13:17:15.473Z,vcurvealmcorprates.csv,gwam_dev_ds.inv_ga_typed.alm_curvealmcorprates | Slice: 2026-04-08 09:15:18.790000 to 2026-05-13 16:45:47.950000,ADB,2026-05-15T09:01:25.000424Z
2026-05-13,CAD_Public_BBB-,EOD,ALM,AggregatedSpread,Cash,3m.CAD_Public_BBB,3m,3m,true,null,0.00731016,null,2026-05-13T16:30:06.197Z,null,0,Annual,Act/365,TRB,CAD,MODFOLLOWING,CreditSpread,90,null,1078,7068848,1,3,9535,2026-05-01,2026-05-04T11:10:02.387Z,2026-05-14,2026-05-14T13:17:15.473Z,vcurvealmcorprates.csv,gwam_dev_ds.inv_ga_typed.alm_curvealmcorprates | Slice: 2026-04-08 09:15:18.790000 to 2026-05-13 16:45:47.950000,ADB,2026-05-15T09:01:25.000424Z
2026-05-13,CAD_Public_BBB-,EOD,ALM,AggregatedSpread,Cash,6m.CAD_Public_BBB,6m,6m,true,null,0.00731016,null,2026-05-13T16:30:06.197Z,null,0,Annual,Act/365,TRB,CAD,MODFOLLOWING,CreditSpread,180,null,1079,7068848,1,3,9535,2026-05-01,2026-05-04T11:10:02.387Z,2026-05-14,2026-05-14T13:17:15.473Z,vcurvealmcorprates.csv,gwam_dev_ds.inv_ga_typed.alm_curvealmcorprates | Slice: 2026-04-08 09:15:18.790000 to 2026-05-13 16:45:47.950000,ADB,2026-05-15T09:01:25.000424Z
2026-05-13,CAD_Public_BBB-,EOD,ALM,AggregatedSpread,Cash,1y.CAD_Public_BBB,1y,1y,true,null,0.00731016,null,2026-05-13T16:30:06.197Z,null,0,Annual,Act/365,TRB,CAD,MODFOLLOWING,CreditSpread,360,null,1080,7068848,1,3,9535,2026-05-01,2026-05-04T11:10:02.387Z,2026-05-14,2026-05-14T13:17:15.473Z,vcurvealmcorprates.csv,gwam_dev_ds.inv_ga_typed.alm_curvealmcorprates | Slice: 2026-04-08 09:15:18.790000 to 2026-05-13 16:45:47.950000,ADB,2026-05-15T09:01:25.000424Z
2026-05-13,CAD_Public_BBB-,EOD,ALM,AggregatedSpread,Bond,2y.CAD_Public_BBB,2y,2y,true,null,0.00844985,null,2026-05-13T16:30:06.197Z,null,1,Semi Annual,Act/Act,TRB,CAD,MODFOLLOWING,CreditSpread,720,null,1081,7068848,1,3,9535,2026-05-01,2026-05-04T11:10:02.387Z,2026-05-14,2026-05-14T13:17:15.473Z,vcurvealmcorprates.csv,gwam_dev_ds.inv_ga_typed.alm_curvealmcorprates | Slice: 2026-04-08 09:15:18.790000 to 2026-05-13 16:45:47.950000,ADB,2026-05-15T09:01:25.000424Z
2026-05-13,CAD_Public_BBB-,EOD,ALM,AggregatedSpread,Bond,3y.CAD_Public_BBB,3y,3y,true,null,0.00932259,null,2026-05-13T16:30:06.197Z,null,1,Semi Annual,Act/Act,TRB,CAD,MODFOLLOWING,CreditSpread,1080,null,1082,7068848,1,3,9535,2026-05-01,2026-05-04T11:10:02.387Z,2026-05-14,2026-05-14T13:17:15.473Z,vcurvealmcorprates.csv,gwam_dev_ds.inv_ga_typed.alm_curvealmcorprates | Slice: 2026-04-08 09:15:18.790000 to 2026-05-13 16:45:47.950000,ADB,2026-05-15T09:01:25.000424Z
2026-05-13,CAD_Public_BBB-,EOD,ALM,AggregatedSpread,Bond,5y.CAD_Public_BBB,5y,5y,true,null,0.01070083,null,2026-05-13T16:30:06.197Z,null,1,Semi Annual,Act/Act,TRB,CAD,MODFOLLOWING,CreditSpread,1800,null,1083,7068848,1,3,9535,2026-05-01,2026-05-04T11:10:02.387Z,2026-05-14,2026-05-14T13:17:15.473Z,vcurvealmcorprates.csv,gwam_dev_ds.inv_ga_typed.alm_curvealmcorprates | Slice: 2026-04-08 09:15:18.790000 to 2026-05-13 16:45:47.950000,ADB,2026-05-15T09:01:25.000424Z
2026-05-13,CAD_Public_BBB-,EOD,ALM,AggregatedSpread,Bond,7y.CAD_Public_BBB,7y,7y,true,null,0.01176340,null,2026-05-13T16:30:06.197Z,null,1,Semi Annual,Act/Act,TRB,CAD,MODFOLLOWING,CreditSpread,2520,null,1084,7068848,1,3,9535,2026-05-01,2026-05-04T11:10:02.387Z,2026-05-14,2026-05-14T13:17:15.473Z,vcurvealmcorprates.csv,gwam_dev_ds.inv_ga_typed.alm_curvealmcorprates | Slice: 2026-04-08 09:15:18.790000 to 2026-05-13 16:45:47.950000,ADB,2026-05-15T09:01:25.000424Z
2026-05-13,CAD_Public_BBB-,EOD,ALM,AggregatedSpread,Bond,10y.CAD_Public_BBB,10y,10y,true,null,0.01306306,null,2026-05-13T16:30:06.197Z,null,1,Semi Annual,Act/Act,TRB,CAD,MODFOLLOWING,CreditSpread,3600,null,1085,7068848,1,3,9535,2026-05-01,2026-05-04T11:10:02.387Z,2026-05-14,2026-05-14T13:17:15.473Z,vcurvealmcorprates.csv,gwam_dev_ds.inv_ga_typed.alm_curvealmcorprates | Slice: 2026-04-08 09:15:18.790000 to 2026-05-13 16:45:47.950000,ADB,2026-05-15T09:01:25.000424Z
2026-05-13,CAD_Public_BBB-,EOD,ALM,AggregatedSpread,Bond,20y.CAD_Public_BBB,20y,20y,true,null,0.01448496,null,2026-05-13T16:30:06.197Z,null,1,Semi Annual,Act/Act,TRB,CAD,MODFOLLOWING,CreditSpread,7200,null,1086,7068848,1,3,9535,2026-05-01,2026-05-04T11:10:02.387Z,2026-05-14,2026-05-14T13:17:15.473Z,vcurvealmcorprates.csv,gwam_dev_ds.inv_ga_typed.alm_curvealmcorprates | Slice: 2026-04-08 09:15:18.790000 to 2026-05-13 16:45:47.950000,ADB,2026-05-15T09:01:25.000424Z
2026-05-13,CAD_Public_BBB-,EOD,ALM,AggregatedSpread,Bond,30y.CAD_Public_BBB,30y,30y,true,null,0.01585545,null,2026-05-13T16:30:06.197Z,null,1,Semi Annual,Act/Act,TRB,CAD,MODFOLLOWING,CreditSpread,10800,null,1087,7068848,1,3,9535,2026-05-01,2026-05-04T11:10:02.387Z,2026-05-14,2026-05-14T13:17:15.473Z,vcurvealmcorprates.csv,gwam_dev_ds.inv_ga_typed.alm_curvealmcorprates | Slice: 2026-04-08 09:15:18.790000 to 2026-05-13 16:45:47.950000,ADB,2026-05-15T09:01:25.000424Z
2026-05-13,JPY_Public_BBB,EOD,ALM,AggregatedSpread,Cash,3m.JPY_Public_BBB,3m,3m,true,null,0.00804037,null,2026-05-13T16:30:06.197Z,null,0,Annual,Act/365,TKB,JPY,MODFOLLOWING,CreditSpread,90,null,1168,7074888,1,3,82,2026-05-01,2026-05-07T10:59:11.313Z,2026-05-14,2026-05-14T13:17:15.473Z,vcurvealmcorprates.csv,gwam_dev_ds.inv_ga_typed.alm_curvealmcorprates | Slice: 2026-04-08 09:15:18.790000 to 2026-05-13 16:45:47.950000,ADB,2026-05-15T09:01:25.000424Z
2026-05-13,JPY_Public_BBB,EOD,ALM,AggregatedSpread,Cash,6m.JPY_Public_BBB,6m,6m,true,null,0.00814037,null,2026-05-13T16:30:06.197Z,null,0,Annual,Act/365,TKB,JPY,MODFOLLOWING,CreditSpread,180,null,1169,7074888,1,3,82,2026-05-01,2026-05-07T10:59:11.313Z,2026-05-14,2026-05-14T13:17:15.473Z,vcurvealmcorprates.csv,gwam_dev_ds.inv_ga_typed.alm_curvealmcorprates | Slice: 2026-04-08 09:15:18.790000 to 2026-05-13 16:45:47.950000,ADB,2026-05-15T09:01:25.000424Z
2026-05-13,JPY_Public_BBB,EOD,ALM,AggregatedSpread,Cash,1y.JPY_Public_BBB,1y,1y,true,null,0.00824037,null,2026-05-13T16:30:06.197Z,null,1,Semi Annual,NL/365,TKB,JPY,MODFOLLOWING,CreditSpread,360,null,1170,7074888,1,3,82,2026-05-01,2026-05-07T10:59:11.313Z,2026-05-14,2026-05-14T13:17:15.473Z,vcurvealmcorprates.csv,gwam_dev_ds.inv_ga_typed.alm_curvealmcorprates | Slice: 2026-04-08 09:15:18.790000 to 2026-05-13 16:45:47.950000,ADB,2026-05-15T09:01:25.000424Z
2026-05-13,JPY_Public_BBB,EOD,ALM,AggregatedSpread,Bond,2y.JPY_Public_BBB,2y,2y,true,null,0.00631303,null,2026-05-13T16:30:06.197Z,null,1,Semi Annual,NL/365,TKB,JPY,MODFOLLOWING,CreditSpread,720,null,1171,7074888,1,3,82,2026-05-01,2026-05-07T10:59:11.313Z,2026-05-14,2026-05-14T13:17:15.473Z,vcurvealmcorprates.csv,gwam_dev_ds.inv_ga_typed.alm_curvealmcorprates | Slice: 2026-04-08 09:15:18.790000 to 2026-05-13 16:45:47.950000,ADB,2026-05-15T09:01:25.000424Z
2026-05-13,JPY_Public_BBB,EOD,ALM,AggregatedSpread,Bond,3y.JPY_Public_BBB,3y,3y,true,null,0.00703385,null,2026-05-13T16:30:06.197Z,null,1,Semi Annual,NL/365,TKB,JPY,MODFOLLOWING,CreditSpread,1080,null,1172,7074888,1,3,82,2026-05-01,2026-05-07T10:59:11.313Z,2026-05-14,2026-05-14T13:17:15.473Z,vcurvealmcorprates.csv,gwam_dev_ds.inv_ga_typed.alm_curvealmcorprates | Slice: 2026-04-08 09:15:18.790000 to 2026-05-13 16:45:47.950000,ADB,2026-05-15T09:01:25.000424Z
2026-05-13,JPY_Public_BBB,EOD,ALM,AggregatedSpread,Bond,5y.JPY_Public_BBB,5y,5y,true,null,0.00571343,null,2026-05-13T16:30:06.197Z,null,1,Semi Annual,NL/365,TKB,JPY,MODFOLLOWING,CreditSpread,1800,null,1173,7074888,1,3,82,2026-05-01,2026-05-07T10:59:11.313Z,2026-05-14,2026-05-14T13:17:15.473Z,vcurvealmcorprates.csv,gwam_dev_ds.inv_ga_typed.alm_curvealmcorprates | Slice: 2026-04-08 09:15:18.790000 to 2026-05-13 16:45:47.950000,ADB,2026-05-15T09:01:25.000424Z
2026-05-13,JPY_Public_BBB,EOD,ALM,AggregatedSpread,Bond,7y.JPY_Public_BBB,7y,7y,true,null,0.00498440,null,2026-05-13T16:30:06.197Z,null,1,Semi Annual,NL/365,TKB,JPY,MODFOLLOWING,CreditSpread,2520,null,1174,7074888,1,3,82,2026-05-01,2026-05-07T10:59:11.313Z,2026-05-14,2026-05-14T13:17:15.473Z,vcurvealmcorprates.csv,gwam_dev_ds.inv_ga_typed.alm_curvealmcorprates | Slice: 2026-04-08 09:15:18.790000 to 2026-05-13 16:45:47.950000,ADB,2026-05-15T09:01:25.000424Z
2026-05-13,JPY_Public_BBB,EOD,ALM,AggregatedSpread,Bond,10y.JPY_Public_BBB,10y,10y,true,null,0.00498440,null,2026-05-13T16:30:06.197Z,null,1,Semi Annual,NL/365,TKB,JPY,MODFOLLOWING,CreditSpread,3600,null,1175,7074888,1,3,82,2026-05-01,2026-05-07T10:59:11.313Z,2026-05-14,2026-05-14T13:17:15.473Z,vcurvealmcorprates.csv,gwam_dev_ds.inv_ga_typed.alm_curvealmcorprates | Slice: 2026-04-08 09:15:18.790000 to 2026-05-13 16:45:47.950000,ADB,2026-05-15T09:01:25.000424Z
2026-05-13,ADB_ADB.EXCNY_Public_BBB-,EOD,ALM,AggregatedSpread,Cash,3m.ADB_ADB.EXCNY_Public_BBB-,3m,3m,true,null,0.00645676,null,2026-05-13T16:30:06.197Z,null,0,null,Act/360,NYB,ADB,MODFOLLOWING,CreditSpread,90,null,8664,7072960,1,3,9812,2026-05-05,2026-05-06T10:30:46.143Z,2026-05-14,2026-05-14T13:17:15.473Z,vcurvealmcorprates.csv,gwam_dev_ds.inv_ga_typed.alm_curvealmcorprates | Slice: 2026-04-08 09:15:18.790000 to 2026-05-13 16:45:47.950000,ADB,2026-05-15T09:01:25.000424Z
2026-05-13,ADB_ADB.EXCNY_Public_BBB-,EOD,ALM,AggregatedSpread,Cash,6m.ADB_ADB.EXCNY_Public_BBB-,6m,6m,true,null,0.00645676,null,2026-05-13T16:30:06.197Z,null,0,null,Act/360,NYB,ADB,MODFOLLOWING,CreditSpread,180,null,8665,7072960,1,3,9812,2026-05-05,2026-05-06T10:30:46.143Z,2026-05-14,2026-05-14T13:17:15.473Z,vcurvealmcorprates.csv,gwam_dev_ds.inv_ga_typed.alm_curvealmcorprates | Slice: 2026-04-08 09:15:18.790000 to 2026-05-13 16:45:47.950000,ADB,2026-05-15T09:01:25.000424Z
2026-05-13,ADB_ADB.EXCNY_Public_BBB-,EOD,ALM,AggregatedSpread,Bond,1y.ADB_ADB.EXCNY_Public_BBB-,1y,1y,true,null,0.00645676,null,2026-05-13T16:30:06.197Z,null,0,null,Act/360,NYB,ADB,MODFOLLOWING,CreditSpread,360,null,8666,7072960,1,3,9812,2026-05-05,2026-05-06T10:30:46.143Z,2026-05-14,2026-05-14T13:17:15.473Z,vcurvealmcorprates.csv,gwam_dev_ds.inv_ga_typed.alm_curvealmcorprates | Slice: 2026-04-08 09:15:18.790000 to 2026-05-13 16:45:47.950000,ADB,2026-05-15T09:01:25.000424Z
2026-05-13,USD_Public_A,EOD,ALM,AggregatedSpread,Cash,3m.USD_Public_A,3m,3m,true,null,0.00249667,null,2026-05-13T16:30:06.197Z,null,0,Annual,Act/360,NYB,USD,MODFOLLOWING,CreditSpread,90,null,1286,7072813,2,3,7423,2026-05-05,2026-05-06T09:53:53.443Z,2026-05-14,2026-05-14T13:17:15.473Z,vcurvealmcorprates.csv,gwam_dev_ds.inv_ga_typed.alm_curvealmcorprates | Slice: 2026-04-08 09:15:18.790000 to 2026-05-13 16:45:47.950000,ADB,2026-05-15T09:01:25.000424Z
2026-05-13,USD_Public_A,EOD,ALM,AggregatedSpread,Cash,6m.USD_Public_A,6m,6m,true,null,0.00249667,null,2026-05-13T16:30:06.197Z,null,0,Annual,Act/360,NYB,USD,MODFOLLOWING,CreditSpread,180,null,1287,7072813,2,3,7423,2026-05-05,2026-05-06T09:53:53.443Z,2026-05-14,2026-05-14T13:17:15.473Z,vcurvealmcorprates.csv,gwam_dev_ds.inv_ga_typed.alm_curvealmcorprates | Slice: 2026-04-08 09:15:18.790000 to 2026-05-13 16:45:47.950000,ADB,2026-05-15T09:01:25.000424Z
2026-05-13,USD_Public_A,EOD,ALM,AggregatedSpread,Cash,1y.USD_Public_A,1y,1y,true,null,0.00249667,null,2026-05-13T16:30:06.197Z,null,1,Semi Annual,ACT/ACT,NYB,USD,MODFOLLOWING,CreditSpread,360,null,1288,7072813,2,3,7423,2026-05-05,2026-05-06T09:53:53.443Z,2026-05-14,2026-05-14T13:17:15.473Z,vcurvealmcorprates.csv,gwam_dev_ds.inv_ga_typed.alm_curvealmcorprates | Slice: 2026-04-08 09:15:18.790000 to 2026-05-13 16:45:47.950000,ADB,2026-05-15T09:01:25.000424Z
2026-05-13,USD_Public_A,EOD,ALM,AggregatedSpread,Bond,2y.USD_Public_A,2y,2y,true,null,0.00319585,null,2026-05-13T16:30:06.197Z,null,1,Semi Annual,ACT/ACT,NYB,USD,MODFOLLOWING,CreditSpread,720,null,1289,7072813,2,3,7423,2026-05-05,2026-05-06T09:53:53.443Z,2026-05-14,2026-05-14T13:17:15.473Z,vcurvealmcorprates.csv,gwam_dev_ds.inv_ga_typed.alm_curvealmcorprates | Slice: 2026-04-08 09:15:18.790000 to 2026-05-13 16:45:47.950000,ADB,2026-05-15T09:01:25.000424Z
2026-05-13,USD_Public_A,EOD,ALM,AggregatedSpread,Bond,3y.USD_Public_A,3y,3y,true,null,0.00382977,null,2026-05-13T16:30:06.197Z,null,1,Semi Annual,ACT/ACT,NYB,USD,MODFOLLOWING,CreditSpread,1080,null,1290,7072813,2,3,7423,2026-05-05,2026-05-06T09:53:53.443Z,2026-05-14,2026-05-14T13:17:15.473Z,vcurvealmcorprates.csv,gwam_dev_ds.inv_ga_typed.alm_curvealmcorprates | Slice: 2026-04-08 09:15:18.790000 to 2026-05-13 16:45:47.950000,ADB,2026-05-15T09:01:25.000424Z
2026-05-13,USD_Public_A,EOD,ALM,AggregatedSpread,Bond,5y.USD_Public_A,5y,5y,true,null,0.00491427,null,2026-05-13T16:30:06.197Z,null,1,Semi Annual,ACT/ACT,NYB,USD,MODFOLLOWING,CreditSpread,1800,null,1291,7072813,2,3,7423,2026-05-05,2026-05-06T09:53:53.443Z,2026-05-14,2026-05-14T13:17:15.473Z,vcurvealmcorprates.csv,gwam_dev_ds.inv_ga_typed.alm_curvealmcorprates | Slice: 2026-04-08 09:15:18.790000 to 2026-05-13 16:45:47.950000,ADB,2026-05-15T09:01:25.000424Z
2026-05-13,USD_Public_A,EOD,ALM,AggregatedSpread,Bond,7y.USD_Public_A,7y,7y,true,null,0.00577509,null,2026-05-13T16:30:06.197Z,null,1,Semi Annual,ACT/ACT,NYB,USD,MODFOLLOWING,CreditSpread,2520,null,1292,7072813,2,3,7423,2026-05-05,2026-05-06T09:53:53.443Z,2026-05-14,2026-05-14T13:17:15.473Z,vcurvealmcorprates.csv,gwam_dev_ds.inv_ga_typed.alm_curvealmcorprates | Slice: 2026-04-08 09:15:18.790000 to 2026-05-13 16:45:47.950000,ADB,2026-05-15T09:01:25.000424Z
2026-05-13,USD_Public_A,EOD,ALM,AggregatedSpread,Bond,10y.USD_Public_A,10y,10y,true,null,0.00670143,null,2026-05-13T16:30:06.197Z,null,1,Semi Annual,ACT/ACT,NYB,USD,MODFOLLOWING,CreditSpread,3600,null,1293,7072813,2,3,7423,2026-05-05,2026-05-06T09:53:53.443Z,2026-05-14,2026-05-14T13:17:15.473Z,vcurvealmcorprates.csv,gwam_dev_ds.inv_ga_typed.alm_curvealmcorprates | Slice: 2026-04-08 09:15:18.790000 to 2026-05-13 16:45:47.950000,ADB,2026-05-15T09:01:25.000424Z
2026-05-13,USD_Public_A,EOD,ALM,AggregatedSpread,Bond,20y.USD_Public_A,20y,20y,true,null,0.00717975,null,2026-05-13T16:30:06.197Z,null,1,Semi Annual,ACT/ACT,NYB,USD,MODFOLLOWING,CreditSpread,7200,null,1294,7072813,2,3,7423,2026-05-05,2026-05-06T09:53:53.443Z,2026-05-14,2026-05-14T13:17:15.473Z,vcurvealmcorprates.csv,gwam_dev_ds.inv_ga_typed.alm_curvealmcorprates | Slice: 2026-04-08 09:15:18.790000 to 2026-05-13 16:45:47.950000,ADB,2026-05-15T09:01:25.000424Z
2026-05-13,USD_Public_A,EOD,ALM,AggregatedSpread,Bond,30y.USD_Public_A,30y,30y,true,null,0.00765807,null,2026-05-13T16:30:06.197Z,null,1,Semi Annual,ACT/ACT,NYB,USD,MODFOLLOWING,CreditSpread,10800,null,1295,7072813,2,3,7423,2026-05-05,2026-05-06T09:53:53.443Z,2026-05-14,2026-05-14T13:17:15.473Z,vcurvealmcorprates.csv,gwam_dev_ds.inv_ga_typed.alm_curvealmcorprates | Slice: 2026-04-08 09:15:18.790000 to 2026-05-13 16:45:47.950000,ADB,2026-05-15T09:01:25.000424Z
2026-05-13,AUD_Public_AAA+,EOD,ALM,AggregatedSpread,Cash,3m.AUD_Public_AAA+,3m,3m,true,null,0.00492149,null,2026-05-13T16:30:06.197Z,null,0,null,Act/360,SYB,AUD,MODFOLLOWING,CreditSpread,90,null,8794,7072877,1,3,9827,2026-05-05,2026-05-06T09:54:02.3Z,2026-05-14,2026-05-14T13:17:15.473Z,vcurvealmcorprates.csv,gwam_dev_ds.inv_ga_typed.alm_curvealmcorprates | Slice: 2026-04-08 09:15:18.790000 to 2026-05-13 16:45:47.950000,ADB,2026-05-15T09:01:25.000424Z
2026-05-13,AUD_Public_AAA+,EOD,ALM,AggregatedSpread,Cash,6m.AUD_Public_AAA+,6m,6m,true,null,0.00492149,null,2026-05-13T16:30:06.197Z,null,0,null,Act/360,SYB,AUD,MODFOLLOWING,CreditSpread,180,null,8795,7072877,1,3,9827,2026-05-05,2026-05-06T09:54:02.3Z,2026-05-14,2026-05-14T13:17:15.473Z,vcurvealmcorprates.csv,gwam_dev_ds.inv_ga_typed.alm_curvealmcorprates | Slice: 2026-04-08 09:15:18.790000 to 2026-05-13 16:45:47.950000,ADB,2026-05-15T09:01:25.000424Z
2026-05-13,AUD_Public_AAA+,EOD,ALM,AggregatedSpread,Bond,1y.AUD_Public_AAA+,1y,1y,true,null,0.00492149,null,2026-05-13T16:30:06.197Z,null,0,null,Act/360,SYB,AUD,MODFOLLOWING,CreditSpread,360,null,8796,7072877,1,3,9827,2026-05-05,2026-05-06T09:54:02.3Z,2026-05-14,2026-05-14T13:17:15.473Z,vcurvealmcorprates.csv,gwam_dev_ds.inv_ga_typed.alm_curvealmcorprates | Slice: 2026-04-08 09:15:18.790000 to 2026-05-13 16:45:47.950000,ADB,2026-05-15T09:01:25.000424Z
2026-05-13,AUD_Public_AAA+,EOD,ALM,AggregatedSpread,Bond,2y.AUD_Public_AAA+,2y,2y,true,null,0.00483841,null,2026-05-13T16:30:06.197Z,null,0,null,Act/360,SYB,AUD,MODFOLLOWING,CreditSpread,720,null,8797,7072877,1,3,9827,2026-05-05,2026-05-06T09:54:02.3Z,2026-05-14,2026-05-14T13:17:15.473Z,vcurvealmcorprates.csv,gwam_dev_ds.inv_ga_typed.alm_curvealmcorprates | Slice: 2026-04-08 09:15:18.790000 to 2026-05-13 16:45:47.950000,ADB,2026-05-15T09:01:25.000424Z
2026-05-13,AUD_Public_AAA+,EOD,ALM,AggregatedSpread,Bond,3y.AUD_Public_AAA+,3y,3y,true,null,0.00481131,null,2026-05-13T16:30:06.197Z,null,0,null,Act/360,SYB,AUD,MODFOLLOWING,CreditSpread,1080,null,8798,7072877,1,3,9827,2026-05-05,2026-05-06T09:54:02.3Z,2026-05-14,2026-05-14T13:17:15.473Z,vcurvealmcorprates.csv,gwam_dev_ds.inv_ga_typed.alm_curvealmcorprates | Slice: 2026-04-08 09:15:18.790000 to 2026-05-13 16:45:47.950000,ADB,2026-05-15T09:01:25.000424Z
2026-05-13,AUD_Public_AAA+,EOD,ALM,AggregatedSpread,Bond,5y.AUD_Public_AAA+,5y,5y,true,null,0.00490176,null,2026-05-13T16:30:06.197Z,null,0,null,Act/360,SYB,AUD,MODFOLLOWING,CreditSpread,1800,null,8799,7072877,1,3,9827,2026-05-05,2026-05-06T09:54:02.3Z,2026-05-14,2026-05-14T13:17:15.473Z,vcurvealmcorprates.csv,gwam_dev_ds.inv_ga_typed.alm_curvealmcorprates | Slice: 2026-04-08 09:15:18.790000 to 2026-05-13 16:45:47.950000,ADB,2026-05-15T09:01:25.000424Z
2026-05-13,ADB_ADB.CNY_Public_A-,EOD,ALM,AggregatedSpread,Bond,30y.ADB_ADB.CNY_Public_A-,30y,30y,true,null,0.00173425,null,2026-05-13T16:30:06.197Z,null,0,null,Act/360,NYB,ADB,MODFOLLOWING,CreditSpread,10800,null,8513,7072920,1,3,9796,2026-05-05,2026-05-06T10:30:37.44Z,2026-05-14,2026-05-14T13:17:15.473Z,vcurvealmcorprates.csv,gwam_dev_ds.inv_ga_typed.alm_curvealmcorprates | Slice: 2026-04-08 09:15:18.790000 to 2026-05-13 16:45:47.950000,ADB,2026-05-15T09:01:25.000424Z
2026-05-13,JPY_Public_BBB,EOD,ALM,AggregatedSpread,Bond,20y.JPY_Public_BBB,20y,20y,true,null,0.00788361,null,2026-05-13T16:30:06.197Z,null,1,Semi Annual,NL/365,TKB,JPY,MODFOLLOWING,CreditSpread,7200,null,1176,7074888,1,3,82,2026-05-01,2026-05-07T10:59:11.313Z,2026-05-14,2026-05-14T13:17:15.473Z,vcurvealmcorprates.csv,gwam_dev_ds.inv_ga_typed.alm_curvealmcorprates | Slice: 2026-04-08 09:15:18.790000 to 2026-05-13 16:45:47.950000,ADB,2026-05-15T09:01:25.000424Z
2026-05-13,JPY_Public_BBB,EOD,ALM,AggregatedSpread,Bond,30y.JPY_Public_BBB,30y,30y,true,null,0.00938361,null,2026-05-13T16:30:06.197Z,null,1,Semi Annual,NL/365,TKB,JPY,MODFOLLOWING,CreditSpread,10800,null,1177,7074888,1,3,82,2026-05-01,2026-05-07T10:59:11.313Z,2026-05-14,2026-05-14T13:17:15.473Z,vcurvealmcorprates.csv,gwam_dev_ds.inv_ga_typed.alm_curvealmcorprates | Slice: 2026-04-08 09:15:18.790000 to 2026-05-13 16:45:47.950000,ADB,2026-05-15T09:01:25.000424Z
2026-05-13,ADB_ADB.EXCNY_Public_BBB-,EOD,ALM,AggregatedSpread,Bond,2y.ADB_ADB.EXCNY_Public_BBB-,2y,2y,true,null,0.00704356,null,2026-05-13T16:30:06.197Z,null,0,null,Act/360,NYB,ADB,MODFOLLOWING,CreditSpread,720,null,8667,7072960,1,3,9812,2026-05-05,2026-05-06T10:30:46.143Z,2026-05-14,2026-05-14T13:17:15.473Z,vcurvealmcorprates.csv,gwam_dev_ds.inv_ga_typed.alm_curvealmcorprates | Slice: 2026-04-08 09:15:18.790000 to 2026-05-13 16:45:47.950000,ADB,2026-05-15T09:01:25.000424Z
2026-05-13,ADB_ADB.EXCNY_Public_BBB-,EOD,ALM,AggregatedSpread,Bond,3y.ADB_ADB.EXCNY_Public_BBB-,3y,3y,true,null,0.00752640,null,2026-05-13T16:30:06.197Z,null,0,null,Act/360,NYB,ADB,MODFOLLOWING,CreditSpread,1080,null,8668,7072960,1,3,9812,2026-05-05,2026-05-06T10:30:46.143Z,2026-05-14,2026-05-14T13:17:15.473Z,vcurvealmcorprates.csv,gwam_dev_ds.inv_ga_typed.alm_curvealmcorprates | Slice: 2026-04-08 09:15:18.790000 to 2026-05-13 16:45:47.950000,ADB,2026-05-15T09:01:25.000424Z
2026-05-13,ADB_ADB.EXCNY_Public_BBB-,EOD,ALM,AggregatedSpread,Bond,5y.ADB_ADB.EXCNY_Public_BBB-,5y,5y,true,null,0.00831554,null,2026-05-13T16:30:06.197Z,null,0,null,Act/360,NYB,ADB,MODFOLLOWING,CreditSpread,1800,null,8669,7072960,1,3,9812,2026-05-05,2026-05-06T10:30:46.143Z,2026-05-14,2026-05-14T13:17:15.473Z,vcurvealmcorprates.csv,gwam_dev_ds.inv_ga_typed.alm_curvealmcorprates | Slice: 2026-04-08 09:15:18.790000 to 2026-05-13 16:45:47.950000,ADB,2026-05-15T09:01:25.000424Z
2026-05-13,ADB_ADB.EXCNY_Public_BBB-,EOD,ALM,AggregatedSpread,Bond,7y.ADB_ADB.EXCNY_Public_BBB-,7y,7y,true,null,0.00891693,null,2026-05-13T16:30:06.197Z,null,0,null,Act/360,NYB,ADB,MODFOLLOWING,CreditSpread,2520,null,8670,7072960,1,3,9812,2026-05-05,2026-05-06T10:30:46.143Z,2026-05-14,2026-05-14T13:17:15.473Z,vcurvealmcorprates.csv,gwam_dev_ds.inv_ga_typed.alm_curvealmcorprates | Slice: 2026-04-08 09:15:18.790000 to 2026-05-13 16:45:47.950000,ADB,2026-05-15T09:01:25.000424Z
2026-05-13,ADB_ADB.EXCNY_Public_BBB-,EOD,ALM,AggregatedSpread,Bond,10y.ADB_ADB.EXCNY_Public_BBB-,10y,10y,true,null,0.00965328,null,2026-05-13T16:30:06.197Z,null,0,null,Act/360,NYB,ADB,MODFOLLOWING,CreditSpread,3600,null,8671,7072960,1,3,9812,2026-05-05,2026-05-06T10:30:46.143Z,2026-05-14,2026-05-14T13:17:15.473Z,vcurvealmcorprates.csv,gwam_dev_ds.inv_ga_typed.alm_curvealmcorprates | Slice: 2026-04-08 09:15:18.790000 to 2026-05-13 16:45:47.950000,ADB,2026-05-15T09:01:25.000424Z
2026-05-13,ADB_ADB.EXCNY_Public_BBB-,EOD,ALM,AggregatedSpread,Bond,20y.ADB_ADB.EXCNY_Public_BBB-,20y,20y,true,null,0.01073296,null,2026-05-13T16:30:06.197Z,null,0,null,Act/360,NYB,ADB,MODFOLLOWING,CreditSpread,7200,null,8672,7072960,1,3,9812,2026-05-05,2026-05-06T10:30:46.143Z,2026-05-14,2026-05-14T13:17:15.473Z,vcurvealmcorprates.csv,gwam_dev_ds.inv_ga_typed.alm_curvealmcorprates | Slice: 2026-04-08 09:15:18.790000 to 2026-05-13 16:45:47.950000,ADB,2026-05-15T09:01:25.000424Z
2026-05-13,ADB_ADB.EXCNY_Public_BBB-,EOD,ALM,AggregatedSpread,Bond,30y.ADB_ADB.EXCNY_Public_BBB-,30y,30y,true,null,0.01176121,null,2026-05-13T16:30:06.197Z,null,0,null,Act/360,NYB,ADB,MODFOLLOWING,CreditSpread,10800,null,8673,7072960,1,3,9812,2026-05-05,2026-05-06T10:30:46.143Z,2026-05-14,2026-05-14T13:17:15.473Z,vcurvealmcorprates.csv,gwam_dev_ds.inv_ga_typed.alm_curvealmcorprates | Slice: 2026-04-08 09:15:18.790000 to 2026-05-13 16:45:47.950000,ADB,2026-05-15T09:01:25.000424Z
2026-05-13,AUD_Public_AAA+,EOD,ALM,AggregatedSpread,Bond,7y.AUD_Public_AAA+,7y,7y,true,null,0.00514616,null,2026-05-13T16:30:06.197Z,null,0,null,Act/360,SYB,AUD,MODFOLLOWING,CreditSpread,2520,null,8800,7072877,1,3,9827,2026-05-05,2026-05-06T09:54:02.3Z,2026-05-14,2026-05-14T13:17:15.473Z,vcurvealmcorprates.csv,gwam_dev_ds.inv_ga_typed.alm_curvealmcorprates | Slice: 2026-04-08 09:15:18.790000 to 2026-05-13 16:45:47.950000,ADB,2026-05-15T09:01:25.000424Z
2026-05-13,AUD_Public_AAA+,EOD,ALM,AggregatedSpread,Bond,10y.AUD_Public_AAA+,10y,10y,true,null,0.00569935,null,2026-05-13T16:30:06.197Z,null,0,null,Act/360,SYB,AUD,MODFOLLOWING,CreditSpread,3600,null,8801,7072877,1,3,9827,2026-05-05,2026-05-06T09:54:02.3Z,2026-05-14,2026-05-14T13:17:15.473Z,vcurvealmcorprates.csv,gwam_dev_ds.inv_ga_typed.alm_curvealmcorprates | Slice: 2026-04-08 09:15:18.790000 to 2026-05-13 16:45:47.950000,ADB,2026-05-15T09:01:25.000424Z
2026-05-13,AUD_Public_AAA+,EOD,ALM,AggregatedSpread,Bond,20y.AUD_Public_AAA+,20y,20y,true,null,0.00481355,null,2026-05-13T16:30:06.197Z,null,0,null,Act/360,SYB,AUD,MODFOLLOWING,CreditSpread,7200,null,8802,7072877,1,3,9827,2026-05-05,2026-05-06T09:54:02.3Z,2026-05-14,2026-05-14T13:17:15.473Z,vcurvealmcorprates.csv,gwam_dev_ds.inv_ga_typed.alm_curvealmcorprates | Slice: 2026-04-08 09:15:18.790000 to 2026-05-13 16:45:47.950000,ADB,2026-05-15T09:01:25.000424Z
2026-05-13,AUD_Public_AAA+,EOD,ALM,AggregatedSpread,Bond,30y.AUD_Public_AAA+,30y,30y,true,null,0.00481355,null,2026-05-13T16:30:06.197Z,null,0,null,Act/360,SYB,AUD,MODFOLLOWING,CreditSpread,10800,null,8803,7072877,1,3,9827,2026-05-05,2026-05-06T09:54:02.3Z,2026-05-14,2026-05-14T13:17:15.473Z,vcurvealmcorprates.csv,gwam_dev_ds.inv_ga_typed.alm_curvealmcorprates | Slice: 2026-04-08 09:15:18.790000 to 2026-05-13 16:45:47.950000,ADB,2026-05-15T09:01:25.000424Z
2026-05-13,CAD_Public_CCC,EOD,ALM,AggregatedSpread,Cash,3m.CAD_Public_CCC,3m,3m,true,null,0.03940984,null,2026-05-13T16:30:06.197Z,null,0,Annual,Act/365,TRB,CAD,MODFOLLOWING,CreditSpread,90,null,1088,7065935,1,3,74,2026-04-30,2026-05-01T10:16:05.473Z,2026-05-14,2026-05-14T13:17:15.473Z,vcurvealmcorprates.csv,gwam_dev_ds.inv_ga_typed.alm_curvealmcorprates | Slice: 2026-04-08 09:15:18.790000 to 2026-05-13 16:45:47.950000,ADB,2026-05-15T09:01:25.000424Z
2026-05-13,CAD_Public_CCC,EOD,ALM,AggregatedSpread,Cash,6m.CAD_Public_CCC,6m,6m,true,null,0.03940984,null,2026-05-13T16:30:06.197Z,null,0,Annual,Act/365,TRB,CAD,MODFOLLOWING,CreditSpread,180,null,1089,7065935,1,3,74,2026-04-30,2026-05-01T10:16:05.473Z,2026-05-14,2026-05-14T13:17:15.473Z,vcurvealmcorprates.csv,gwam_dev_ds.inv_ga_typed.alm_curvealmcorprates | Slice: 2026-04-08 09:15:18.790000 to 2026-05-13 16:45:47.950000,ADB,2026-05-15T09:01:25.000424Z
2026-05-13,CAD_Public_CCC,EOD,ALM,AggregatedSpread,Cash,1y.CAD_Public_CCC,1y,1y,true,null,0.03940984,null,2026-05-13T16:30:06.197Z,null,0,Annual,Act/365,TRB,CAD,MODFOLLOWING,CreditSpread,360,null,1090,7065935,1,3,74,2026-04-30,2026-05-01T10:16:05.473Z,2026-05-14,2026-05-14T13:17:15.473Z,vcurvealmcorprates.csv,gwam_dev_ds.inv_ga_typed.alm_curvealmcorprates | Slice: 2026-04-08 09:15:18.790000 to 2026-05-13 16:45:47.950000,ADB,2026-05-15T09:01:25.000424Z
2026-05-13,CAD_Public_CCC,EOD,ALM,AggregatedSpread,Bond,2y.CAD_Public_CCC,2y,2y,true,null,0.03669404,null,2026-05-13T16:30:06.197Z,null,1,Semi Annual,Act/Act,TRB,CAD,MODFOLLOWING,CreditSpread,720,null,1091,7065935,1,3,74,2026-04-30,2026-05-01T10:16:05.473Z,2026-05-14,2026-05-14T13:17:15.473Z,vcurvealmcorprates.csv,gwam_dev_ds.inv_ga_typed.alm_curvealmcorprates | Slice: 2026-04-08 09:15:18.790000 to 2026-05-13 16:45:47.950000,ADB,2026-05-15T09:01:25.000424Z
2026-05-13,CAD_Public_CCC,EOD,ALM,AggregatedSpread,Bond,3y.CAD_Public_CCC,3y,3y,true,null,0.03576429,null,2026-05-13T16:30:06.197Z,null,1,Semi Annual,Act/Act,TRB,CAD,MODFOLLOWING,CreditSpread,1080,null,1092,7065935,1,3,74,2026-04-30,2026-05-01T10:16:05.473Z,2026-05-14,2026-05-14T13:17:15.473Z,vcurvealmcorprates.csv,gwam_dev_ds.inv_ga_typed.alm_curvealmcorprates | Slice: 2026-04-08 09:15:18.790000 to 2026-05-13 16:45:47.950000,ADB,2026-05-15T09:01:25.000424Z
2026-05-13,CAD_Public_CCC,EOD,ALM,AggregatedSpread,Bond,5y.CAD_Public_CCC,5y,5y,true,null,0.03414809,null,2026-05-13T16:30:06.197Z,null,1,Semi Annual,Act/Act,TRB,CAD,MODFOLLOWING,CreditSpread,1800,null,1093,7065935,1,3,74,2026-04-30,2026-05-01T10:16:05.473Z,2026-05-14,2026-05-14T13:17:15.473Z,vcurvealmcorprates.csv,gwam_dev_ds.inv_ga_typed.alm_curvealmcorprates | Slice: 2026-04-08 09:15:18.790000 to 2026-05-13 16:45:47.950000,ADB,2026-05-15T09:01:25.000424Z
2026-05-13,CAD_Public_CCC,EOD,ALM,AggregatedSpread,Bond,7y.CAD_Public_CCC,7y,7y,true,null,0.03252032,null,2026-05-13T16:30:06.197Z,null,1,Semi Annual,Act/Act,TRB,CAD,MODFOLLOWING,CreditSpread,2520,null,1094,7065935,1,3,74,2026-04-30,2026-05-01T10:16:05.473Z,2026-05-14,2026-05-14T13:17:15.473Z,vcurvealmcorprates.csv,gwam_dev_ds.inv_ga_typed.alm_curvealmcorprates | Slice: 2026-04-08 09:15:18.790000 to 2026-05-13 16:45:47.950000,ADB,2026-05-15T09:01:25.000424Z
2026-05-13,CAD_Public_CCC,EOD,ALM,AggregatedSpread,Bond,10y.CAD_Public_CCC,10y,10y,true,null,0.03060708,null,2026-05-13T16:30:06.197Z,null,1,Semi Annual,Act/Act,TRB,CAD,MODFOLLOWING,CreditSpread,3600,null,1095,7065935,1,3,74,2026-04-30,2026-05-01T10:16:05.473Z,2026-05-14,2026-05-14T13:17:15.473Z,vcurvealmcorprates.csv,gwam_dev_ds.inv_ga_typed.alm_curvealmcorprates | Slice: 2026-04-08 09:15:18.790000 to 2026-05-13 16:45:47.950000,ADB,2026-05-15T09:01:25.000424Z
2026-05-13,CAD_Public_CCC,EOD,ALM,AggregatedSpread,Bond,20y.CAD_Public_CCC,20y,20y,true,null,0.02802829,null,2026-05-13T16:30:06.197Z,null,1,Semi Annual,Act/Act,TRB,CAD,MODFOLLOWING,CreditSpread,7200,null,1096,7065935,1,3,74,2026-04-30,2026-05-01T10:16:05.473Z,2026-05-14,2026-05-14T13:17:15.473Z,vcurvealmcorprates.csv,gwam_dev_ds.inv_ga_typed.alm_curvealmcorprates | Slice: 2026-04-08 09:15:18.790000 to 2026-05-13 16:45:47.950000,ADB,2026-05-15T09:01:25.000424Z
2026-05-13,CAD_Public_CCC,EOD,ALM,AggregatedSpread,Bond,30y.CAD_Public_CCC,30y,30y,true,null,0.02709483,null,2026-05-13T16:30:06.197Z,null,1,Semi Annual,Act/Act,TRB,CAD,MODFOLLOWING,CreditSpread,10800,null,1097,7065935,1,3,74,2026-04-30,2026-05-01T10:16:05.473Z,2026-05-14,2026-05-14T13:17:15.473Z,vcurvealmcorprates.csv,gwam_dev_ds.inv_ga_typed.alm_curvealmcorprates | Slice: 2026-04-08 09:15:18.790000 to 2026-05-13 16:45:47.950000,ADB,2026-05-15T09:01:25.000424Z
2026-05-13,EUR_Public_AAA,EOD,ALM,AggregatedSpread,Bond,10y.EUR_Public_AAA,10y,10y,true,null,0.00572407,null,2026-05-13T16:30:06.197Z,null,0,null,Act/360,ECU,EUR,MODFOLLOWING,CreditSpread,3600,null,3328,7068732,1,3,7484,2026-05-01,2026-05-04T10:23:30.133Z,2026-05-14,2026-05-14T13:17:15.473Z,vcurvealmcorprates.csv,gwam_dev_ds.inv_ga_typed.alm_curvealmcorprates | Slice: 2026-04-08 09:15:18.790000 to 2026-05-13 16:45:47.950000,ADB,2026-05-15T09:01:25.000424Z
2026-05-13,EUR_Public_AAA,EOD,ALM,AggregatedSpread,Bond,1y.EUR_Public_AAA,1y,1y,true,null,0.00219898,null,2026-05-13T16:30:06.197Z,null,0,null,Act/360,ECU,EUR,MODFOLLOWING,CreditSpread,360,null,3560,7068732,1,3,7484,2026-05-01,2026-05-04T10:23:30.133Z,2026-05-14,2026-05-14T13:17:15.473Z,vcurvealmcorprates.csv,gwam_dev_ds.inv_ga_typed.alm_curvealmcorprates | Slice: 2026-04-08 09:15:18.790000 to 2026-05-13 16:45:47.950000,ADB,2026-05-15T09:01:25.000424Z
2026-05-13,EUR_Public_AAA,EOD,ALM,AggregatedSpread,Bond,20y.EUR_Public_AAA,20y,20y,true,null,0.00671734,null,2026-05-13T16:30:06.197Z,null,0,null,Act/360,ECU,EUR,MODFOLLOWING,CreditSpread,7200,null,3759,7068732,1,3,7484,2026-05-01,2026-05-04T10:23:30.133Z,2026-05-14,2026-05-14T13:17:15.473Z,vcurvealmcorprates.csv,gwam_dev_ds.inv_ga_typed.alm_curvealmcorprates | Slice: 2026-04-08 09:15:18.790000 to 2026-05-13 16:45:47.950000,ADB,2026-05-15T09:01:25.000424Z
2026-05-13,EUR_Public_AAA,EOD,ALM,AggregatedSpread,Bond,2y.EUR_Public_AAA,2y,2y,true,null,0.00275363,null,2026-05-13T16:30:06.197Z,null,0,null,Act/360,ECU,EUR,MODFOLLOWING,CreditSpread,720,null,3969,7068732,1,3,7484,2026-05-01,2026-05-04T10:23:30.133Z,2026-05-14,2026-05-14T13:17:15.473Z,vcurvealmcorprates.csv,gwam_dev_ds.inv_ga_typed.alm_curvealmcorprates | Slice: 2026-04-08 09:15:18.790000 to 2026-05-13 16:45:47.950000,ADB,2026-05-15T09:01:25.000424Z
2026-05-13,EUR_Public_AAA,EOD,ALM,AggregatedSpread,Bond,30y.EUR_Public_AAA,30y,30y,true,null,0.00671734,null,2026-05-13T16:30:06.197Z,null,0,null,Act/360,ECU,EUR,MODFOLLOWING,CreditSpread,10800,null,4168,7068732,1,3,7484,2026-05-01,2026-05-04T10:23:30.133Z,2026-05-14,2026-05-14T13:17:15.473Z,vcurvealmcorprates.csv,gwam_dev_ds.inv_ga_typed.alm_curvealmcorprates | Slice: 2026-04-08 09:15:18.790000 to 2026-05-13 16:45:47.950000,ADB,2026-05-15T09:01:25.000424Z
2026-05-13,EUR_Public_AAA,EOD,ALM,AggregatedSpread,Cash,3m.EUR_Public_AAA,3m,3m,true,null,0.00219898,null,2026-05-13T16:30:06.197Z,null,0,null,Act/360,ECU,EUR,MODFOLLOWING,CreditSpread,90,null,4367,7068732,1,3,7484,2026-05-01,2026-05-04T10:23:30.133Z,2026-05-14,2026-05-14T13:17:15.473Z,vcurvealmcorprates.csv,gwam_dev_ds.inv_ga_typed.alm_curvealmcorprates | Slice: 2026-04-08 09:15:18.790000 to 2026-05-13 16:45:47.950000,ADB,2026-05-15T09:01:25.000424Z
2026-05-13,EUR_Public_AAA,EOD,ALM,AggregatedSpread,Bond,3y.EUR_Public_AAA,3y,3y,true,null,0.00326045,null,2026-05-13T16:30:06.197Z,null,0,null,Act/360,ECU,EUR,MODFOLLOWING,CreditSpread,1080,null,4566,7068732,1,3,7484,2026-05-01,2026-05-04T10:23:30.133Z,2026-05-14,2026-05-14T13:17:15.473Z,vcurvealmcorprates.csv,gwam_dev_ds.inv_ga_typed.alm_curvealmcorprates | Slice: 2026-04-08 09:15:18.790000 to 2026-05-13 16:45:47.950000,ADB,2026-05-15T09:01:25.000424Z
2026-05-13,EUR_Public_AAA,EOD,ALM,AggregatedSpread,Bond,5y.EUR_Public_AAA,5y,5y,true,null,0.00414274,null,2026-05-13T16:30:06.197Z,null,0,null,Act/360,ECU,EUR,MODFOLLOWING,CreditSpread,1800,null,4774,7068732,1,3,7484,2026-05-01,2026-05-04T10:23:30.133Z,2026-05-14,2026-05-14T13:17:15.473Z,vcurvealmcorprates.csv,gwam_dev_ds.inv_ga_typed.alm_curvealmcorprates | Slice: 2026-04-08 09:15:18.790000 to 2026-05-13 16:45:47.950000,ADB,2026-05-15T09:01:25.000424Z
2026-05-13,EUR_Public_AAA,EOD,ALM,AggregatedSpread,Cash,6m.EUR_Public_AAA,6m,6m,true,null,0.00219898,null,2026-05-13T16:30:06.197Z,null,0,null,Act/360,ECU,EUR,MODFOLLOWING,CreditSpread,180,null,4973,7068732,1,3,7484,2026-05-01,2026-05-04T10:23:30.133Z,2026-05-14,2026-05-14T13:17:15.473Z,vcurvealmcorprates.csv,gwam_dev_ds.inv_ga_typed.alm_curvealmcorprates | Slice: 2026-04-08 09:15:18.790000 to 2026-05-13 16:45:47.950000,ADB,2026-05-15T09:01:25.000424Z
2026-05-13,EUR_Public_AAA,EOD,ALM,AggregatedSpread,Bond,7y.EUR_Public_AAA,7y,7y,true,null,0.00487016,null,2026-05-13T16:30:06.197Z,null,0,null,Act/360,ECU,EUR,MODFOLLOWING,CreditSpread,2520,null,5176,7068732,1,3,7484,2026-05-01,2026-05-04T10:23:30.133Z,2026-05-14,2026-05-14T13:17:15.473Z,vcurvealmcorprates.csv,gwam_dev_ds.inv_ga_typed.alm_curvealmcorprates | Slice: 2026-04-08 09:15:18.790000 to 2026-05-13 16:45:47.950000,ADB,2026-05-15T09:01:25.000424Z
2026-05-13,CAD_Public_AA,EOD,ALM,AggregatedSpread,Cash,3m.CAD_Public_AA,3m,3m,true,null,0.00091800,null,2026-05-13T16:30:06.197Z,null,0,Annual,Act/365,TRB,CAD,MODFOLLOWING,CreditSpread,90,null,1038,7066151,1,3,69,2026-04-30,2026-05-01T11:03:54.837Z,2026-05-14,2026-05-14T13:17:15.473Z,vcurvealmcorprates.csv,gwam_dev_ds.inv_ga_typed.alm_curvealmcorprates | Slice: 2026-04-08 09:15:18.790000 to 2026-05-13 16:45:47.950000,ADB,2026-05-15T09:01:25.000424Z
2026-05-13,CAD_Public_AA,EOD,ALM,AggregatedSpread,Cash,6m.CAD_Public_AA,6m,6m,true,null,0.00091800,null,2026-05-13T16:30:06.197Z,null,0,Annual,Act/365,TRB,CAD,MODFOLLOWING,CreditSpread,180,null,1039,7066151,1,3,69,2026-04-30,2026-05-01T11:03:54.837Z,2026-05-14,2026-05-14T13:17:15.473Z,vcurvealmcorprates.csv,gwam_dev_ds.inv_ga_typed.alm_curvealmcorprates | Slice: 2026-04-08 09:15:18.790000 to 2026-05-13 16:45:47.950000,ADB,2026-05-15T09:01:25.000424Z
2026-05-13,CAD_Public_AA,EOD,ALM,AggregatedSpread,Cash,1y.CAD_Public_AA,1y,1y,true,null,0.00091800,null,2026-05-13T16:30:06.197Z,null,0,Annual,Act/365,TRB,CAD,MODFOLLOWING,CreditSpread,360,null,1040,7066151,1,3,69,2026-04-30,2026-05-01T11:03:54.837Z,2026-05-14,2026-05-14T13:17:15.473Z,vcurvealmcorprates.csv,gwam_dev_ds.inv_ga_typed.alm_curvealmcorprates | Slice: 2026-04-08 09:15:18.790000 to 2026-05-13 16:45:47.950000,ADB,2026-05-15T09:01:25.000424Z
2026-05-13,CAD_Public_AA,EOD,ALM,AggregatedSpread,Bond,2y.CAD_Public_AA,2y,2y,true,null,0.00036700,null,2026-05-13T16:30:06.197Z,null,1,Semi Annual,Act/Act,TRB,CAD,MODFOLLOWING,CreditSpread,720,null,1041,7066151,1,3,69,2026-04-30,2026-05-01T11:03:54.837Z,2026-05-14,2026-05-14T13:17:15.473Z,vcurvealmcorprates.csv,gwam_dev_ds.inv_ga_typed.alm_curvealmcorprates | Slice: 2026-04-08 09:15:18.790000 to 2026-05-13 16:45:47.950000,ADB,2026-05-15T09:01:25.000424Z
2026-05-13,CAD_Public_AA,EOD,ALM,AggregatedSpread,Bond,3y.CAD_Public_AA,3y,3y,true,null,0.00080000,null,2026-05-13T16:30:06.197Z,null,1,Semi Annual,Act/Act,TRB,CAD,MODFOLLOWING,CreditSpread,1080,null,1042,7066151,1,3,69,2026-04-30,2026-05-01T11:03:54.837Z,2026-05-14,2026-05-14T13:17:15.473Z,vcurvealmcorprates.csv,gwam_dev_ds.inv_ga_typed.alm_curvealmcorprates | Slice: 2026-04-08 09:15:18.790000 to 2026-05-13 16:45:47.950000,ADB,2026-05-15T09:01:25.000424Z
2026-05-13,CAD_Public_AA,EOD,ALM,AggregatedSpread,Bond,5y.CAD_Public_AA,5y,5y,true,null,0.00184500,null,2026-05-13T16:30:06.197Z,null,1,Semi Annual,Act/Act,TRB,CAD,MODFOLLOWING,CreditSpread,1800,null,1043,7066151,1,3,69,2026-04-30,2026-05-01T11:03:54.837Z,2026-05-14,2026-05-14T13:17:15.473Z,vcurvealmcorprates.csv,gwam_dev_ds.inv_ga_typed.alm_curvealmcorprates | Slice: 2026-04-08 09:15:18.790000 to 2026-05-13 16:45:47.950000,ADB,2026-05-15T09:01:25.000424Z
2026-05-13,CAD_Public_AA,EOD,ALM,AggregatedSpread,Bond,7y.CAD_Public_AA,7y,7y,true,null,0.00273000,null,2026-05-13T16:30:06.197Z,null,1,Semi Annual,Act/Act,TRB,CAD,MODFOLLOWING,CreditSpread,2520,null,1044,7066151,1,3,69,2026-04-30,2026-05-01T11:03:54.837Z,2026-05-14,2026-05-14T13:17:15.473Z,vcurvealmcorprates.csv,gwam_dev_ds.inv_ga_typed.alm_curvealmcorprates | Slice: 2026-04-08 09:15:18.790000 to 2026-05-13 16:45:47.950000,ADB,2026-05-15T09:01:25.000424Z
2026-05-13,CAD_Public_AA,EOD,ALM,AggregatedSpread,Bond,10y.CAD_Public_AA,10y,10y,true,null,0.00452100,null,2026-05-13T16:30:06.197Z,null,1,Semi Annual,Act/Act,TRB,CAD,MODFOLLOWING,CreditSpread,3600,null,1045,7066151,1,3,69,2026-04-30,2026-05-01T11:03:54.837Z,2026-05-14,2026-05-14T13:17:15.473Z,vcurvealmcorprates.csv,gwam_dev_ds.inv_ga_typed.alm_curvealmcorprates | Slice: 2026-04-08 09:15:18.790000 to 2026-05-13 16:45:47.950000,ADB,2026-05-15T09:01:25.000424Z
2026-05-13,CAD_Public_AA,EOD,ALM,AggregatedSpread,Bond,20y.CAD_Public_AA,20y,20y,true,null,0.00806100,null,2026-05-13T16:30:06.197Z,null,1,Semi Annual,Act/Act,TRB,CAD,MODFOLLOWING,CreditSpread,7200,null,1046,7066151,1,3,69,2026-04-30,2026-05-01T11:03:54.837Z,2026-05-14,2026-05-14T13:17:15.473Z,vcurvealmcorprates.csv,gwam_dev_ds.inv_ga_typed.alm_curvealmcorprates | Slice: 2026-04-08 09:15:18.790000 to 2026-05-13 16:45:47.950000,ADB,2026-05-15T09:01:25.000424Z
2026-05-13,CAD_Public_AA,EOD,ALM,AggregatedSpread,Bond,30y.CAD_Public_AA,30y,30y,true,null,0.00751100,null,2026-05-13T16:30:06.197Z,null,1,Semi Annual,Act/Act,TRB,CAD,MODFOLLOWING,CreditSpread,10800,null,1047,7066151,1,3,69,2026-04-30,2026-05-01T11:03:54.837Z,2026-05-14,2026-05-14T13:17:15.473Z,vcurvealmcorprates.csv,gwam_dev_ds.inv_ga_typed.alm_curvealmcorprates | Slice: 2026-04-08 09:15:18.790000 to 2026-05-13 16:45:47.950000,ADB,2026-05-15T09:01:25.000424Z
2026-05-13,JPY_Public_AA,EOD,ALM,AggregatedSpread,Cash,3m.JPY_Public_AA,3m,3m,true,null,0.00277764,null,2026-05-13T16:30:06.197Z,null,0,Annual,Act/365,TKB,JPY,MODFOLLOWING,CreditSpread,90,null,1128,7074886,1,3,78,2026-05-01,2026-05-07T10:59:11.313Z,2026-05-14,2026-05-14T13:17:15.473Z,vcurvealmcorprates.csv,gwam_dev_ds.inv_ga_typed.alm_curvealmcorprates | Slice: 2026-04-08 09:15:18.790000 to 2026-05-13 16:45:47.950000,ADB,2026-05-15T09:01:25.000424Z
2026-05-13,JPY_Public_AA,EOD,ALM,AggregatedSpread,Cash,6m.JPY_Public_AA,6m,6m,true,null,0.00287764,null,2026-05-13T16:30:06.197Z,null,0,Annual,Act/365,TKB,JPY,MODFOLLOWING,CreditSpread,180,null,1129,7074886,1,3,78,2026-05-01,2026-05-07T10:59:11.313Z,2026-05-14,2026-05-14T13:17:15.473Z,vcurvealmcorprates.csv,gwam_dev_ds.inv_ga_typed.alm_curvealmcorprates | Slice: 2026-04-08 09:15:18.790000 to 2026-05-13 16:45:47.950000,ADB,2026-05-15T09:01:25.000424Z
2026-05-13,JPY_Public_AA,EOD,ALM,AggregatedSpread,Cash,1y.JPY_Public_AA,1y,1y,true,null,0.00297764,null,2026-05-13T16:30:06.197Z,null,1,Semi Annual,NL/365,TKB,JPY,MODFOLLOWING,CreditSpread,360,null,1130,7074886,1,3,78,2026-05-01,2026-05-07T10:59:11.313Z,2026-05-14,2026-05-14T13:17:15.473Z,vcurvealmcorprates.csv,gwam_dev_ds.inv_ga_typed.alm_curvealmcorprates | Slice: 2026-04-08 09:15:18.790000 to 2026-05-13 16:45:47.950000,ADB,2026-05-15T09:01:25.000424Z
2026-05-13,JPY_Public_AA,EOD,ALM,AggregatedSpread,Bond,2y.JPY_Public_AA,2y,2y,true,null,0.00335688,null,2026-05-13T16:30:06.197Z,null,1,Semi Annual,NL/365,TKB,JPY,MODFOLLOWING,CreditSpread,720,null,1131,7074886,1,3,78,2026-05-01,2026-05-07T10:59:11.313Z,2026-05-14,2026-05-14T13:17:15.473Z,vcurvealmcorprates.csv,gwam_dev_ds.inv_ga_typed.alm_curvealmcorprates | Slice: 2026-04-08 09:15:18.790000 to 2026-05-13 16:45:47.950000,ADB,2026-05-15T09:01:25.000424Z
2026-05-13,JPY_Public_AA,EOD,ALM,AggregatedSpread,Bond,3y.JPY_Public_AA,3y,3y,true,null,0.00350816,null,2026-05-13T16:30:06.197Z,null,1,Semi Annual,NL/365,TKB,JPY,MODFOLLOWING,CreditSpread,1080,null,1132,7074886,1,3,78,2026-05-01,2026-05-07T10:59:11.313Z,2026-05-14,2026-05-14T13:17:15.473Z,vcurvealmcorprates.csv,gwam_dev_ds.inv_ga_typed.alm_curvealmcorprates | Slice: 2026-04-08 09:15:18.790000 to 2026-05-13 16:45:47.950000,ADB,2026-05-15T09:01:25.000424Z
2026-05-13,JPY_Public_AA,EOD,ALM,AggregatedSpread,Bond,5y.JPY_Public_AA,5y,5y,true,null,0.00400187,null,2026-05-13T16:30:06.197Z,null,1,Semi Annual,NL/365,TKB,JPY,MODFOLLOWING,CreditSpread,1800,null,1133,7074886,1,3,78,2026-05-01,2026-05-07T10:59:11.313Z,2026-05-14,2026-05-14T13:17:15.473Z,vcurvealmcorprates.csv,gwam_dev_ds.inv_ga_typed.alm_curvealmcorprates | Slice: 2026-04-08 09:15:18.790000 to 2026-05-13 16:45:47.950000,ADB,2026-05-15T09:01:25.000424Z
2026-05-13,JPY_Public_AA,EOD,ALM,AggregatedSpread,Bond,7y.JPY_Public_AA,7y,7y,true,null,0.00417869,null,2026-05-13T16:30:06.197Z,null,1,Semi Annual,NL/365,TKB,JPY,MODFOLLOWING,CreditSpread,2520,null,1134,7074886,1,3,78,2026-05-01,2026-05-07T10:59:11.313Z,2026-05-14,2026-05-14T13:17:15.473Z,vcurvealmcorprates.csv,gwam_dev_ds.inv_ga_typed.alm_curvealmcorprates | Slice: 2026-04-08 09:15:18.790000 to 2026-05-13 16:45:47.950000,ADB,2026-05-15T09:01:25.000424Z
2026-05-13,JPY_Public_AA,EOD,ALM,AggregatedSpread,Bond,10y.JPY_Public_AA,10y,10y,true,null,0.00437410,null,2026-05-13T16:30:06.197Z,null,1,Semi Annual,NL/365,TKB,JPY,MODFOLLOWING,CreditSpread,3600,null,1135,7074886,1,3,78,2026-05-01,2026-05-07T10:59:11.313Z,2026-05-14,2026-05-14T13:17:15.473Z,vcurvealmcorprates.csv,gwam_dev_ds.inv_ga_typed.alm_curvealmcorprates | Slice: 2026-04-08 09:15:18.790000 to 2026-05-13 16:45:47.950000,ADB,2026-05-15T09:01:25.000424Z
2026-05-13,JPY_Public_AA,EOD,ALM,AggregatedSpread,Bond,20y.JPY_Public_AA,20y,20y,true,null,0.00396188,null,2026-05-13T16:30:06.197Z,null,1,Semi Annual,NL/365,TKB,JPY,MODFOLLOWING,CreditSpread,7200,null,1136,7074886,1,3,78,2026-05-01,2026-05-07T10:59:11.313Z,2026-05-14,2026-05-14T13:17:15.473Z,vcurvealmcorprates.csv,gwam_dev_ds.inv_ga_typed.alm_curvealmcorprates | Slice: 2026-04-08 09:15:18.790000 to 2026-05-13 16:45:47.950000,ADB,2026-05-15T09:01:25.000424Z
2026-05-13,JPY_Public_AA,EOD,ALM,AggregatedSpread,Bond,30y.JPY_Public_AA,30y,30y,true,null,0.00426188,null,2026-05-13T16:30:06.197Z,null,1,Semi Annual,NL/365,TKB,JPY,MODFOLLOWING,CreditSpread,10800,null,1137,7074886,1,3,78,2026-05-01,2026-05-07T10:59:11.313Z,2026-05-14,2026-05-14T13:17:15.473Z,vcurvealmcorprates.csv,gwam_dev_ds.inv_ga_typed.alm_curvealmcorprates | Slice: 2026-04-08 09:15:18.790000 to 2026-05-13 16:45:47.950000,ADB,2026-05-15T09:01:25.000424Z
2026-05-13,NZD_Public_AA,EOD,ALM,AggregatedSpread,Cash,3m.NZD_Public_AA,3m,3m,true,null,0.00283600,null,2026-05-13T16:45:47.95Z,null,0,null,Act/360,WEB,NZD,MODFOLLOWING,CreditSpread,90,null,6177,7207364,3,3,12433,2026-05-13,2026-05-13T16:45:03.88Z,2026-05-14,2026-05-14T13:17:15.473Z,vcurvealmcorprates.csv,gwam_dev_ds.inv_ga_typed.alm_curvealmcorprates | Slice: 2026-04-08 09:15:18.790000 to 2026-05-13 16:45:47.950000,ADB,2026-05-15T09:01:25.000424Z
2026-05-13,NZD_Public_AA,EOD,ALM,AggregatedSpread,Cash,6m.NZD_Public_AA,6m,6m,true,null,0.00351300,null,2026-05-13T16:45:47.95Z,null,0,null,Act/360,WEB,NZD,MODFOLLOWING,CreditSpread,180,null,6178,7207364,3,3,12433,2026-05-13,2026-05-13T16:45:03.88Z,2026-05-14,2026-05-14T13:17:15.473Z,vcurvealmcorprates.csv,gwam_dev_ds.inv_ga_typed.alm_curvealmcorprates | Slice: 2026-04-08 09:15:18.790000 to 2026-05-13 16:45:47.950000,ADB,2026-05-15T09:01:25.000424Z
2026-05-13,NZD_Public_AA,EOD,ALM,AggregatedSpread,Bond,1y.NZD_Public_AA,1y,1y,true,null,0.00485600,null,2026-05-13T16:45:47.95Z,null,0,null,Act/360,WEB,NZD,MODFOLLOWING,CreditSpread,360,null,6179,7207364,3,3,12433,2026-05-13,2026-05-13T16:45:03.88Z,2026-05-14,2026-05-14T13:17:15.473Z,vcurvealmcorprates.csv,gwam_dev_ds.inv_ga_typed.alm_curvealmcorprates | Slice: 2026-04-08 09:15:18.790000 to 2026-05-13 16:45:47.950000,ADB,2026-05-15T09:01:25.000424Z
2026-05-13,NZD_Public_AA,EOD,ALM,AggregatedSpread,Bond,2y.NZD_Public_AA,2y,2y,true,null,0.00410300,null,2026-05-13T16:45:47.95Z,null,0,null,Act/360,WEB,NZD,MODFOLLOWING,CreditSpread,720,null,6180,7207364,3,3,12433,2026-05-13,2026-05-13T16:45:03.88Z,2026-05-14,2026-05-14T13:17:15.473Z,vcurvealmcorprates.csv,gwam_dev_ds.inv_ga_typed.alm_curvealmcorprates | Slice: 2026-04-08 09:15:18.790000 to 2026-05-13 16:45:47.950000,ADB,2026-05-15T09:01:25.000424Z
2026-05-13,NZD_Public_AA,EOD,ALM,AggregatedSpread,Bond,3y.NZD_Public_AA,3y,3y,true,null,0.00427900,null,2026-05-13T16:45:47.95Z,null,0,null,Act/360,WEB,NZD,MODFOLLOWING,CreditSpread,1080,null,6181,7207364,3,3,12433,2026-05-13,2026-05-13T16:45:03.88Z,2026-05-14,2026-05-14T13:17:15.473Z,vcurvealmcorprates.csv,gwam_dev_ds.inv_ga_typed.alm_curvealmcorprates | Slice: 2026-04-08 09:15:18.790000 to 2026-05-13 16:45:47.950000,ADB,2026-05-15T09:01:25.000424Z
2026-05-13,NZD_Public_AA,EOD,ALM,AggregatedSpread,Bond,5y.NZD_Public_AA,5y,5y,true,null,0.00309900,null,2026-05-13T16:45:47.95Z,null,0,null,Act/360,WEB,NZD,MODFOLLOWING,CreditSpread,1800,null,6182,7207364,3,3,12433,2026-05-13,2026-05-13T16:45:03.88Z,2026-05-14,2026-05-14T13:17:15.473Z,vcurvealmcorprates.csv,gwam_dev_ds.inv_ga_typed.alm_curvealmcorprates | Slice: 2026-04-08 09:15:18.790000 to 2026-05-13 16:45:47.950000,ADB,2026-05-15T09:01:25.000424Z
2026-05-13,NZD_Public_AA,EOD,ALM,AggregatedSpread,Bond,7y.NZD_Public_AA,7y,7y,true,null,0.00254900,null,2026-05-13T16:45:47.95Z,null,0,null,Act/360,WEB,NZD,MODFOLLOWING,CreditSpread,2520,null,6183,7207364,3,3,12433,2026-05-13,2026-05-13T16:45:03.88Z,2026-05-14,2026-05-14T13:17:15.473Z,vcurvealmcorprates.csv,gwam_dev_ds.inv_ga_typed.alm_curvealmcorprates | Slice: 2026-04-08 09:15:18.790000 to 2026-05-13 16:45:47.950000,ADB,2026-05-15T09:01:25.000424Z
2026-05-13,NZD_Public_AA,EOD,ALM,AggregatedSpread,Bond,10y.NZD_Public_AA,10y,10y,true,null,0.00187600,null,2026-05-13T16:45:47.95Z,null,0,null,Act/360,WEB,NZD,MODFOLLOWING,CreditSpread,3600,null,6184,7207364,3,3,12433,2026-05-13,2026-05-13T16:45:03.88Z,2026-05-14,2026-05-14T13:17:15.473Z,vcurvealmcorprates.csv,gwam_dev_ds.inv_ga_typed.alm_curvealmcorprates | Slice: 2026-04-08 09:15:18.790000 to 2026-05-13 16:45:47.950000,ADB,2026-05-15T09:01:25.000424Z
2026-05-13,NZD_Public_AA,EOD,ALM,AggregatedSpread,Bond,20y.NZD_Public_AA,20y,20y,true,null,0.00035900,null,2026-05-13T16:45:47.95Z,null,0,null,Act/360,WEB,NZD,MODFOLLOWING,CreditSpread,7200,null,6185,7207364,3,3,12433,2026-05-13,2026-05-13T16:45:03.88Z,2026-05-14,2026-05-14T13:17:15.473Z,vcurvealmcorprates.csv,gwam_dev_ds.inv_ga_typed.alm_curvealmcorprates | Slice: 2026-04-08 09:15:18.790000 to 2026-05-13 16:45:47.950000,ADB,2026-05-15T09:01:25.000424Z
2026-05-13,NZD_Public_AA,EOD,ALM,AggregatedSpread,Bond,30y.NZD_Public_AA,30y,30y,true,null,0.00189200,null,2026-05-13T16:45:47.95Z,null,0,null,Act/360,WEB,NZD,MODFOLLOWING,CreditSpread,10800,null,6186,7207364,3,3,12433,2026-05-13,2026-05-13T16:45:03.88Z,2026-05-14,2026-05-14T13:17:15.473Z,vcurvealmcorprates.csv,gwam_dev_ds.inv_ga_typed.alm_curvealmcorprates | Slice: 2026-04-08 09:15:18.790000 to 2026-05-13 16:45:47.950000,ADB,2026-05-15T09:01:25.000424Z
2026-05-13,HKD_Public_BBB,EOD,ALM,AggregatedSpread,Bond,10y.HKD_Public_BBB,10y,10y,true,null,0.01289995,null,2026-05-13T16:30:06.197Z,null,0,null,Act/360,HKB,HKD,MODFOLLOWING,CreditSpread,3600,null,3362,7068943,2,3,8623,2026-05-01,2026-05-04T11:30:32.993Z,2026-05-14,2026-05-14T13:17:15.473Z,vcurvealmcorprates.csv,gwam_dev_ds.inv_ga_typed.alm_curvealmcorprates | Slice: 2026-04-08 09:15:18.790000 to 2026-05-13 16:45:47.950000,ADB,2026-05-15T09:01:25.000424Z
2026-05-13,HKD_Public_BBB,EOD,ALM,AggregatedSpread,Bond,1y.HKD_Public_BBB,1y,1y,true,null,0.00871752,null,2026-05-13T16:30:06.197Z,null,0,null,Act/360,HKB,HKD,MODFOLLOWING,CreditSpread,360,null,3594,7068943,2,3,8623,2026-05-01,2026-05-04T11:30:32.993Z,2026-05-14,2026-05-14T13:17:15.473Z,vcurvealmcorprates.csv,gwam_dev_ds.inv_ga_typed.alm_curvealmcorprates | Slice: 2026-04-08 09:15:18.790000 to 2026-05-13 16:45:47.950000,ADB,2026-05-15T09:01:25.000424Z
2026-05-13,HKD_Public_BBB,EOD,ALM,AggregatedSpread,Bond,20y.HKD_Public_BBB,20y,20y,true,null,0.01289995,null,2026-05-13T16:30:06.197Z,null,0,null,Act/360,HKB,HKD,MODFOLLOWING,CreditSpread,7200,null,3793,7068943,2,3,8623,2026-05-01,2026-05-04T11:30:32.993Z,2026-05-14,2026-05-14T13:17:15.473Z,vcurvealmcorprates.csv,gwam_dev_ds.inv_ga_typed.alm_curvealmcorprates | Slice: 2026-04-08 09:15:18.790000 to 2026-05-13 16:45:47.950000,ADB,2026-05-15T09:01:25.000424Z
2026-05-13,HKD_Public_BBB,EOD,ALM,AggregatedSpread,Bond,2y.HKD_Public_BBB,2y,2y,true,null,0.00900341,null,2026-05-13T16:30:06.197Z,null,0,null,Act/360,HKB,HKD,MODFOLLOWING,CreditSpread,720,null,4003,7068943,2,3,8623,2026-05-01,2026-05-04T11:30:32.993Z,2026-05-14,2026-05-14T13:17:15.473Z,vcurvealmcorprates.csv,gwam_dev_ds.inv_ga_typed.alm_curvealmcorprates | Slice: 2026-04-08 09:15:18.790000 to 2026-05-13 16:45:47.950000,ADB,2026-05-15T09:01:25.000424Z
2026-05-13,HKD_Public_BBB,EOD,ALM,AggregatedSpread,Bond,30y.HKD_Public_BBB,30y,30y,true,null,0.01289995,null,2026-05-13T16:30:06.197Z,null,0,null,Act/360,HKB,HKD,MODFOLLOWING,CreditSpread,10800,null,4202,7068943,2,3,8623,2026-05-01,2026-05-04T11:30:32.993Z,2026-05-14,2026-05-14T13:17:15.473Z,vcurvealmcorprates.csv,gwam_dev_ds.inv_ga_typed.alm_curvealmcorprates | Slice: 2026-04-08 09:15:18.790000 to 2026-05-13 16:45:47.950000,ADB,2026-05-15T09:01:25.000424Z
2026-05-13,HKD_Public_BBB,EOD,ALM,AggregatedSpread,Cash,3m.HKD_Public_BBB,3m,3m,true,null,0.00871752,null,2026-05-13T16:30:06.197Z,null,0,null,Act/360,HKB,HKD,MODFOLLOWING,CreditSpread,90,null,4401,7068943,2,3,8623,2026-05-01,2026-05-04T11:30:32.993Z,2026-05-14,2026-05-14T13:17:15.473Z,vcurvealmcorprates.csv,gwam_dev_ds.inv_ga_typed.alm_curvealmcorprates | Slice: 2026-04-08 09:15:18.790000 to 2026-05-13 16:45:47.950000,ADB,2026-05-15T09:01:25.000424Z
2026-05-13,HKD_Public_BBB,EOD,ALM,AggregatedSpread,Bond,3y.HKD_Public_BBB,3y,3y,true,null,0.01025778,null,2026-05-13T16:30:06.197Z,null,0,null,Act/360,HKB,HKD,MODFOLLOWING,CreditSpread,1080,null,4600,7068943,2,3,8623,2026-05-01,2026-05-04T11:30:32.993Z,2026-05-14,2026-05-14T13:17:15.473Z,vcurvealmcorprates.csv,gwam_dev_ds.inv_ga_typed.alm_curvealmcorprates | Slice: 2026-04-08 09:15:18.790000 to 2026-05-13 16:45:47.950000,ADB,2026-05-15T09:01:25.000424Z
2026-05-13,HKD_Public_BBB,EOD,ALM,AggregatedSpread,Bond,5y.HKD_Public_BBB,5y,5y,true,null,0.01256452,null,2026-05-13T16:30:06.197Z,null,0,null,Act/360,HKB,HKD,MODFOLLOWING,CreditSpread,1800,null,4808,7068943,2,3,8623,2026-05-01,2026-05-04T11:30:32.993Z,2026-05-14,2026-05-14T13:17:15.473Z,vcurvealmcorprates.csv,gwam_dev_ds.inv_ga_typed.alm_curvealmcorprates | Slice: 2026-04-08 09:15:18.790000 to 2026-05-13 16:45:47.950000,ADB,2026-05-15T09:01:25.000424Z
2026-05-13,HKD_Public_BBB,EOD,ALM,AggregatedSpread,Cash,6m.HKD_Public_BBB,6m,6m,true,null,0.00871752,null,2026-05-13T16:30:06.197Z,null,0,null,Act/360,HKB,HKD,MODFOLLOWING,CreditSpread,180,null,5007,7068943,2,3,8623,2026-05-01,2026-05-04T11:30:32.993Z,2026-05-14,2026-05-14T13:17:15.473Z,vcurvealmcorprates.csv,gwam_dev_ds.inv_ga_typed.alm_curvealmcorprates | Slice: 2026-04-08 09:15:18.790000 to 2026-05-13 16:45:47.950000,ADB,2026-05-15T09:01:25.000424Z
2026-05-13,HKD_Public_BBB,EOD,ALM,AggregatedSpread,Bond,7y.HKD_Public_BBB,7y,7y,true,null,0.01372176,null,2026-05-13T16:30:06.197Z,null,0,null,Act/360,HKB,HKD,MODFOLLOWING,CreditSpread,2520,null,5210,7068943,2,3,8623,2026-05-01,2026-05-04T11:30:32.993Z,2026-05-14,2026-05-14T13:17:15.473Z,vcurvealmcorprates.csv,gwam_dev_ds.inv_ga_typed.alm_curvealmcorprates | Slice: 2026-04-08 09:15:18.790000 to 2026-05-13 16:45:47.950000,ADB,2026-05-15T09:01:25.000424Z
2026-05-13,VND_Public_A,EOD,ALM,AggregatedSpread,Bond,10y.VND_Public_A,10y,10y,true,null,0.01464000,null,2026-05-13T16:30:06.197Z,null,0,null,Act/360,HAB,VND,MODFOLLOWING,CreditSpread,3600,null,9374,7066006,2,3,10851,2026-04-29,2026-05-01T10:22:52.08Z,2026-05-14,2026-05-14T13:17:15.473Z,vcurvealmcorprates.csv,gwam_dev_ds.inv_ga_typed.alm_curvealmcorprates | Slice: 2026-04-08 09:15:18.790000 to 2026-05-13 16:45:47.950000,ADB,2026-05-15T09:01:25.000424Z
2026-05-13,ADB_ADB.ALL_Public_A+,EOD,ALM,AggregatedSpread,Cash,3m.ADB_ADB.ALL_Public_A+,3m,3m,true,null,0.00372116,null,2026-05-13T16:30:06.197Z,null,0,null,Act/360,NYB,ADB,MODFOLLOWING,CreditSpread,90,null,8434,7072903,1,3,9791,2026-05-05,2026-05-06T10:22:25.443Z,2026-05-14,2026-05-14T13:17:15.473Z,vcurvealmcorprates.csv,gwam_dev_ds.inv_ga_typed.alm_curvealmcorprates | Slice: 2026-04-08 09:15:18.790000 to 2026-05-13 16:45:47.950000,ADB,2026-05-15T09:01:25.000424Z
2026-05-13,ADB_ADB.ALL_Public_A+,EOD,ALM,AggregatedSpread,Cash,6m.ADB_ADB.ALL_Public_A+,6m,6m,true,null,0.00372116,null,2026-05-13T16:30:06.197Z,null,0,null,Act/360,NYB,ADB,MODFOLLOWING,CreditSpread,180,null,8435,7072903,1,3,9791,2026-05-05,2026-05-06T10:22:25.443Z,2026-05-14,2026-05-14T13:17:15.473Z,vcurvealmcorprates.csv,gwam_dev_ds.inv_ga_typed.alm_curvealmcorprates | Slice: 2026-04-08 09:15:18.790000 to 2026-05-13 16:45:47.950000,ADB,2026-05-15T09:01:25.000424Z
2026-05-13,ADB_ADB.ALL_Public_A+,EOD,ALM,AggregatedSpread,Bond,1y.ADB_ADB.ALL_Public_A+,1y,1y,true,null,0.00372116,null,2026-05-13T16:30:06.197Z,null,0,null,Act/360,NYB,ADB,MODFOLLOWING,CreditSpread,360,null,8436,7072903,1,3,9791,2026-05-05,2026-05-06T10:22:25.443Z,2026-05-14,2026-05-14T13:17:15.473Z,vcurvealmcorprates.csv,gwam_dev_ds.inv_ga_typed.alm_curvealmcorprates | Slice: 2026-04-08 09:15:18.790000 to 2026-05-13 16:45:47.950000,ADB,2026-05-15T09:01:25.000424Z
2026-05-13,ADB_ADB.ALL_Public_A+,EOD,ALM,AggregatedSpread,Bond,2y.ADB_ADB.ALL_Public_A+,2y,2y,true,null,0.00360300,null,2026-05-13T16:30:06.197Z,null,0,null,Act/360,NYB,ADB,MODFOLLOWING,CreditSpread,720,null,8437,7072903,1,3,9791,2026-05-05,2026-05-06T10:22:25.443Z,2026-05-14,2026-05-14T13:17:15.473Z,vcurvealmcorprates.csv,gwam_dev_ds.inv_ga_typed.alm_curvealmcorprates | Slice: 2026-04-08 09:15:18.790000 to 2026-05-13 16:45:47.950000,ADB,2026-05-15T09:01:25.000424Z
2026-05-13,ADB_ADB.ALL_Public_A+,EOD,ALM,AggregatedSpread,Bond,3y.ADB_ADB.ALL_Public_A+,3y,3y,true,null,0.00348419,null,2026-05-13T16:30:06.197Z,null,0,null,Act/360,NYB,ADB,MODFOLLOWING,CreditSpread,1080,null,8438,7072903,1,3,9791,2026-05-05,2026-05-06T10:22:25.443Z,2026-05-14,2026-05-14T13:17:15.473Z,vcurvealmcorprates.csv,gwam_dev_ds.inv_ga_typed.alm_curvealmcorprates | Slice: 2026-04-08 09:15:18.790000 to 2026-05-13 16:45:47.950000,ADB,2026-05-15T09:01:25.000424Z
2026-05-13,ADB_ADB.ALL_Public_A+,EOD,ALM,AggregatedSpread,Bond,5y.ADB_ADB.ALL_Public_A+,5y,5y,true,null,0.00342277,null,2026-05-13T16:30:06.197Z,null,0,null,Act/360,NYB,ADB,MODFOLLOWING,CreditSpread,1800,null,8439,7072903,1,3,9791,2026-05-05,2026-05-06T10:22:25.443Z,2026-05-14,2026-05-14T13:17:15.473Z,vcurvealmcorprates.csv,gwam_dev_ds.inv_ga_typed.alm_curvealmcorprates | Slice: 2026-04-08 09:15:18.790000 to 2026-05-13 16:45:47.950000,ADB,2026-05-15T09:01:25.000424Z
2026-05-13,ADB_ADB.ALL_Public_A+,EOD,ALM,AggregatedSpread,Bond,7y.ADB_ADB.ALL_Public_A+,7y,7y,true,null,0.00341231,null,2026-05-13T16:30:06.197Z,null,0,null,Act/360,NYB,ADB,MODFOLLOWING,CreditSpread,2520,null,8440,7072903,1,3,9791,2026-05-05,2026-05-06T10:22:25.443Z,2026-05-14,2026-05-14T13:17:15.473Z,vcurvealmcorprates.csv,gwam_dev_ds.inv_ga_typed.alm_curvealmcorprates | Slice: 2026-04-08 09:15:18.790000 to 2026-05-13 16:45:47.950000,ADB,2026-05-15T09:01:25.000424Z
2026-05-13,ADB_ADB.ALL_Public_A+,EOD,ALM,AggregatedSpread,Bond,10y.ADB_ADB.ALL_Public_A+,10y,10y,true,null,0.00347840,null,2026-05-13T16:30:06.197Z,null,0,null,Act/360,NYB,ADB,MODFOLLOWING,CreditSpread,3600,null,8441,7072903,1,3,9791,2026-05-05,2026-05-06T10:22:25.443Z,2026-05-14,2026-05-14T13:17:15.473Z,vcurvealmcorprates.csv,gwam_dev_ds.inv_ga_typed.alm_curvealmcorprates | Slice: 2026-04-08 09:15:18.790000 to 2026-05-13 16:45:47.950000,ADB,2026-05-15T09:01:25.000424Z
2026-05-13,ADB_ADB.ALL_Public_A+,EOD,ALM,AggregatedSpread,Bond,20y.ADB_ADB.ALL_Public_A+,20y,20y,true,null,0.00311081,null,2026-05-13T16:30:06.197Z,null,0,null,Act/360,NYB,ADB,MODFOLLOWING,CreditSpread,7200,null,8442,7072903,1,3,9791,2026-05-05,2026-05-06T10:22:25.443Z,2026-05-14,2026-05-14T13:17:15.473Z,vcurvealmcorprates.csv,gwam_dev_ds.inv_ga_typed.alm_curvealmcorprates | Slice: 2026-04-08 09:15:18.790000 to 2026-05-13 16:45:47.950000,ADB,2026-05-15T09:01:25.000424Z
2026-05-13,ADB_ADB.ALL_Public_A+,EOD,ALM,AggregatedSpread,Bond,30y.ADB_ADB.ALL_Public_A+,30y,30y,true,null,0.00282265,null,2026-05-13T16:30:06.197Z,null,0,null,Act/360,NYB,ADB,MODFOLLOWING,CreditSpread,10800,null,8443,7072903,1,3,9791,2026-05-05,2026-05-06T10:22:25.443Z,2026-05-14,2026-05-14T13:17:15.473Z,vcurvealmcorprates.csv,gwam_dev_ds.inv_ga_typed.alm_curvealmcorprates | Slice: 2026-04-08 09:15:18.790000 to 2026-05-13 16:45:47.950000,ADB,2026-05-15T09:01:25.000424Z
2026-05-13,ADB_ADB.EXCNY_Public_BBB,EOD,ALM,AggregatedSpread,Bond,10y.ADB_ADB.EXCNY_Public_BBB,10y,10y,true,null,0.00830652,null,2026-05-13T16:30:06.197Z,null,0,null,Act/360,NYB,ADB,MODFOLLOWING,CreditSpread,3600,null,3272,7072946,2,3,7456,2026-05-05,2026-05-06T10:30:46.143Z,2026-05-14,2026-05-14T13:17:15.473Z,vcurvealmcorprates.csv,gwam_dev_ds.inv_ga_typed.alm_curvealmcorprates | Slice: 2026-04-08 09:15:18.790000 to 2026-05-13 16:45:47.950000,ADB,2026-05-15T09:01:25.000424Z
2026-05-13,ADB_ADB.EXCNY_Public_BBB,EOD,ALM,AggregatedSpread,Bond,1y.ADB_ADB.EXCNY_Public_BBB,1y,1y,true,null,0.00575390,null,2026-05-13T16:30:06.197Z,null,0,null,Act/360,NYB,ADB,MODFOLLOWING,CreditSpread,360,null,3504,7072946,2,3,7456,2026-05-05,2026-05-06T10:30:46.143Z,2026-05-14,2026-05-14T13:17:15.473Z,vcurvealmcorprates.csv,gwam_dev_ds.inv_ga_typed.alm_curvealmcorprates | Slice: 2026-04-08 09:15:18.790000 to 2026-05-13 16:45:47.950000,ADB,2026-05-15T09:01:25.000424Z
2026-05-13,ADB_ADB.EXCNY_Public_BBB,EOD,ALM,AggregatedSpread,Bond,20y.ADB_ADB.EXCNY_Public_BBB,20y,20y,true,null,0.00943493,null,2026-05-13T16:30:06.197Z,null,0,null,Act/360,NYB,ADB,MODFOLLOWING,CreditSpread,7200,null,3703,7072946,2,3,7456,2026-05-05,2026-05-06T10:30:46.143Z,2026-05-14,2026-05-14T13:17:15.473Z,vcurvealmcorprates.csv,gwam_dev_ds.inv_ga_typed.alm_curvealmcorprates | Slice: 2026-04-08 09:15:18.790000 to 2026-05-13 16:45:47.950000,ADB,2026-05-15T09:01:25.000424Z
2026-05-13,ADB_ADB.EXCNY_Public_BBB,EOD,ALM,AggregatedSpread,Bond,2y.ADB_ADB.EXCNY_Public_BBB,2y,2y,true,null,0.00609209,null,2026-05-13T16:30:06.197Z,null,0,null,Act/360,NYB,ADB,MODFOLLOWING,CreditSpread,720,null,3913,7072946,2,3,7456,2026-05-05,2026-05-06T10:30:46.143Z,2026-05-14,2026-05-14T13:17:15.473Z,vcurvealmcorprates.csv,gwam_dev_ds.inv_ga_typed.alm_curvealmcorprates | Slice: 2026-04-08 09:15:18.790000 to 2026-05-13 16:45:47.950000,ADB,2026-05-15T09:01:25.000424Z
2026-05-13,ADB_ADB.EXCNY_Public_BBB,EOD,ALM,AggregatedSpread,Bond,30y.ADB_ADB.EXCNY_Public_BBB,30y,30y,true,null,0.01056334,null,2026-05-13T16:30:06.197Z,null,0,null,Act/360,NYB,ADB,MODFOLLOWING,CreditSpread,10800,null,4112,7072946,2,3,7456,2026-05-05,2026-05-06T10:30:46.143Z,2026-05-14,2026-05-14T13:17:15.473Z,vcurvealmcorprates.csv,gwam_dev_ds.inv_ga_typed.alm_curvealmcorprates | Slice: 2026-04-08 09:15:18.790000 to 2026-05-13 16:45:47.950000,ADB,2026-05-15T09:01:25.000424Z
2026-05-13,ADB_ADB.EXCNY_Public_BBB,EOD,ALM,AggregatedSpread,Cash,3m.ADB_ADB.EXCNY_Public_BBB,3m,3m,true,null,0.00575390,null,2026-05-13T16:30:06.197Z,null,0,null,Act/360,NYB,ADB,MODFOLLOWING,CreditSpread,90,null,4311,7072946,2,3,7456,2026-05-05,2026-05-06T10:30:46.143Z,2026-05-14,2026-05-14T13:17:15.473Z,vcurvealmcorprates.csv,gwam_dev_ds.inv_ga_typed.alm_curvealmcorprates | Slice: 2026-04-08 09:15:18.790000 to 2026-05-13 16:45:47.950000,ADB,2026-05-15T09:01:25.000424Z
2026-05-13,ADB_ADB.EXCNY_Public_BBB,EOD,ALM,AggregatedSpread,Bond,3y.ADB_ADB.EXCNY_Public_BBB,3y,3y,true,null,0.00641834,null,2026-05-13T16:30:06.197Z,null,0,null,Act/360,NYB,ADB,MODFOLLOWING,CreditSpread,1080,null,4510,7072946,2,3,7456,2026-05-05,2026-05-06T10:30:46.143Z,2026-05-14,2026-05-14T13:17:15.473Z,vcurvealmcorprates.csv,gwam_dev_ds.inv_ga_typed.alm_curvealmcorprates | Slice: 2026-04-08 09:15:18.790000 to 2026-05-13 16:45:47.950000,ADB,2026-05-15T09:01:25.000424Z
2026-05-13,ADB_ADB.EXCNY_Public_BBB,EOD,ALM,AggregatedSpread,Bond,5y.ADB_ADB.EXCNY_Public_BBB,5y,5y,true,null,0.00703208,null,2026-05-13T16:30:06.197Z,null,0,null,Act/360,NYB,ADB,MODFOLLOWING,CreditSpread,1800,null,4718,7072946,2,3,7456,2026-05-05,2026-05-06T10:30:46.143Z,2026-05-14,2026-05-14T13:17:15.473Z,vcurvealmcorprates.csv,gwam_dev_ds.inv_ga_typed.alm_curvealmcorprates | Slice: 2026-04-08 09:15:18.790000 to 2026-05-13 16:45:47.950000,ADB,2026-05-15T09:01:25.000424Z
2026-05-13,ADB_ADB.EXCNY_Public_BBB,EOD,ALM,AggregatedSpread,Cash,6m.ADB_ADB.EXCNY_Public_BBB,6m,6m,true,null,0.00575390,null,2026-05-13T16:30:06.197Z,null,0,null,Act/360,NYB,ADB,MODFOLLOWING,CreditSpread,180,null,4917,7072946,2,3,7456,2026-05-05,2026-05-06T10:30:46.143Z,2026-05-14,2026-05-14T13:17:15.473Z,vcurvealmcorprates.csv,gwam_dev_ds.inv_ga_typed.alm_curvealmcorprates | Slice: 2026-04-08 09:15:18.790000 to 2026-05-13 16:45:47.950000,ADB,2026-05-15T09:01:25.000424Z
2026-05-13,ADB_ADB.EXCNY_Public_BBB,EOD,ALM,AggregatedSpread,Bond,7y.ADB_ADB.EXCNY_Public_BBB,7y,7y,true,null,0.00758931,null,2026-05-13T16:30:06.197Z,null,0,null,Act/360,NYB,ADB,MODFOLLOWING,CreditSpread,2520,null,5120,7072946,2,3,7456,2026-05-05,2026-05-06T10:30:46.143Z,2026-05-14,2026-05-14T13:17:15.473Z,vcurvealmcorprates.csv,gwam_dev_ds.inv_ga_typed.alm_curvealmcorprates | Slice: 2026-04-08 09:15:18.790000 to 2026-05-13 16:45:47.950000,ADB,2026-05-15T09:01:25.000424Z
2026-05-13,VND_Public_A,EOD,ALM,AggregatedSpread,Bond,1y.VND_Public_A,1y,1y,true,null,0.03344564,null,2026-05-13T16:30:06.197Z,null,0,null,Act/360,HAB,VND,MODFOLLOWING,CreditSpread,360,null,9375,7066006,2,3,10851,2026-04-29,2026-05-01T10:22:52.08Z,2026-05-14,2026-05-14T13:17:15.473Z,vcurvealmcorprates.csv,gwam_dev_ds.inv_ga_typed.alm_curvealmcorprates | Slice: 2026-04-08 09:15:18.790000 to 2026-05-13 16:45:47.950000,ADB,2026-05-15T09:01:25.000424Z
2026-05-13,VND_Public_A,EOD,ALM,AggregatedSpread,Bond,20y.VND_Public_A,20y,20y,true,null,0.01307000,null,2026-05-13T16:30:06.197Z,null,0,null,Act/360,HAB,VND,MODFOLLOWING,CreditSpread,7200,null,9376,7066006,2,3,10851,2026-04-29,2026-05-01T10:22:52.08Z,2026-05-14,2026-05-14T13:17:15.473Z,vcurvealmcorprates.csv,gwam_dev_ds.inv_ga_typed.alm_curvealmcorprates | Slice: 2026-04-08 09:15:18.790000 to 2026-05-13 16:45:47.950000,ADB,2026-05-15T09:01:25.000424Z
2026-05-13,VND_Public_A,EOD,ALM,AggregatedSpread,Bond,2y.VND_Public_A,2y,2y,true,null,0.02342000,null,2026-05-13T16:30:06.197Z,null,0,null,Act/360,HAB,VND,MODFOLLOWING,CreditSpread,720,null,9377,7066006,2,3,10851,2026-04-29,2026-05-01T10:22:52.08Z,2026-05-14,2026-05-14T13:17:15.473Z,vcurvealmcorprates.csv,gwam_dev_ds.inv_ga_typed.alm_curvealmcorprates | Slice: 2026-04-08 09:15:18.790000 to 2026-05-13 16:45:47.950000,ADB,2026-05-15T09:01:25.000424Z
2026-05-13,VND_Public_A,EOD,ALM,AggregatedSpread,Bond,30y.VND_Public_A,30y,30y,true,null,0.01232000,null,2026-05-13T16:30:06.197Z,null,0,null,Act/360,HAB,VND,MODFOLLOWING,CreditSpread,10800,null,9378,7066006,2,3,10851,2026-04-29,2026-05-01T10:22:52.08Z,2026-05-14,2026-05-14T13:17:15.473Z,vcurvealmcorprates.csv,gwam_dev_ds.inv_ga_typed.alm_curvealmcorprates | Slice: 2026-04-08 09:15:18.790000 to 2026-05-13 16:45:47.950000,ADB,2026-05-15T09:01:25.000424Z
2026-05-13,VND_Public_A,EOD,ALM,AggregatedSpread,Cash,3m.VND_Public_A,3m,3m,true,null,0.01511906,null,2026-05-13T16:30:06.197Z,null,0,null,Act/360,HAB,VND,MODFOLLOWING,CreditSpread,90,null,9379,7066006,2,3,10851,2026-04-29,2026-05-01T10:22:52.08Z,2026-05-14,2026-05-14T13:17:15.473Z,vcurvealmcorprates.csv,gwam_dev_ds.inv_ga_typed.alm_curvealmcorprates | Slice: 2026-04-08 09:15:18.790000 to 2026-05-13 16:45:47.950000,ADB,2026-05-15T09:01:25.000424Z
2026-05-13,VND_Public_A,EOD,ALM,AggregatedSpread,Bond,3y.VND_Public_A,3y,3y,true,null,0.02233000,null,2026-05-13T16:30:06.197Z,null,0,null,Act/360,HAB,VND,MODFOLLOWING,CreditSpread,1080,null,9380,7066006,2,3,10851,2026-04-29,2026-05-01T10:22:52.08Z,2026-05-14,2026-05-14T13:17:15.473Z,vcurvealmcorprates.csv,gwam_dev_ds.inv_ga_typed.alm_curvealmcorprates | Slice: 2026-04-08 09:15:18.790000 to 2026-05-13 16:45:47.950000,ADB,2026-05-15T09:01:25.000424Z
2026-05-13,VND_Public_A,EOD,ALM,AggregatedSpread,Bond,5y.VND_Public_A,5y,5y,true,null,0.01643000,null,2026-05-13T16:30:06.197Z,null,0,null,Act/360,HAB,VND,MODFOLLOWING,CreditSpread,1800,null,9381,7066006,2,3,10851,2026-04-29,2026-05-01T10:22:52.08Z,2026-05-14,2026-05-14T13:17:15.473Z,vcurvealmcorprates.csv,gwam_dev_ds.inv_ga_typed.alm_curvealmcorprates | Slice: 2026-04-08 09:15:18.790000 to 2026-05-13 16:45:47.950000,ADB,2026-05-15T09:01:25.000424Z
2026-05-13,VND_Public_A,EOD,ALM,AggregatedSpread,Cash,6m.VND_Public_A,6m,6m,true,null,0.03275765,null,2026-05-13T16:30:06.197Z,null,0,null,Act/360,HAB,VND,MODFOLLOWING,CreditSpread,180,null,9382,7066006,2,3,10851,2026-04-29,2026-05-01T10:22:52.08Z,2026-05-14,2026-05-14T13:17:15.473Z,vcurvealmcorprates.csv,gwam_dev_ds.inv_ga_typed.alm_curvealmcorprates | Slice: 2026-04-08 09:15:18.790000 to 2026-05-13 16:45:47.950000,ADB,2026-05-15T09:01:25.000424Z
2026-05-13,VND_Public_A,EOD,ALM,AggregatedSpread,Bond,7y.VND_Public_A,7y,7y,true,null,0.01570000,null,2026-05-13T16:30:06.197Z,null,0,null,Act/360,HAB,VND,MODFOLLOWING,CreditSpread,2520,null,9383,7066006,2,3,10851,2026-04-29,2026-05-01T10:22:52.08Z,2026-05-14,2026-05-14T13:17:15.473Z,vcurvealmcorprates.csv,gwam_dev_ds.inv_ga_typed.alm_curvealmcorprates | Slice: 2026-04-08 09:15:18.790000 to 2026-05-13 16:45:47.950000,ADB,2026-05-15T09:01:25.000424Z
2026-05-13,JPY_Public_AAA,EOD,ALM,AggregatedSpread,Bond,5y.JPY_Public_AAA,5y,5y,true,null,0E-8,null,2026-05-13T16:30:06.197Z,null,1,Semi Annual,NL/365,TKB,JPY,MODFOLLOWING,CreditSpread,1800,null,1143,7074887,1,3,79,2026-05-01,2026-05-07T10:59:11.313Z,2026-05-14,2026-05-14T13:17:15.473Z,vcurvealmcorprates.csv,gwam_dev_ds.inv_ga_typed.alm_curvealmcorprates | Slice: 2026-04-08 09:15:18.790000 to 2026-05-13 16:45:47.950000,ADB,2026-05-15T09:01:25.000424Z
2026-05-13,JPY_Public_AAA,EOD,ALM,AggregatedSpread,Bond,7y.JPY_Public_AAA,7y,7y,true,null,0E-8,null,2026-05-13T16:30:06.197Z,null,1,Semi Annual,NL/365,TKB,JPY,MODFOLLOWING,CreditSpread,2520,null,1144,7074887,1,3,79,2026-05-01,2026-05-07T10:59:11.313Z,2026-05-14,2026-05-14T13:17:15.473Z,vcurvealmcorprates.csv,gwam_dev_ds.inv_ga_typed.alm_curvealmcorprates | Slice: 2026-04-08 09:15:18.790000 to 2026-05-13 16:45:47.950000,ADB,2026-05-15T09:01:25.000424Z
2026-05-13,JPY_Public_AAA,EOD,ALM,AggregatedSpread,Bond,10y.JPY_Public_AAA,10y,10y,true,null,0E-8,null,2026-05-13T16:30:06.197Z,null,1,Semi Annual,NL/365,TKB,JPY,MODFOLLOWING,CreditSpread,3600,null,1145,7074887,1,3,79,2026-05-01,2026-05-07T10:59:11.313Z,2026-05-14,2026-05-14T13:17:15.473Z,vcurvealmcorprates.csv,gwam_dev_ds.inv_ga_typed.alm_curvealmcorprates | Slice: 2026-04-08 09:15:18.790000 to 2026-05-13 16:45:47.950000,ADB,2026-05-15T09:01:25.000424Z
2026-05-13,JPY_Public_AAA,EOD,ALM,AggregatedSpread,Bond,20y.JPY_Public_AAA,20y,20y,true,null,0E-8,null,2026-05-13T16:30:06.197Z,null,1,Semi Annual,NL/365,TKB,JPY,MODFOLLOWING,CreditSpread,7200,null,1146,7074887,1,3,79,2026-05-01,2026-05-07T10:59:11.313Z,2026-05-14,2026-05-14T13:17:15.473Z,vcurvealmcorprates.csv,gwam_dev_ds.inv_ga_typed.alm_curvealmcorprates | Slice: 2026-04-08 09:15:18.790000 to 2026-05-13 16:45:47.950000,ADB,2026-05-15T09:01:25.000424Z
2026-05-13,JPY_Public_AAA,EOD,ALM,AggregatedSpread,Bond,30y.JPY_Public_AAA,30y,30y,true,null,0E-8,null,2026-05-13T16:30:06.197Z,null,1,Semi Annual,NL/365,TKB,JPY,MODFOLLOWING,CreditSpread,10800,null,1147,7074887,1,3,79,2026-05-01,2026-05-07T10:59:11.313Z,2026-05-14,2026-05-14T13:17:15.473Z,vcurvealmcorprates.csv,gwam_dev_ds.inv_ga_typed.alm_curvealmcorprates | Slice: 2026-04-08 09:15:18.790000 to 2026-05-13 16:45:47.950000,ADB,2026-05-15T09:01:25.000424Z
2026-05-13,CAD_Public_BBB+,EOD,ALM,AggregatedSpread,Cash,3m.CAD_Public_BBB,3m,3m,true,null,0.00632324,null,2026-05-13T16:30:06.197Z,null,0,Annual,Act/365,TRB,CAD,MODFOLLOWING,CreditSpread,90,null,1078,7068847,1,3,9534,2026-05-01,2026-05-04T11:10:02.387Z,2026-05-14,2026-05-14T13:17:15.473Z,vcurvealmcorprates.csv,gwam_dev_ds.inv_ga_typed.alm_curvealmcorprates | Slice: 2026-04-08 09:15:18.790000 to 2026-05-13 16:45:47.950000,ADB,2026-05-15T09:01:25.000424Z
2026-05-13,CAD_Public_BBB+,EOD,ALM,AggregatedSpread,Cash,6m.CAD_Public_BBB,6m,6m,true,null,0.00632324,null,2026-05-13T16:30:06.197Z,null,0,Annual,Act/365,TRB,CAD,MODFOLLOWING,CreditSpread,180,null,1079,7068847,1,3,9534,2026-05-01,2026-05-04T11:10:02.387Z,2026-05-14,2026-05-14T13:17:15.473Z,vcurvealmcorprates.csv,gwam_dev_ds.inv_ga_typed.alm_curvealmcorprates | Slice: 2026-04-08 09:15:18.790000 to 2026-05-13 16:45:47.950000,ADB,2026-05-15T09:01:25.000424Z
2026-05-13,CAD_Public_BBB+,EOD,ALM,AggregatedSpread,Cash,1y.CAD_Public_BBB,1y,1y,true,null,0.00632324,null,2026-05-13T16:30:06.197Z,null,0,Annual,Act/365,TRB,CAD,MODFOLLOWING,CreditSpread,360,null,1080,7068847,1,3,9534,2026-05-01,2026-05-04T11:10:02.387Z,2026-05-14,2026-05-14T13:17:15.473Z,vcurvealmcorprates.csv,gwam_dev_ds.inv_ga_typed.alm_curvealmcorprates | Slice: 2026-04-08 09:15:18.790000 to 2026-05-13 16:45:47.950000,ADB,2026-05-15T09:01:25.000424Z
2026-05-13,CAD_Public_BBB+,EOD,ALM,AggregatedSpread,Bond,2y.CAD_Public_BBB,2y,2y,true,null,0.00716879,null,2026-05-13T16:30:06.197Z,null,1,Semi Annual,Act/Act,TRB,CAD,MODFOLLOWING,CreditSpread,720,null,1081,7068847,1,3,9534,2026-05-01,2026-05-04T11:10:02.387Z,2026-05-14,2026-05-14T13:17:15.473Z,vcurvealmcorprates.csv,gwam_dev_ds.inv_ga_typed.alm_curvealmcorprates | Slice: 2026-04-08 09:15:18.790000 to 2026-05-13 16:45:47.950000,ADB,2026-05-15T09:01:25.000424Z
2026-05-13,CAD_Public_BBB+,EOD,ALM,AggregatedSpread,Bond,3y.CAD_Public_BBB,3y,3y,true,null,0.00787792,null,2026-05-13T16:30:06.197Z,null,1,Semi Annual,Act/Act,TRB,CAD,MODFOLLOWING,CreditSpread,1080,null,1082,7068847,1,3,9534,2026-05-01,2026-05-04T11:10:02.387Z,2026-05-14,2026-05-14T13:17:15.473Z,vcurvealmcorprates.csv,gwam_dev_ds.inv_ga_typed.alm_curvealmcorprates | Slice: 2026-04-08 09:15:18.790000 to 2026-05-13 16:45:47.950000,ADB,2026-05-15T09:01:25.000424Z
2026-05-13,CAD_Public_BBB+,EOD,ALM,AggregatedSpread,Bond,5y.CAD_Public_BBB,5y,5y,true,null,0.00903649,null,2026-05-13T16:30:06.197Z,null,1,Semi Annual,Act/Act,TRB,CAD,MODFOLLOWING,CreditSpread,1800,null,1083,7068847,1,3,9534,2026-05-01,2026-05-04T11:10:02.387Z,2026-05-14,2026-05-14T13:17:15.473Z,vcurvealmcorprates.csv,gwam_dev_ds.inv_ga_typed.alm_curvealmcorprates | Slice: 2026-04-08 09:15:18.790000 to 2026-05-13 16:45:47.950000,ADB,2026-05-15T09:01:25.000424Z
2026-05-13,CAD_Public_BBB+,EOD,ALM,AggregatedSpread,Bond,7y.CAD_Public_BBB,7y,7y,true,null,0.01005623,null,2026-05-13T16:30:06.197Z,null,1,Semi Annual,Act/Act,TRB,CAD,MODFOLLOWING,CreditSpread,2520,null,1084,7068847,1,3,9534,2026-05-01,2026-05-04T11:10:02.387Z,2026-05-14,2026-05-14T13:17:15.473Z,vcurvealmcorprates.csv,gwam_dev_ds.inv_ga_typed.alm_curvealmcorprates | Slice: 2026-04-08 09:15:18.790000 to 2026-05-13 16:45:47.950000,ADB,2026-05-15T09:01:25.000424Z
2026-05-13,CAD_Public_BBB+,EOD,ALM,AggregatedSpread,Bond,10y.CAD_Public_BBB,10y,10y,true,null,0.01131396,null,2026-05-13T16:30:06.197Z,null,1,Semi Annual,Act/Act,TRB,CAD,MODFOLLOWING,CreditSpread,3600,null,1085,7068847,1,3,9534,2026-05-01,2026-05-04T11:10:02.387Z,2026-05-14,2026-05-14T13:17:15.473Z,vcurvealmcorprates.csv,gwam_dev_ds.inv_ga_typed.alm_curvealmcorprates | Slice: 2026-04-08 09:15:18.790000 to 2026-05-13 16:45:47.950000,ADB,2026-05-15T09:01:25.000424Z
2026-05-13,CAD_Public_BBB+,EOD,ALM,AggregatedSpread,Bond,20y.CAD_Public_BBB,20y,20y,true,null,0.01270111,null,2026-05-13T16:30:06.197Z,null,1,Semi Annual,Act/Act,TRB,CAD,MODFOLLOWING,CreditSpread,7200,null,1086,7068847,1,3,9534,2026-05-01,2026-05-04T11:10:02.387Z,2026-05-14,2026-05-14T13:17:15.473Z,vcurvealmcorprates.csv,gwam_dev_ds.inv_ga_typed.alm_curvealmcorprates | Slice: 2026-04-08 09:15:18.790000 to 2026-05-13 16:45:47.950000,ADB,2026-05-15T09:01:25.000424Z
2026-05-13,CAD_Public_BBB+,EOD,ALM,AggregatedSpread,Bond,30y.CAD_Public_BBB,30y,30y,true,null,0.01420428,null,2026-05-13T16:30:06.197Z,null,1,Semi Annual,Act/Act,TRB,CAD,MODFOLLOWING,CreditSpread,10800,null,1087,7068847,1,3,9534,2026-05-01,2026-05-04T11:10:02.387Z,2026-05-14,2026-05-14T13:17:15.473Z,vcurvealmcorprates.csv,gwam_dev_ds.inv_ga_typed.alm_curvealmcorprates | Slice: 2026-04-08 09:15:18.790000 to 2026-05-13 16:45:47.950000,ADB,2026-05-15T09:01:25.000424Z
2026-05-13,AUD_Public_AAA-,EOD,ALM,AggregatedSpread,Cash,3m.AUD_Public_AAA-,3m,3m,true,null,0.00492149,null,2026-05-13T16:30:06.197Z,null,0,null,Act/360,SYB,AUD,MODFOLLOWING,CreditSpread,90,null,8804,7072876,1,3,9826,2026-05-05,2026-05-06T09:54:02.3Z,2026-05-14,2026-05-14T13:17:15.473Z,vcurvealmcorprates.csv,gwam_dev_ds.inv_ga_typed.alm_curvealmcorprates | Slice: 2026-04-08 09:15:18.790000 to 2026-05-13 16:45:47.950000,ADB,2026-05-15T09:01:25.000424Z
2026-05-13,AUD_Public_AAA-,EOD,ALM,AggregatedSpread,Cash,6m.AUD_Public_AAA-,6m,6m,true,null,0.00492149,null,2026-05-13T16:30:06.197Z,null,0,null,Act/360,SYB,AUD,MODFOLLOWING,CreditSpread,180,null,8805,7072876,1,3,9826,2026-05-05,2026-05-06T09:54:02.3Z,2026-05-14,2026-05-14T13:17:15.473Z,vcurvealmcorprates.csv,gwam_dev_ds.inv_ga_typed.alm_curvealmcorprates | Slice: 2026-04-08 09:15:18.790000 to 2026-05-13 16:45:47.950000,ADB,2026-05-15T09:01:25.000424Z
2026-05-13,AUD_Public_AAA-,EOD,ALM,AggregatedSpread,Bond,1y.AUD_Public_AAA-,1y,1y,true,null,0.00492149,null,2026-05-13T16:30:06.197Z,null,0,null,Act/360,SYB,AUD,MODFOLLOWING,CreditSpread,360,null,8806,7072876,1,3,9826,2026-05-05,2026-05-06T09:54:02.3Z,2026-05-14,2026-05-14T13:17:15.473Z,vcurvealmcorprates.csv,gwam_dev_ds.inv_ga_typed.alm_curvealmcorprates | Slice: 2026-04-08 09:15:18.790000 to 2026-05-13 16:45:47.950000,ADB,2026-05-15T09:01:25.000424Z
2026-05-13,AUD_Public_AAA-,EOD,ALM,AggregatedSpread,Bond,2y.AUD_Public_AAA-,2y,2y,true,null,0.00483841,null,2026-05-13T16:30:06.197Z,null,0,null,Act/360,SYB,AUD,MODFOLLOWING,CreditSpread,720,null,8807,7072876,1,3,9826,2026-05-05,2026-05-06T09:54:02.3Z,2026-05-14,2026-05-14T13:17:15.473Z,vcurvealmcorprates.csv,gwam_dev_ds.inv_ga_typed.alm_curvealmcorprates | Slice: 2026-04-08 09:15:18.790000 to 2026-05-13 16:45:47.950000,ADB,2026-05-15T09:01:25.000424Z
2026-05-13,AUD_Public_AAA-,EOD,ALM,AggregatedSpread,Bond,3y.AUD_Public_AAA-,3y,3y,true,null,0.00481131,null,2026-05-13T16:30:06.197Z,null,0,null,Act/360,SYB,AUD,MODFOLLOWING,CreditSpread,1080,null,8808,7072876,1,3,9826,2026-05-05,2026-05-06T09:54:02.3Z,2026-05-14,2026-05-14T13:17:15.473Z,vcurvealmcorprates.csv,gwam_dev_ds.inv_ga_typed.alm_curvealmcorprates | Slice: 2026-04-08 09:15:18.790000 to 2026-05-13 16:45:47.950000,ADB,2026-05-15T09:01:25.000424Z
2026-05-13,AUD_Public_AAA-,EOD,ALM,AggregatedSpread,Bond,5y.AUD_Public_AAA-,5y,5y,true,null,0.00490176,null,2026-05-13T16:30:06.197Z,null,0,null,Act/360,SYB,AUD,MODFOLLOWING,CreditSpread,1800,null,8809,7072876,1,3,9826,2026-05-05,2026-05-06T09:54:02.3Z,2026-05-14,2026-05-14T13:17:15.473Z,vcurvealmcorprates.csv,gwam_dev_ds.inv_ga_typed.alm_curvealmcorprates | Slice: 2026-04-08 09:15:18.790000 to 2026-05-13 16:45:47.950000,ADB,2026-05-15T09:01:25.000424Z
2026-05-13,AUD_Public_AAA-,EOD,ALM,AggregatedSpread,Bond,7y.AUD_Public_AAA-,7y,7y,true,null,0.00514616,null,2026-05-13T16:30:06.197Z,null,0,null,Act/360,SYB,AUD,MODFOLLOWING,CreditSpread,2520,null,8810,7072876,1,3,9826,2026-05-05,2026-05-06T09:54:02.3Z,2026-05-14,2026-05-14T13:17:15.473Z,vcurvealmcorprates.csv,gwam_dev_ds.inv_ga_typed.alm_curvealmcorprates | Slice: 2026-04-08 09:15:18.790000 to 2026-05-13 16:45:47.950000,ADB,2026-05-15T09:01:25.000424Z
2026-05-13,AUD_Public_AAA-,EOD,ALM,AggregatedSpread,Bond,10y.AUD_Public_AAA-,10y,10y,true,null,0.00569935,null,2026-05-13T16:30:06.197Z,null,0,null,Act/360,SYB,AUD,MODFOLLOWING,CreditSpread,3600,null,8811,7072876,1,3,9826,2026-05-05,2026-05-06T09:54:02.3Z,2026-05-14,2026-05-14T13:17:15.473Z,vcurvealmcorprates.csv,gwam_dev_ds.inv_ga_typed.alm_curvealmcorprates | Slice: 2026-04-08 09:15:18.790000 to 2026-05-13 16:45:47.950000,ADB,2026-05-15T09:01:25.000424Z
2026-05-13,AUD_Public_AAA-,EOD,ALM,AggregatedSpread,Bond,20y.AUD_Public_AAA-,20y,20y,true,null,0.00481355,null,2026-05-13T16:30:06.197Z,null,0,null,Act/360,SYB,AUD,MODFOLLOWING,CreditSpread,7200,null,8812,7072876,1,3,9826,2026-05-05,2026-05-06T09:54:02.3Z,2026-05-14,2026-05-14T13:17:15.473Z,vcurvealmcorprates.csv,gwam_dev_ds.inv_ga_typed.alm_curvealmcorprates | Slice: 2026-04-08 09:15:18.790000 to 2026-05-13 16:45:47.950000,ADB,2026-05-15T09:01:25.000424Z
2026-05-13,AUD_Public_AAA-,EOD,ALM,AggregatedSpread,Bond,30y.AUD_Public_AAA-,30y,30y,true,null,0.00481355,null,2026-05-13T16:30:06.197Z,null,0,null,Act/360,SYB,AUD,MODFOLLOWING,CreditSpread,10800,null,8813,7072876,1,3,9826,2026-05-05,2026-05-06T09:54:02.3Z,2026-05-14,2026-05-14T13:17:15.473Z,vcurvealmcorprates.csv,gwam_dev_ds.inv_ga_typed.alm_curvealmcorprates | Slice: 2026-04-08 09:15:18.790000 to 2026-05-13 16:45:47.950000,ADB,2026-05-15T09:01:25.000424Z
2026-05-13,GBP_Public_AA,EOD,ALM,AggregatedSpread,Cash,3m.GBP_Public_AA,3m,3m,true,null,0.00717060,null,2026-05-13T16:45:47.95Z,null,0,null,Act/360,LNB,GBP,MODFOLLOWING,CreditSpread,90,null,1877,7207358,1,3,3343,2026-05-13,2026-05-13T16:45:03.88Z,2026-05-14,2026-05-14T13:17:15.473Z,vcurvealmcorprates.csv,gwam_dev_ds.inv_ga_typed.alm_curvealmcorprates | Slice: 2026-04-08 09:15:18.790000 to 2026-05-13 16:45:47.950000,ADB,2026-05-15T09:01:25.000424Z
2026-05-13,GBP_Public_AA,EOD,ALM,AggregatedSpread,Cash,6m.GBP_Public_AA,6m,6m,true,null,0.00538172,null,2026-05-13T16:45:47.95Z,null,0,null,Act/360,LNB,GBP,MODFOLLOWING,CreditSpread,180,null,1878,7207358,1,3,3343,2026-05-13,2026-05-13T16:45:03.88Z,2026-05-14,2026-05-14T13:17:15.473Z,vcurvealmcorprates.csv,gwam_dev_ds.inv_ga_typed.alm_curvealmcorprates | Slice: 2026-04-08 09:15:18.790000 to 2026-05-13 16:45:47.950000,ADB,2026-05-15T09:01:25.000424Z
2026-05-13,GBP_Public_AA,EOD,ALM,AggregatedSpread,Bond,1y.GBP_Public_AA,1y,1y,true,null,0.00341125,null,2026-05-13T16:45:47.95Z,null,0,null,Act/360,LNB,GBP,MODFOLLOWING,CreditSpread,360,null,1879,7207358,1,3,3343,2026-05-13,2026-05-13T16:45:03.88Z,2026-05-14,2026-05-14T13:17:15.473Z,vcurvealmcorprates.csv,gwam_dev_ds.inv_ga_typed.alm_curvealmcorprates | Slice: 2026-04-08 09:15:18.790000 to 2026-05-13 16:45:47.950000,ADB,2026-05-15T09:01:25.000424Z
2026-05-13,GBP_Public_AA,EOD,ALM,AggregatedSpread,Bond,2y.GBP_Public_AA,2y,2y,true,null,0.00226303,null,2026-05-13T16:45:47.95Z,null,0,null,Act/360,LNB,GBP,MODFOLLOWING,CreditSpread,720,null,1880,7207358,1,3,3343,2026-05-13,2026-05-13T16:45:03.88Z,2026-05-14,2026-05-14T13:17:15.473Z,vcurvealmcorprates.csv,gwam_dev_ds.inv_ga_typed.alm_curvealmcorprates | Slice: 2026-04-08 09:15:18.790000 to 2026-05-13 16:45:47.950000,ADB,2026-05-15T09:01:25.000424Z
2026-05-13,GBP_Public_AA,EOD,ALM,AggregatedSpread,Bond,3y.GBP_Public_AA,3y,3y,true,null,0.00235036,null,2026-05-13T16:45:47.95Z,null,0,null,Act/360,LNB,GBP,MODFOLLOWING,CreditSpread,1080,null,1881,7207358,1,3,3343,2026-05-13,2026-05-13T16:45:03.88Z,2026-05-14,2026-05-14T13:17:15.473Z,vcurvealmcorprates.csv,gwam_dev_ds.inv_ga_typed.alm_curvealmcorprates | Slice: 2026-04-08 09:15:18.790000 to 2026-05-13 16:45:47.950000,ADB,2026-05-15T09:01:25.000424Z
2026-05-13,GBP_Public_AA,EOD,ALM,AggregatedSpread,Bond,4y.GBP_Public_AA,4y,4y,true,null,0.00306846,null,2026-05-13T16:45:47.95Z,null,0,null,Act/360,LNB,GBP,MODFOLLOWING,CreditSpread,1440,null,1882,7207358,1,3,3343,2026-05-13,2026-05-13T16:45:03.88Z,2026-05-14,2026-05-14T13:17:15.473Z,vcurvealmcorprates.csv,gwam_dev_ds.inv_ga_typed.alm_curvealmcorprates | Slice: 2026-04-08 09:15:18.790000 to 2026-05-13 16:45:47.950000,ADB,2026-05-15T09:01:25.000424Z
2026-05-13,GBP_Public_AA,EOD,ALM,AggregatedSpread,Bond,5y.GBP_Public_AA,5y,5y,true,null,0.00339041,null,2026-05-13T16:45:47.95Z,null,0,null,Act/360,LNB,GBP,MODFOLLOWING,CreditSpread,1800,null,1883,7207358,1,3,3343,2026-05-13,2026-05-13T16:45:03.88Z,2026-05-14,2026-05-14T13:17:15.473Z,vcurvealmcorprates.csv,gwam_dev_ds.inv_ga_typed.alm_curvealmcorprates | Slice: 2026-04-08 09:15:18.790000 to 2026-05-13 16:45:47.950000,ADB,2026-05-15T09:01:25.000424Z
2026-05-13,GBP_Public_AA,EOD,ALM,AggregatedSpread,Bond,7y.GBP_Public_AA,7y,7y,true,null,0.00364821,null,2026-05-13T16:45:47.95Z,null,0,null,Act/360,LNB,GBP,MODFOLLOWING,CreditSpread,2520,null,1884,7207358,1,3,3343,2026-05-13,2026-05-13T16:45:03.88Z,2026-05-14,2026-05-14T13:17:15.473Z,vcurvealmcorprates.csv,gwam_dev_ds.inv_ga_typed.alm_curvealmcorprates | Slice: 2026-04-08 09:15:18.790000 to 2026-05-13 16:45:47.950000,ADB,2026-05-15T09:01:25.000424Z
2026-05-13,GBP_Public_AA,EOD,ALM,AggregatedSpread,Bond,8y.GBP_Public_AA,8y,8y,true,null,0.00335599,null,2026-05-13T16:45:47.95Z,null,0,null,Act/360,LNB,GBP,MODFOLLOWING,CreditSpread,2880,null,1885,7207358,1,3,3343,2026-05-13,2026-05-13T16:45:03.88Z,2026-05-14,2026-05-14T13:17:15.473Z,vcurvealmcorprates.csv,gwam_dev_ds.inv_ga_typed.alm_curvealmcorprates | Slice: 2026-04-08 09:15:18.790000 to 2026-05-13 16:45:47.950000,ADB,2026-05-15T09:01:25.000424Z
2026-05-13,GBP_Public_AA,EOD,ALM,AggregatedSpread,Bond,9y.GBP_Public_AA,9y,9y,true,null,0.00388068,null,2026-05-13T16:45:47.95Z,null,0,null,Act/360,LNB,GBP,MODFOLLOWING,CreditSpread,3240,null,1886,7207358,1,3,3343,2026-05-13,2026-05-13T16:45:03.88Z,2026-05-14,2026-05-14T13:17:15.473Z,vcurvealmcorprates.csv,gwam_dev_ds.inv_ga_typed.alm_curvealmcorprates | Slice: 2026-04-08 09:15:18.790000 to 2026-05-13 16:45:47.950000,ADB,2026-05-15T09:01:25.000424Z
2026-05-13,GBP_Public_AA,EOD,ALM,AggregatedSpread,Bond,10y.GBP_Public_AA,10y,10y,true,null,0.00438506,null,2026-05-13T16:45:47.95Z,null,0,null,Act/360,LNB,GBP,MODFOLLOWING,CreditSpread,3600,null,1887,7207358,1,3,3343,2026-05-13,2026-05-13T16:45:03.88Z,2026-05-14,2026-05-14T13:17:15.473Z,vcurvealmcorprates.csv,gwam_dev_ds.inv_ga_typed.alm_curvealmcorprates | Slice: 2026-04-08 09:15:18.790000 to 2026-05-13 16:45:47.950000,ADB,2026-05-15T09:01:25.000424Z
2026-05-13,GBP_Public_AA,EOD,ALM,AggregatedSpread,Bond,15y.GBP_Public_AA,15y,15y,true,null,0.00451521,null,2026-05-13T16:45:47.95Z,null,0,null,Act/360,LNB,GBP,MODFOLLOWING,CreditSpread,5400,null,1888,7207358,1,3,3343,2026-05-13,2026-05-13T16:45:03.88Z,2026-05-14,2026-05-14T13:17:15.473Z,vcurvealmcorprates.csv,gwam_dev_ds.inv_ga_typed.alm_curvealmcorprates | Slice: 2026-04-08 09:15:18.790000 to 2026-05-13 16:45:47.950000,ADB,2026-05-15T09:01:25.000424Z
2026-05-13,GBP_Public_AA,EOD,ALM,AggregatedSpread,Bond,20y.GBP_Public_AA,20y,20y,true,null,0.00386300,null,2026-05-13T16:45:47.95Z,null,0,null,Act/360,LNB,GBP,MODFOLLOWING,CreditSpread,7200,null,1889,7207358,1,3,3343,2026-05-13,2026-05-13T16:45:03.88Z,2026-05-14,2026-05-14T13:17:15.473Z,vcurvealmcorprates.csv,gwam_dev_ds.inv_ga_typed.alm_curvealmcorprates | Slice: 2026-04-08 09:15:18.790000 to 2026-05-13 16:45:47.950000,ADB,2026-05-15T09:01:25.000424Z
2026-05-13,GBP_Public_AA,EOD,ALM,AggregatedSpread,Bond,25y.GBP_Public_AA,25y,25y,true,null,0.00433565,null,2026-05-13T16:45:47.95Z,null,0,null,Act/360,LNB,GBP,MODFOLLOWING,CreditSpread,9000,null,1890,7207358,1,3,3343,2026-05-13,2026-05-13T16:45:03.88Z,2026-05-14,2026-05-14T13:17:15.473Z,vcurvealmcorprates.csv,gwam_dev_ds.inv_ga_typed.alm_curvealmcorprates | Slice: 2026-04-08 09:15:18.790000 to 2026-05-13 16:45:47.950000,ADB,2026-05-15T09:01:25.000424Z
2026-05-13,GBP_Public_AA,EOD,ALM,AggregatedSpread,Bond,30y.GBP_Public_AA,30y,30y,true,null,0.00418289,null,2026-05-13T16:45:47.95Z,null,0,null,Act/360,LNB,GBP,MODFOLLOWING,CreditSpread,10800,null,1891,7207358,1,3,3343,2026-05-13,2026-05-13T16:45:03.88Z,2026-05-14,2026-05-14T13:17:15.473Z,vcurvealmcorprates.csv,gwam_dev_ds.inv_ga_typed.alm_curvealmcorprates | Slice: 2026-04-08 09:15:18.790000 to 2026-05-13 16:45:47.950000,ADB,2026-05-15T09:01:25.000424Z
2026-05-13,GBP_Public_AA,EOD,ALM,AggregatedSpread,Cash,1m.GBP_Public_AA,1m,1m,true,null,0.00855060,null,2026-05-13T16:45:47.95Z,null,0,Annual,Act/360,LNB,GBP,MODFOLLOWING,CreditSpread,30,null,2933,7207358,1,3,3343,2026-05-13,2026-05-13T16:45:03.88Z,2026-05-14,2026-05-14T13:17:15.473Z,vcurvealmcorprates.csv,gwam_dev_ds.inv_ga_typed.alm_curvealmcorprates | Slice: 2026-04-08 09:15:18.790000 to 2026-05-13 16:45:47.950000,ADB,2026-05-15T09:01:25.000424Z
2026-05-13,ADB_ADB.EXCNY_Public_AA,EOD,ALM,AggregatedSpread,Bond,10y.ADB_ADB.EXCNY_Public_AA,10y,10y,true,null,0.00091349,null,2026-05-13T16:30:06.197Z,null,0,null,Act/360,NYB,ADB,MODFOLLOWING,CreditSpread,3600,null,3270,7072945,2,3,7454,2026-05-05,2026-05-06T10:30:46.143Z,2026-05-14,2026-05-14T13:17:15.473Z,vcurvealmcorprates.csv,gwam_dev_ds.inv_ga_typed.alm_curvealmcorprates | Slice: 2026-04-08 09:15:18.790000 to 2026-05-13 16:45:47.950000,ADB,2026-05-15T09:01:25.000424Z
2026-05-13,ADB_ADB.EXCNY_Public_AA,EOD,ALM,AggregatedSpread,Bond,1y.ADB_ADB.EXCNY_Public_AA,1y,1y,true,null,0.00256657,null,2026-05-13T16:30:06.197Z,null,0,null,Act/360,NYB,ADB,MODFOLLOWING,CreditSpread,360,null,3502,7072945,2,3,7454,2026-05-05,2026-05-06T10:30:46.143Z,2026-05-14,2026-05-14T13:17:15.473Z,vcurvealmcorprates.csv,gwam_dev_ds.inv_ga_typed.alm_curvealmcorprates | Slice: 2026-04-08 09:15:18.790000 to 2026-05-13 16:45:47.950000,ADB,2026-05-15T09:01:25.000424Z
2026-05-13,ADB_ADB.EXCNY_Public_AA,EOD,ALM,AggregatedSpread,Bond,20y.ADB_ADB.EXCNY_Public_AA,20y,20y,true,null,0.00022675,null,2026-05-13T16:30:06.197Z,null,0,null,Act/360,NYB,ADB,MODFOLLOWING,CreditSpread,7200,null,3701,7072945,2,3,7454,2026-05-05,2026-05-06T10:30:46.143Z,2026-05-14,2026-05-14T13:17:15.473Z,vcurvealmcorprates.csv,gwam_dev_ds.inv_ga_typed.alm_curvealmcorprates | Slice: 2026-04-08 09:15:18.790000 to 2026-05-13 16:45:47.950000,ADB,2026-05-15T09:01:25.000424Z
2026-05-13,ADB_ADB.EXCNY_Public_AA,EOD,ALM,AggregatedSpread,Bond,2y.ADB_ADB.EXCNY_Public_AA,2y,2y,true,null,0.00231585,null,2026-05-13T16:30:06.197Z,null,0,null,Act/360,NYB,ADB,MODFOLLOWING,CreditSpread,720,null,3911,7072945,2,3,7454,2026-05-05,2026-05-06T10:30:46.143Z,2026-05-14,2026-05-14T13:17:15.473Z,vcurvealmcorprates.csv,gwam_dev_ds.inv_ga_typed.alm_curvealmcorprates | Slice: 2026-04-08 09:15:18.790000 to 2026-05-13 16:45:47.950000,ADB,2026-05-15T09:01:25.000424Z
2026-05-13,ADB_ADB.EXCNY_Public_AA,EOD,ALM,AggregatedSpread,Bond,30y.ADB_ADB.EXCNY_Public_AA,30y,30y,true,null,-0.00046000,null,2026-05-13T16:30:06.197Z,null,0,null,Act/360,NYB,ADB,MODFOLLOWING,CreditSpread,10800,null,4110,7072945,2,3,7454,2026-05-05,2026-05-06T10:30:46.143Z,2026-05-14,2026-05-14T13:17:15.473Z,vcurvealmcorprates.csv,gwam_dev_ds.inv_ga_typed.alm_curvealmcorprates | Slice: 2026-04-08 09:15:18.790000 to 2026-05-13 16:45:47.950000,ADB,2026-05-15T09:01:25.000424Z
2026-05-13,ADB_ADB.EXCNY_Public_AA,EOD,ALM,AggregatedSpread,Cash,3m.ADB_ADB.EXCNY_Public_AA,3m,3m,true,null,0.00256657,null,2026-05-13T16:30:06.197Z,null,0,null,Act/360,NYB,ADB,MODFOLLOWING,CreditSpread,90,null,4309,7072945,2,3,7454,2026-05-05,2026-05-06T10:30:46.143Z,2026-05-14,2026-05-14T13:17:15.473Z,vcurvealmcorprates.csv,gwam_dev_ds.inv_ga_typed.alm_curvealmcorprates | Slice: 2026-04-08 09:15:18.790000 to 2026-05-13 16:45:47.950000,ADB,2026-05-15T09:01:25.000424Z
2026-05-13,ADB_ADB.EXCNY_Public_AA,EOD,ALM,AggregatedSpread,Bond,3y.ADB_ADB.EXCNY_Public_AA,3y,3y,true,null,0.00208359,null,2026-05-13T16:30:06.197Z,null,0,null,Act/360,NYB,ADB,MODFOLLOWING,CreditSpread,1080,null,4508,7072945,2,3,7454,2026-05-05,2026-05-06T10:30:46.143Z,2026-05-14,2026-05-14T13:17:15.473Z,vcurvealmcorprates.csv,gwam_dev_ds.inv_ga_typed.alm_curvealmcorprates | Slice: 2026-04-08 09:15:18.790000 to 2026-05-13 16:45:47.950000,ADB,2026-05-15T09:01:25.000424Z
2026-05-13,ADB_ADB.EXCNY_Public_AA,EOD,ALM,AggregatedSpread,Bond,5y.ADB_ADB.EXCNY_Public_AA,5y,5y,true,null,0.00167152,null,2026-05-13T16:30:06.197Z,null,0,null,Act/360,NYB,ADB,MODFOLLOWING,CreditSpread,1800,null,4716,7072945,2,3,7454,2026-05-05,2026-05-06T10:30:46.143Z,2026-05-14,2026-05-14T13:17:15.473Z,vcurvealmcorprates.csv,gwam_dev_ds.inv_ga_typed.alm_curvealmcorprates | Slice: 2026-04-08 09:15:18.790000 to 2026-05-13 16:45:47.950000,ADB,2026-05-15T09:01:25.000424Z
2026-05-13,ADB_ADB.EXCNY_Public_AA,EOD,ALM,AggregatedSpread,Cash,6m.ADB_ADB.EXCNY_Public_AA,6m,6m,true,null,0.00256657,null,2026-05-13T16:30:06.197Z,null,0,null,Act/360,NYB,ADB,MODFOLLOWING,CreditSpread,180,null,4915,7072945,2,3,7454,2026-05-05,2026-05-06T10:30:46.143Z,2026-05-14,2026-05-14T13:17:15.473Z,vcurvealmcorprates.csv,gwam_dev_ds.inv_ga_typed.alm_curvealmcorprates | Slice: 2026-04-08 09:15:18.790000 to 2026-05-13 16:45:47.950000,ADB,2026-05-15T09:01:25.000424Z
2026-05-13,ADB_ADB.EXCNY_Public_AA,EOD,ALM,AggregatedSpread,Bond,7y.ADB_ADB.EXCNY_Public_AA,7y,7y,true,null,0.00132455,null,2026-05-13T16:30:06.197Z,null,0,null,Act/360,NYB,ADB,MODFOLLOWING,CreditSpread,2520,null,5118,7072945,2,3,7454,2026-05-05,2026-05-06T10:30:46.143Z,2026-05-14,2026-05-14T13:17:15.473Z,vcurvealmcorprates.csv,gwam_dev_ds.inv_ga_typed.alm_curvealmcorprates | Slice: 2026-04-08 09:15:18.790000 to 2026-05-13 16:45:47.950000,ADB,2026-05-15T09:01:25.000424Z
2026-05-13,CNY_Public_BBB,EOD,ALM,AggregatedSpread,Bond,10y.CNY_Public_BBB,10y,10y,true,null,0.00468588,null,2026-05-13T16:30:06.197Z,null,0,null,Act/360,SHB,CNY,MODFOLLOWING,CreditSpread,3600,null,3309,7065888,1,3,3429,2026-04-30,2026-05-01T09:42:01.27Z,2026-05-14,2026-05-14T13:17:15.473Z,vcurvealmcorprates.csv,gwam_dev_ds.inv_ga_typed.alm_curvealmcorprates | Slice: 2026-04-08 09:15:18.790000 to 2026-05-13 16:45:47.950000,ADB,2026-05-15T09:01:25.000424Z
2026-05-13,CNY_Public_BBB,EOD,ALM,AggregatedSpread,Bond,1y.CNY_Public_BBB,1y,1y,true,null,0.00473143,null,2026-05-13T16:30:06.197Z,null,0,null,Act/360,SHB,CNY,MODFOLLOWING,CreditSpread,360,null,3541,7065888,1,3,3429,2026-04-30,2026-05-01T09:42:01.27Z,2026-05-14,2026-05-14T13:17:15.473Z,vcurvealmcorprates.csv,gwam_dev_ds.inv_ga_typed.alm_curvealmcorprates | Slice: 2026-04-08 09:15:18.790000 to 2026-05-13 16:45:47.950000,ADB,2026-05-15T09:01:25.000424Z
2026-05-13,CNY_Public_BBB,EOD,ALM,AggregatedSpread,Bond,20y.CNY_Public_BBB,20y,20y,true,null,0.00468588,null,2026-05-13T16:30:06.197Z,null,0,null,Act/360,SHB,CNY,MODFOLLOWING,CreditSpread,7200,null,3740,7065888,1,3,3429,2026-04-30,2026-05-01T09:42:01.27Z,2026-05-14,2026-05-14T13:17:15.473Z,vcurvealmcorprates.csv,gwam_dev_ds.inv_ga_typed.alm_curvealmcorprates | Slice: 2026-04-08 09:15:18.790000 to 2026-05-13 16:45:47.950000,ADB,2026-05-15T09:01:25.000424Z
2026-05-13,CNY_Public_BBB,EOD,ALM,AggregatedSpread,Bond,2y.CNY_Public_BBB,2y,2y,true,null,0.00477528,null,2026-05-13T16:30:06.197Z,null,0,null,Act/360,SHB,CNY,MODFOLLOWING,CreditSpread,720,null,3950,7065888,1,3,3429,2026-04-30,2026-05-01T09:42:01.27Z,2026-05-14,2026-05-14T13:17:15.473Z,vcurvealmcorprates.csv,gwam_dev_ds.inv_ga_typed.alm_curvealmcorprates | Slice: 2026-04-08 09:15:18.790000 to 2026-05-13 16:45:47.950000,ADB,2026-05-15T09:01:25.000424Z
2026-05-13,CNY_Public_BBB,EOD,ALM,AggregatedSpread,Bond,30y.CNY_Public_BBB,30y,30y,true,null,0.00468588,null,2026-05-13T16:30:06.197Z,null,0,null,Act/360,SHB,CNY,MODFOLLOWING,CreditSpread,10800,null,4149,7065888,1,3,3429,2026-04-30,2026-05-01T09:42:01.27Z,2026-05-14,2026-05-14T13:17:15.473Z,vcurvealmcorprates.csv,gwam_dev_ds.inv_ga_typed.alm_curvealmcorprates | Slice: 2026-04-08 09:15:18.790000 to 2026-05-13 16:45:47.950000,ADB,2026-05-15T09:01:25.000424Z
2026-05-13,CNY_Public_BBB,EOD,ALM,AggregatedSpread,Cash,3m.CNY_Public_BBB,3m,3m,true,null,0.00473143,null,2026-05-13T16:30:06.197Z,null,0,null,Act/360,SHB,CNY,MODFOLLOWING,CreditSpread,90,null,4348,7065888,1,3,3429,2026-04-30,2026-05-01T09:42:01.27Z,2026-05-14,2026-05-14T13:17:15.473Z,vcurvealmcorprates.csv,gwam_dev_ds.inv_ga_typed.alm_curvealmcorprates | Slice: 2026-04-08 09:15:18.790000 to 2026-05-13 16:45:47.950000,ADB,2026-05-15T09:01:25.000424Z
2026-05-13,CNY_Public_BBB,EOD,ALM,AggregatedSpread,Bond,3y.CNY_Public_BBB,3y,3y,true,null,0.00477742,null,2026-05-13T16:30:06.197Z,null,0,null,Act/360,SHB,CNY,MODFOLLOWING,CreditSpread,1080,null,4547,7065888,1,3,3429,2026-04-30,2026-05-01T09:42:01.27Z,2026-05-14,2026-05-14T13:17:15.473Z,vcurvealmcorprates.csv,gwam_dev_ds.inv_ga_typed.alm_curvealmcorprates | Slice: 2026-04-08 09:15:18.790000 to 2026-05-13 16:45:47.950000,ADB,2026-05-15T09:01:25.000424Z
2026-05-13,CNY_Public_BBB,EOD,ALM,AggregatedSpread,Bond,5y.CNY_Public_BBB,5y,5y,true,null,0.00470711,null,2026-05-13T16:30:06.197Z,null,0,null,Act/360,SHB,CNY,MODFOLLOWING,CreditSpread,1800,null,4755,7065888,1,3,3429,2026-04-30,2026-05-01T09:42:01.27Z,2026-05-14,2026-05-14T13:17:15.473Z,vcurvealmcorprates.csv,gwam_dev_ds.inv_ga_typed.alm_curvealmcorprates | Slice: 2026-04-08 09:15:18.790000 to 2026-05-13 16:45:47.950000,ADB,2026-05-15T09:01:25.000424Z
2026-05-13,CNY_Public_BBB,EOD,ALM,AggregatedSpread,Cash,6m.CNY_Public_BBB,6m,6m,true,null,0.00473143,null,2026-05-13T16:30:06.197Z,null,0,null,Act/360,SHB,CNY,MODFOLLOWING,CreditSpread,180,null,4954,7065888,1,3,3429,2026-04-30,2026-05-01T09:42:01.27Z,2026-05-14,2026-05-14T13:17:15.473Z,vcurvealmcorprates.csv,gwam_dev_ds.inv_ga_typed.alm_curvealmcorprates | Slice: 2026-04-08 09:15:18.790000 to 2026-05-13 16:45:47.950000,ADB,2026-05-15T09:01:25.000424Z
2026-05-13,CNY_Public_BBB,EOD,ALM,AggregatedSpread,Bond,7y.CNY_Public_BBB,7y,7y,true,null,0.00462159,null,2026-05-13T16:30:06.197Z,null,0,null,Act/360,SHB,CNY,MODFOLLOWING,CreditSpread,2520,null,5157,7065888,1,3,3429,2026-04-30,2026-05-01T09:42:01.27Z,2026-05-14,2026-05-14T13:17:15.473Z,vcurvealmcorprates.csv,gwam_dev_ds.inv_ga_typed.alm_curvealmcorprates | Slice: 2026-04-08 09:15:18.790000 to 2026-05-13 16:45:47.950000,ADB,2026-05-15T09:01:25.000424Z
2026-05-13,USD_Public_BB,EOD,ALM,AggregatedSpread,Cash,3m.USD_Public_BB,3m,3m,true,null,0.01270423,null,2026-05-13T16:30:06.197Z,null,0,Annual,Act/360,NYB,USD,MODFOLLOWING,CreditSpread,90,null,1378,7072823,2,3,7433,2026-05-05,2026-05-06T09:53:53.443Z,2026-05-14,2026-05-14T13:17:15.473Z,vcurvealmcorprates.csv,gwam_dev_ds.inv_ga_typed.alm_curvealmcorprates | Slice: 2026-04-08 09:15:18.790000 to 2026-05-13 16:45:47.950000,ADB,2026-05-15T09:01:25.000424Z
2026-05-13,USD_Public_BB,EOD,ALM,AggregatedSpread,Cash,6m.USD_Public_BB,6m,6m,true,null,0.01270423,null,2026-05-13T16:30:06.197Z,null,0,Annual,Act/360,NYB,USD,MODFOLLOWING,CreditSpread,180,null,1379,7072823,2,3,7433,2026-05-05,2026-05-06T09:53:53.443Z,2026-05-14,2026-05-14T13:17:15.473Z,vcurvealmcorprates.csv,gwam_dev_ds.inv_ga_typed.alm_curvealmcorprates | Slice: 2026-04-08 09:15:18.790000 to 2026-05-13 16:45:47.950000,ADB,2026-05-15T09:01:25.000424Z
2026-05-13,USD_Public_BB,EOD,ALM,AggregatedSpread,Cash,1y.USD_Public_BB,1y,1y,true,null,0.01270423,null,2026-05-13T16:30:06.197Z,null,1,Semi Annual,ACT/ACT,NYB,USD,MODFOLLOWING,CreditSpread,360,null,1380,7072823,2,3,7433,2026-05-05,2026-05-06T09:53:53.443Z,2026-05-14,2026-05-14T13:17:15.473Z,vcurvealmcorprates.csv,gwam_dev_ds.inv_ga_typed.alm_curvealmcorprates | Slice: 2026-04-08 09:15:18.790000 to 2026-05-13 16:45:47.950000,ADB,2026-05-15T09:01:25.000424Z
2026-05-13,USD_Public_BB,EOD,ALM,AggregatedSpread,Bond,2y.USD_Public_BB,2y,2y,true,null,0.01458616,null,2026-05-13T16:30:06.197Z,null,1,Semi Annual,ACT/ACT,NYB,USD,MODFOLLOWING,CreditSpread,720,null,1381,7072823,2,3,7433,2026-05-05,2026-05-06T09:53:53.443Z,2026-05-14,2026-05-14T13:17:15.473Z,vcurvealmcorprates.csv,gwam_dev_ds.inv_ga_typed.alm_curvealmcorprates | Slice: 2026-04-08 09:15:18.790000 to 2026-05-13 16:45:47.950000,ADB,2026-05-15T09:01:25.000424Z
2026-05-13,USD_Public_BB,EOD,ALM,AggregatedSpread,Bond,3y.USD_Public_BB,3y,3y,true,null,0.01621118,null,2026-05-13T16:30:06.197Z,null,1,Semi Annual,ACT/ACT,NYB,USD,MODFOLLOWING,CreditSpread,1080,null,1382,7072823,2,3,7433,2026-05-05,2026-05-06T09:53:53.443Z,2026-05-14,2026-05-14T13:17:15.473Z,vcurvealmcorprates.csv,gwam_dev_ds.inv_ga_typed.alm_curvealmcorprates | Slice: 2026-04-08 09:15:18.790000 to 2026-05-13 16:45:47.950000,ADB,2026-05-15T09:01:25.000424Z
2026-05-13,USD_Public_BB,EOD,ALM,AggregatedSpread,Bond,5y.USD_Public_BB,5y,5y,true,null,0.01872133,null,2026-05-13T16:30:06.197Z,null,1,Semi Annual,ACT/ACT,NYB,USD,MODFOLLOWING,CreditSpread,1800,null,1383,7072823,2,3,7433,2026-05-05,2026-05-06T09:53:53.443Z,2026-05-14,2026-05-14T13:17:15.473Z,vcurvealmcorprates.csv,gwam_dev_ds.inv_ga_typed.alm_curvealmcorprates | Slice: 2026-04-08 09:15:18.790000 to 2026-05-13 16:45:47.950000,ADB,2026-05-15T09:01:25.000424Z
2026-05-13,USD_Public_BB,EOD,ALM,AggregatedSpread,Bond,7y.USD_Public_BB,7y,7y,true,null,0.02029649,null,2026-05-13T16:30:06.197Z,null,1,Semi Annual,ACT/ACT,NYB,USD,MODFOLLOWING,CreditSpread,2520,null,1384,7072823,2,3,7433,2026-05-05,2026-05-06T09:53:53.443Z,2026-05-14,2026-05-14T13:17:15.473Z,vcurvealmcorprates.csv,gwam_dev_ds.inv_ga_typed.alm_curvealmcorprates | Slice: 2026-04-08 09:15:18.790000 to 2026-05-13 16:45:47.950000,ADB,2026-05-15T09:01:25.000424Z
2026-05-13,USD_Public_BB,EOD,ALM,AggregatedSpread,Bond,10y.USD_Public_BB,10y,10y,true,null,0.02104128,null,2026-05-13T16:30:06.197Z,null,1,Semi Annual,ACT/ACT,NYB,USD,MODFOLLOWING,CreditSpread,3600,null,1385,7072823,2,3,7433,2026-05-05,2026-05-06T09:53:53.443Z,2026-05-14,2026-05-14T13:17:15.473Z,vcurvealmcorprates.csv,gwam_dev_ds.inv_ga_typed.alm_curvealmcorprates | Slice: 2026-04-08 09:15:18.790000 to 2026-05-13 16:45:47.950000,ADB,2026-05-15T09:01:25.000424Z
2026-05-13,USD_Public_BB,EOD,ALM,AggregatedSpread,Bond,20y.USD_Public_BB,20y,20y,true,null,0.02104128,null,2026-05-13T16:30:06.197Z,null,1,Semi Annual,ACT/ACT,NYB,USD,MODFOLLOWING,CreditSpread,7200,null,1386,7072823,2,3,7433,2026-05-05,2026-05-06T09:53:53.443Z,2026-05-14,2026-05-14T13:17:15.473Z,vcurvealmcorprates.csv,gwam_dev_ds.inv_ga_typed.alm_curvealmcorprates | Slice: 2026-04-08 09:15:18.790000 to 2026-05-13 16:45:47.950000,ADB,2026-05-15T09:01:25.000424Z
2026-05-13,USD_Public_BB,EOD,ALM,AggregatedSpread,Bond,30y.USD_Public_BB,30y,30y,true,null,0.02104128,null,2026-05-13T16:30:06.197Z,null,1,Semi Annual,ACT/ACT,NYB,USD,MODFOLLOWING,CreditSpread,10800,null,1387,7072823,2,3,7433,2026-05-05,2026-05-06T09:53:53.443Z,2026-05-14,2026-05-14T13:17:15.473Z,vcurvealmcorprates.csv,gwam_dev_ds.inv_ga_typed.alm_curvealmcorprates | Slice: 2026-04-08 09:15:18.790000 to 2026-05-13 16:45:47.950000,ADB,2026-05-15T09:01:25.000424Z
2026-05-13,AUD_Public_A+,EOD,ALM,AggregatedSpread,Cash,3m.AUD_Public_A+,3m,3m,true,null,0.00956508,null,2026-05-13T16:30:06.197Z,null,0,null,Act/360,SYB,AUD,MODFOLLOWING,CreditSpread,90,null,8754,7072873,1,3,9823,2026-05-05,2026-05-06T09:54:02.3Z,2026-05-14,2026-05-14T13:17:15.473Z,vcurvealmcorprates.csv,gwam_dev_ds.inv_ga_typed.alm_curvealmcorprates | Slice: 2026-04-08 09:15:18.790000 to 2026-05-13 16:45:47.950000,ADB,2026-05-15T09:01:25.000424Z
2026-05-13,AUD_Public_A+,EOD,ALM,AggregatedSpread,Cash,6m.AUD_Public_A+,6m,6m,true,null,0.00956508,null,2026-05-13T16:30:06.197Z,null,0,null,Act/360,SYB,AUD,MODFOLLOWING,CreditSpread,180,null,8755,7072873,1,3,9823,2026-05-05,2026-05-06T09:54:02.3Z,2026-05-14,2026-05-14T13:17:15.473Z,vcurvealmcorprates.csv,gwam_dev_ds.inv_ga_typed.alm_curvealmcorprates | Slice: 2026-04-08 09:15:18.790000 to 2026-05-13 16:45:47.950000,ADB,2026-05-15T09:01:25.000424Z
2026-05-13,AUD_Public_A+,EOD,ALM,AggregatedSpread,Bond,1y.AUD_Public_A+,1y,1y,true,null,0.00956508,null,2026-05-13T16:30:06.197Z,null,0,null,Act/360,SYB,AUD,MODFOLLOWING,CreditSpread,360,null,8756,7072873,1,3,9823,2026-05-05,2026-05-06T09:54:02.3Z,2026-05-14,2026-05-14T13:17:15.473Z,vcurvealmcorprates.csv,gwam_dev_ds.inv_ga_typed.alm_curvealmcorprates | Slice: 2026-04-08 09:15:18.790000 to 2026-05-13 16:45:47.950000,ADB,2026-05-15T09:01:25.000424Z
2026-05-13,AUD_Public_A+,EOD,ALM,AggregatedSpread,Bond,2y.AUD_Public_A+,2y,2y,true,null,0.00990813,null,2026-05-13T16:30:06.197Z,null,0,null,Act/360,SYB,AUD,MODFOLLOWING,CreditSpread,720,null,8757,7072873,1,3,9823,2026-05-05,2026-05-06T09:54:02.3Z,2026-05-14,2026-05-14T13:17:15.473Z,vcurvealmcorprates.csv,gwam_dev_ds.inv_ga_typed.alm_curvealmcorprates | Slice: 2026-04-08 09:15:18.790000 to 2026-05-13 16:45:47.950000,ADB,2026-05-15T09:01:25.000424Z
2026-05-13,AUD_Public_A+,EOD,ALM,AggregatedSpread,Bond,3y.AUD_Public_A+,3y,3y,true,null,0.01028387,null,2026-05-13T16:30:06.197Z,null,0,null,Act/360,SYB,AUD,MODFOLLOWING,CreditSpread,1080,null,8758,7072873,1,3,9823,2026-05-05,2026-05-06T09:54:02.3Z,2026-05-14,2026-05-14T13:17:15.473Z,vcurvealmcorprates.csv,gwam_dev_ds.inv_ga_typed.alm_curvealmcorprates | Slice: 2026-04-08 09:15:18.790000 to 2026-05-13 16:45:47.950000,ADB,2026-05-15T09:01:25.000424Z
2026-05-13,AUD_Public_A+,EOD,ALM,AggregatedSpread,Bond,5y.AUD_Public_A+,5y,5y,true,null,0.01111191,null,2026-05-13T16:30:06.197Z,null,0,null,Act/360,SYB,AUD,MODFOLLOWING,CreditSpread,1800,null,8759,7072873,1,3,9823,2026-05-05,2026-05-06T09:54:02.3Z,2026-05-14,2026-05-14T13:17:15.473Z,vcurvealmcorprates.csv,gwam_dev_ds.inv_ga_typed.alm_curvealmcorprates | Slice: 2026-04-08 09:15:18.790000 to 2026-05-13 16:45:47.950000,ADB,2026-05-15T09:01:25.000424Z
2026-05-13,AUD_Public_A+,EOD,ALM,AggregatedSpread,Bond,7y.AUD_Public_A+,7y,7y,true,null,0.01200140,null,2026-05-13T16:30:06.197Z,null,0,null,Act/360,SYB,AUD,MODFOLLOWING,CreditSpread,2520,null,8760,7072873,1,3,9823,2026-05-05,2026-05-06T09:54:02.3Z,2026-05-14,2026-05-14T13:17:15.473Z,vcurvealmcorprates.csv,gwam_dev_ds.inv_ga_typed.alm_curvealmcorprates | Slice: 2026-04-08 09:15:18.790000 to 2026-05-13 16:45:47.950000,ADB,2026-05-15T09:01:25.000424Z
2026-05-13,AUD_Public_A+,EOD,ALM,AggregatedSpread,Bond,10y.AUD_Public_A+,10y,10y,true,null,0.01334887,null,2026-05-13T16:30:06.197Z,null,0,null,Act/360,SYB,AUD,MODFOLLOWING,CreditSpread,3600,null,8761,7072873,1,3,9823,2026-05-05,2026-05-06T09:54:02.3Z,2026-05-14,2026-05-14T13:17:15.473Z,vcurvealmcorprates.csv,gwam_dev_ds.inv_ga_typed.alm_curvealmcorprates | Slice: 2026-04-08 09:15:18.790000 to 2026-05-13 16:45:47.950000,ADB,2026-05-15T09:01:25.000424Z
2026-05-13,AUD_Public_A+,EOD,ALM,AggregatedSpread,Bond,20y.AUD_Public_A+,20y,20y,true,null,0.01334803,null,2026-05-13T16:30:06.197Z,null,0,null,Act/360,SYB,AUD,MODFOLLOWING,CreditSpread,7200,null,8762,7072873,1,3,9823,2026-05-05,2026-05-06T09:54:02.3Z,2026-05-14,2026-05-14T13:17:15.473Z,vcurvealmcorprates.csv,gwam_dev_ds.inv_ga_typed.alm_curvealmcorprates | Slice: 2026-04-08 09:15:18.790000 to 2026-05-13 16:45:47.950000,ADB,2026-05-15T09:01:25.000424Z
2026-05-13,AUD_Public_A+,EOD,ALM,AggregatedSpread,Bond,30y.AUD_Public_A+,30y,30y,true,null,0.01334800,null,2026-05-13T16:30:06.197Z,null,0,null,Act/360,SYB,AUD,MODFOLLOWING,CreditSpread,10800,null,8763,7072873,1,3,9823,2026-05-05,2026-05-06T09:54:02.3Z,2026-05-14,2026-05-14T13:17:15.473Z,vcurvealmcorprates.csv,gwam_dev_ds.inv_ga_typed.alm_curvealmcorprates | Slice: 2026-04-08 09:15:18.790000 to 2026-05-13 16:45:47.950000,ADB,2026-05-15T09:01:25.000424Z
2026-05-13,CAD_Provincial_AA,EOD,ALM,AggregatedSpread,Cash,3m.CAD_Provincial_AA,3m,3m,true,null,0.00132800,null,2026-05-13T16:30:06.197Z,null,0,Annual,Act/365,TRB,CAD,MODFOLLOWING,CreditSpread,90,null,1008,7066149,1,3,66,2026-04-30,2026-05-01T11:03:54.837Z,2026-05-14,2026-05-14T13:17:15.473Z,vcurvealmcorprates.csv,gwam_dev_ds.inv_ga_typed.alm_curvealmcorprates | Slice: 2026-04-08 09:15:18.790000 to 2026-05-13 16:45:47.950000,ADB,2026-05-15T09:01:25.000424Z
2026-05-13,CAD_Provincial_AA,EOD,ALM,AggregatedSpread,Cash,6m.CAD_Provincial_AA,6m,6m,true,null,0.00132800,null,2026-05-13T16:30:06.197Z,null,0,Annual,Act/365,TRB,CAD,MODFOLLOWING,CreditSpread,180,null,1009,7066149,1,3,66,2026-04-30,2026-05-01T11:03:54.837Z,2026-05-14,2026-05-14T13:17:15.473Z,vcurvealmcorprates.csv,gwam_dev_ds.inv_ga_typed.alm_curvealmcorprates | Slice: 2026-04-08 09:15:18.790000 to 2026-05-13 16:45:47.950000,ADB,2026-05-15T09:01:25.000424Z
2026-05-13,CAD_Provincial_AA,EOD,ALM,AggregatedSpread,Cash,1y.CAD_Provincial_AA,1y,1y,true,null,0.00132800,null,2026-05-13T16:30:06.197Z,null,0,Annual,Act/365,TRB,CAD,MODFOLLOWING,CreditSpread,360,null,1010,7066149,1,3,66,2026-04-30,2026-05-01T11:03:54.837Z,2026-05-14,2026-05-14T13:17:15.473Z,vcurvealmcorprates.csv,gwam_dev_ds.inv_ga_typed.alm_curvealmcorprates | Slice: 2026-04-08 09:15:18.790000 to 2026-05-13 16:45:47.950000,ADB,2026-05-15T09:01:25.000424Z
2026-05-13,CAD_Provincial_AA,EOD,ALM,AggregatedSpread,Bond,2y.CAD_Provincial_AA,2y,2y,true,null,0.00051300,null,2026-05-13T16:30:06.197Z,null,1,Semi Annual,Act/Act,TRB,CAD,MODFOLLOWING,CreditSpread,720,null,1011,7066149,1,3,66,2026-04-30,2026-05-01T11:03:54.837Z,2026-05-14,2026-05-14T13:17:15.473Z,vcurvealmcorprates.csv,gwam_dev_ds.inv_ga_typed.alm_curvealmcorprates | Slice: 2026-04-08 09:15:18.790000 to 2026-05-13 16:45:47.950000,ADB,2026-05-15T09:01:25.000424Z
2026-05-13,CAD_Provincial_AA,EOD,ALM,AggregatedSpread,Bond,3y.CAD_Provincial_AA,3y,3y,true,null,0.00091700,null,2026-05-13T16:30:06.197Z,null,1,Semi Annual,Act/Act,TRB,CAD,MODFOLLOWING,CreditSpread,1080,null,1012,7066149,1,3,66,2026-04-30,2026-05-01T11:03:54.837Z,2026-05-14,2026-05-14T13:17:15.473Z,vcurvealmcorprates.csv,gwam_dev_ds.inv_ga_typed.alm_curvealmcorprates | Slice: 2026-04-08 09:15:18.790000 to 2026-05-13 16:45:47.950000,ADB,2026-05-15T09:01:25.000424Z
2026-05-13,CAD_Provincial_AA,EOD,ALM,AggregatedSpread,Bond,5y.CAD_Provincial_AA,5y,5y,true,null,0.00190100,null,2026-05-13T16:30:06.197Z,null,1,Semi Annual,Act/Act,TRB,CAD,MODFOLLOWING,CreditSpread,1800,null,1013,7066149,1,3,66,2026-04-30,2026-05-01T11:03:54.837Z,2026-05-14,2026-05-14T13:17:15.473Z,vcurvealmcorprates.csv,gwam_dev_ds.inv_ga_typed.alm_curvealmcorprates | Slice: 2026-04-08 09:15:18.790000 to 2026-05-13 16:45:47.950000,ADB,2026-05-15T09:01:25.000424Z
2026-05-13,CAD_Provincial_AA,EOD,ALM,AggregatedSpread,Bond,7y.CAD_Provincial_AA,7y,7y,true,null,0.00276400,null,2026-05-13T16:30:06.197Z,null,1,Semi Annual,Act/Act,TRB,CAD,MODFOLLOWING,CreditSpread,2520,null,1014,7066149,1,3,66,2026-04-30,2026-05-01T11:03:54.837Z,2026-05-14,2026-05-14T13:17:15.473Z,vcurvealmcorprates.csv,gwam_dev_ds.inv_ga_typed.alm_curvealmcorprates | Slice: 2026-04-08 09:15:18.790000 to 2026-05-13 16:45:47.950000,ADB,2026-05-15T09:01:25.000424Z
2026-05-13,CAD_Provincial_AA,EOD,ALM,AggregatedSpread,Bond,10y.CAD_Provincial_AA,10y,10y,true,null,0.00452100,null,2026-05-13T16:30:06.197Z,null,1,Semi Annual,Act/Act,TRB,CAD,MODFOLLOWING,CreditSpread,3600,null,1015,7066149,1,3,66,2026-04-30,2026-05-01T11:03:54.837Z,2026-05-14,2026-05-14T13:17:15.473Z,vcurvealmcorprates.csv,gwam_dev_ds.inv_ga_typed.alm_curvealmcorprates | Slice: 2026-04-08 09:15:18.790000 to 2026-05-13 16:45:47.950000,ADB,2026-05-15T09:01:25.000424Z
2026-05-13,CAD_Provincial_AA,EOD,ALM,AggregatedSpread,Bond,20y.CAD_Provincial_AA,20y,20y,true,null,0.00863900,null,2026-05-13T16:30:06.197Z,null,1,Semi Annual,Act/Act,TRB,CAD,MODFOLLOWING,CreditSpread,7200,null,1016,7066149,1,3,66,2026-04-30,2026-05-01T11:03:54.837Z,2026-05-14,2026-05-14T13:17:15.473Z,vcurvealmcorprates.csv,gwam_dev_ds.inv_ga_typed.alm_curvealmcorprates | Slice: 2026-04-08 09:15:18.790000 to 2026-05-13 16:45:47.950000,ADB,2026-05-15T09:01:25.000424Z
2026-05-13,CAD_Provincial_AA,EOD,ALM,AggregatedSpread,Bond,30y.CAD_Provincial_AA,30y,30y,true,null,0.00785400,null,2026-05-13T16:30:06.197Z,null,1,Semi Annual,Act/Act,TRB,CAD,MODFOLLOWING,CreditSpread,10800,null,1017,7066149,1,3,66,2026-04-30,2026-05-01T11:03:54.837Z,2026-05-14,2026-05-14T13:17:15.473Z,vcurvealmcorprates.csv,gwam_dev_ds.inv_ga_typed.alm_curvealmcorprates | Slice: 2026-04-08 09:15:18.790000 to 2026-05-13 16:45:47.950000,ADB,2026-05-15T09:01:25.000424Z
2026-05-13,USD_Public_AA,EOD,ALM,AggregatedSpread,Cash,3m.USD_Public_AA,3m,3m,true,null,0.00065356,null,2026-05-13T16:30:06.197Z,null,0,Annual,Act/360,NYB,USD,MODFOLLOWING,CreditSpread,90,null,1312,7072816,2,3,7426,2026-05-05,2026-05-06T09:53:53.443Z,2026-05-14,2026-05-14T13:17:15.473Z,vcurvealmcorprates.csv,gwam_dev_ds.inv_ga_typed.alm_curvealmcorprates | Slice: 2026-04-08 09:15:18.790000 to 2026-05-13 16:45:47.950000,ADB,2026-05-15T09:01:25.000424Z
2026-05-13,USD_Public_AA,EOD,ALM,AggregatedSpread,Cash,6m.USD_Public_AA,6m,6m,true,null,0.00065356,null,2026-05-13T16:30:06.197Z,null,0,Annual,Act/360,NYB,USD,MODFOLLOWING,CreditSpread,180,null,1313,7072816,2,3,7426,2026-05-05,2026-05-06T09:53:53.443Z,2026-05-14,2026-05-14T13:17:15.473Z,vcurvealmcorprates.csv,gwam_dev_ds.inv_ga_typed.alm_curvealmcorprates | Slice: 2026-04-08 09:15:18.790000 to 2026-05-13 16:45:47.950000,ADB,2026-05-15T09:01:25.000424Z
2026-05-13,USD_Public_AA,EOD,ALM,AggregatedSpread,Cash,1y.USD_Public_AA,1y,1y,true,null,0.00065356,null,2026-05-13T16:30:06.197Z,null,1,Semi Annual,ACT/ACT,NYB,USD,MODFOLLOWING,CreditSpread,360,null,1314,7072816,2,3,7426,2026-05-05,2026-05-06T09:53:53.443Z,2026-05-14,2026-05-14T13:17:15.473Z,vcurvealmcorprates.csv,gwam_dev_ds.inv_ga_typed.alm_curvealmcorprates | Slice: 2026-04-08 09:15:18.790000 to 2026-05-13 16:45:47.950000,ADB,2026-05-15T09:01:25.000424Z
2026-05-13,USD_Public_AA,EOD,ALM,AggregatedSpread,Bond,2y.USD_Public_AA,2y,2y,true,null,0.00130732,null,2026-05-13T16:30:06.197Z,null,1,Semi Annual,ACT/ACT,NYB,USD,MODFOLLOWING,CreditSpread,720,null,1315,7072816,2,3,7426,2026-05-05,2026-05-06T09:53:53.443Z,2026-05-14,2026-05-14T13:17:15.473Z,vcurvealmcorprates.csv,gwam_dev_ds.inv_ga_typed.alm_curvealmcorprates | Slice: 2026-04-08 09:15:18.790000 to 2026-05-13 16:45:47.950000,ADB,2026-05-15T09:01:25.000424Z
2026-05-13,USD_Public_AA,EOD,ALM,AggregatedSpread,Bond,3y.USD_Public_AA,3y,3y,true,null,0.00189763,null,2026-05-13T16:30:06.197Z,null,1,Semi Annual,ACT/ACT,NYB,USD,MODFOLLOWING,CreditSpread,1080,null,1316,7072816,2,3,7426,2026-05-05,2026-05-06T09:53:53.443Z,2026-05-14,2026-05-14T13:17:15.473Z,vcurvealmcorprates.csv,gwam_dev_ds.inv_ga_typed.alm_curvealmcorprates | Slice: 2026-04-08 09:15:18.790000 to 2026-05-13 16:45:47.950000,ADB,2026-05-15T09:01:25.000424Z
2026-05-13,USD_Public_AA,EOD,ALM,AggregatedSpread,Bond,5y.USD_Public_AA,5y,5y,true,null,0.00290036,null,2026-05-13T16:30:06.197Z,null,1,Semi Annual,ACT/ACT,NYB,USD,MODFOLLOWING,CreditSpread,1800,null,1317,7072816,2,3,7426,2026-05-05,2026-05-06T09:53:53.443Z,2026-05-14,2026-05-14T13:17:15.473Z,vcurvealmcorprates.csv,gwam_dev_ds.inv_ga_typed.alm_curvealmcorprates | Slice: 2026-04-08 09:15:18.790000 to 2026-05-13 16:45:47.950000,ADB,2026-05-15T09:01:25.000424Z
2026-05-13,USD_Public_AA,EOD,ALM,AggregatedSpread,Bond,7y.USD_Public_AA,7y,7y,true,null,0.00368665,null,2026-05-13T16:30:06.197Z,null,1,Semi Annual,ACT/ACT,NYB,USD,MODFOLLOWING,CreditSpread,2520,null,1318,7072816,2,3,7426,2026-05-05,2026-05-06T09:53:53.443Z,2026-05-14,2026-05-14T13:17:15.473Z,vcurvealmcorprates.csv,gwam_dev_ds.inv_ga_typed.alm_curvealmcorprates | Slice: 2026-04-08 09:15:18.790000 to 2026-05-13 16:45:47.950000,ADB,2026-05-15T09:01:25.000424Z
2026-05-13,USD_Public_AA,EOD,ALM,AggregatedSpread,Bond,10y.USD_Public_AA,10y,10y,true,null,0.00451482,null,2026-05-13T16:30:06.197Z,null,1,Semi Annual,ACT/ACT,NYB,USD,MODFOLLOWING,CreditSpread,3600,null,1319,7072816,2,3,7426,2026-05-05,2026-05-06T09:53:53.443Z,2026-05-14,2026-05-14T13:17:15.473Z,vcurvealmcorprates.csv,gwam_dev_ds.inv_ga_typed.alm_curvealmcorprates | Slice: 2026-04-08 09:15:18.790000 to 2026-05-13 16:45:47.950000,ADB,2026-05-15T09:01:25.000424Z
2026-05-13,USD_Public_AA,EOD,ALM,AggregatedSpread,Bond,20y.USD_Public_AA,20y,20y,true,null,0.00487448,null,2026-05-13T16:30:06.197Z,null,1,Semi Annual,ACT/ACT,NYB,USD,MODFOLLOWING,CreditSpread,7200,null,1320,7072816,2,3,7426,2026-05-05,2026-05-06T09:53:53.443Z,2026-05-14,2026-05-14T13:17:15.473Z,vcurvealmcorprates.csv,gwam_dev_ds.inv_ga_typed.alm_curvealmcorprates | Slice: 2026-04-08 09:15:18.790000 to 2026-05-13 16:45:47.950000,ADB,2026-05-15T09:01:25.000424Z
2026-05-13,USD_Public_AA,EOD,ALM,AggregatedSpread,Bond,30y.USD_Public_AA,30y,30y,true,null,0.00523415,null,2026-05-13T16:30:06.197Z,null,1,Semi Annual,ACT/ACT,NYB,USD,MODFOLLOWING,CreditSpread,10800,null,1321,7072816,2,3,7426,2026-05-05,2026-05-06T09:53:53.443Z,2026-05-14,2026-05-14T13:17:15.473Z,vcurvealmcorprates.csv,gwam_dev_ds.inv_ga_typed.alm_curvealmcorprates | Slice: 2026-04-08 09:15:18.790000 to 2026-05-13 16:45:47.950000,ADB,2026-05-15T09:01:25.000424Z
2026-05-13,CNY_Public_BBB+,EOD,ALM,AggregatedSpread,Bond,10y.CNY_Public_BBB+,10y,10y,true,null,0.00412699,null,2026-05-13T16:30:06.197Z,null,0,null,Act/360,SHB,CNY,MODFOLLOWING,CreditSpread,3600,null,3311,7065890,1,3,3431,2026-04-30,2026-05-01T09:42:01.27Z,2026-05-14,2026-05-14T13:17:15.473Z,vcurvealmcorprates.csv,gwam_dev_ds.inv_ga_typed.alm_curvealmcorprates | Slice: 2026-04-08 09:15:18.790000 to 2026-05-13 16:45:47.950000,ADB,2026-05-15T09:01:25.000424Z
2026-05-13,CNY_Public_BBB+,EOD,ALM,AggregatedSpread,Bond,1y.CNY_Public_BBB+,1y,1y,true,null,0.00430918,null,2026-05-13T16:30:06.197Z,null,0,null,Act/360,SHB,CNY,MODFOLLOWING,CreditSpread,360,null,3543,7065890,1,3,3431,2026-04-30,2026-05-01T09:42:01.27Z,2026-05-14,2026-05-14T13:17:15.473Z,vcurvealmcorprates.csv,gwam_dev_ds.inv_ga_typed.alm_curvealmcorprates | Slice: 2026-04-08 09:15:18.790000 to 2026-05-13 16:45:47.950000,ADB,2026-05-15T09:01:25.000424Z
2026-05-13,CNY_Public_BBB+,EOD,ALM,AggregatedSpread,Bond,20y.CNY_Public_BBB+,20y,20y,true,null,0.00412699,null,2026-05-13T16:30:06.197Z,null,0,null,Act/360,SHB,CNY,MODFOLLOWING,CreditSpread,7200,null,3742,7065890,1,3,3431,2026-04-30,2026-05-01T09:42:01.27Z,2026-05-14,2026-05-14T13:17:15.473Z,vcurvealmcorprates.csv,gwam_dev_ds.inv_ga_typed.alm_curvealmcorprates | Slice: 2026-04-08 09:15:18.790000 to 2026-05-13 16:45:47.950000,ADB,2026-05-15T09:01:25.000424Z
2026-05-13,CNY_Public_BBB+,EOD,ALM,AggregatedSpread,Bond,2y.CNY_Public_BBB+,2y,2y,true,null,0.00439762,null,2026-05-13T16:30:06.197Z,null,0,null,Act/360,SHB,CNY,MODFOLLOWING,CreditSpread,720,null,3952,7065890,1,3,3431,2026-04-30,2026-05-01T09:42:01.27Z,2026-05-14,2026-05-14T13:17:15.473Z,vcurvealmcorprates.csv,gwam_dev_ds.inv_ga_typed.alm_curvealmcorprates | Slice: 2026-04-08 09:15:18.790000 to 2026-05-13 16:45:47.950000,ADB,2026-05-15T09:01:25.000424Z
2026-05-13,CNY_Public_BBB+,EOD,ALM,AggregatedSpread,Bond,30y.CNY_Public_BBB+,30y,30y,true,null,0.00412699,null,2026-05-13T16:30:06.197Z,null,0,null,Act/360,SHB,CNY,MODFOLLOWING,CreditSpread,10800,null,4151,7065890,1,3,3431,2026-04-30,2026-05-01T09:42:01.27Z,2026-05-14,2026-05-14T13:17:15.473Z,vcurvealmcorprates.csv,gwam_dev_ds.inv_ga_typed.alm_curvealmcorprates | Slice: 2026-04-08 09:15:18.790000 to 2026-05-13 16:45:47.950000,ADB,2026-05-15T09:01:25.000424Z
2026-05-13,CNY_Public_BBB+,EOD,ALM,AggregatedSpread,Cash,3m.CNY_Public_BBB+,3m,3m,true,null,0.00430918,null,2026-05-13T16:30:06.197Z,null,0,null,Act/360,SHB,CNY,MODFOLLOWING,CreditSpread,90,null,4350,7065890,1,3,3431,2026-04-30,2026-05-01T09:42:01.27Z,2026-05-14,2026-05-14T13:17:15.473Z,vcurvealmcorprates.csv,gwam_dev_ds.inv_ga_typed.alm_curvealmcorprates | Slice: 2026-04-08 09:15:18.790000 to 2026-05-13 16:45:47.950000,ADB,2026-05-15T09:01:25.000424Z
2026-05-13,CNY_Public_BBB+,EOD,ALM,AggregatedSpread,Bond,3y.CNY_Public_BBB+,3y,3y,true,null,0.00442941,null,2026-05-13T16:30:06.197Z,null,0,null,Act/360,SHB,CNY,MODFOLLOWING,CreditSpread,1080,null,4549,7065890,1,3,3431,2026-04-30,2026-05-01T09:42:01.27Z,2026-05-14,2026-05-14T13:17:15.473Z,vcurvealmcorprates.csv,gwam_dev_ds.inv_ga_typed.alm_curvealmcorprates | Slice: 2026-04-08 09:15:18.790000 to 2026-05-13 16:45:47.950000,ADB,2026-05-15T09:01:25.000424Z
2026-05-13,CNY_Public_BBB+,EOD,ALM,AggregatedSpread,Bond,5y.CNY_Public_BBB+,5y,5y,true,null,0.00437357,null,2026-05-13T16:30:06.197Z,null,0,null,Act/360,SHB,CNY,MODFOLLOWING,CreditSpread,1800,null,4757,7065890,1,3,3431,2026-04-30,2026-05-01T09:42:01.27Z,2026-05-14,2026-05-14T13:17:15.473Z,vcurvealmcorprates.csv,gwam_dev_ds.inv_ga_typed.alm_curvealmcorprates | Slice: 2026-04-08 09:15:18.790000 to 2026-05-13 16:45:47.950000,ADB,2026-05-15T09:01:25.000424Z
2026-05-13,CNY_Public_BBB+,EOD,ALM,AggregatedSpread,Cash,6m.CNY_Public_BBB+,6m,6m,true,null,0.00430918,null,2026-05-13T16:30:06.197Z,null,0,null,Act/360,SHB,CNY,MODFOLLOWING,CreditSpread,180,null,4956,7065890,1,3,3431,2026-04-30,2026-05-01T09:42:01.27Z,2026-05-14,2026-05-14T13:17:15.473Z,vcurvealmcorprates.csv,gwam_dev_ds.inv_ga_typed.alm_curvealmcorprates | Slice: 2026-04-08 09:15:18.790000 to 2026-05-13 16:45:47.950000,ADB,2026-05-15T09:01:25.000424Z
2026-05-13,CNY_Public_BBB+,EOD,ALM,AggregatedSpread,Bond,7y.CNY_Public_BBB+,7y,7y,true,null,0.00424274,null,2026-05-13T16:30:06.197Z,null,0,null,Act/360,SHB,CNY,MODFOLLOWING,CreditSpread,2520,null,5159,7065890,1,3,3431,2026-04-30,2026-05-01T09:42:01.27Z,2026-05-14,2026-05-14T13:17:15.473Z,vcurvealmcorprates.csv,gwam_dev_ds.inv_ga_typed.alm_curvealmcorprates | Slice: 2026-04-08 09:15:18.790000 to 2026-05-13 16:45:47.950000,ADB,2026-05-15T09:01:25.000424Z
2026-05-13,USD_Public_BB-,EOD,ALM,AggregatedSpread,Cash,3m.USD_Public_BB-,3m,3m,true,null,0.01582438,null,2026-05-13T16:30:06.197Z,null,0,Annual,Act/360,NYB,USD,MODFOLLOWING,CreditSpread,90,null,1398,7072825,2,3,7435,2026-05-05,2026-05-06T09:53:53.443Z,2026-05-14,2026-05-14T13:17:15.473Z,vcurvealmcorprates.csv,gwam_dev_ds.inv_ga_typed.alm_curvealmcorprates | Slice: 2026-04-08 09:15:18.790000 to 2026-05-13 16:45:47.950000,ADB,2026-05-15T09:01:25.000424Z
2026-05-13,USD_Public_BB-,EOD,ALM,AggregatedSpread,Cash,6m.USD_Public_BB-,6m,6m,true,null,0.01582438,null,2026-05-13T16:30:06.197Z,null,0,Annual,Act/360,NYB,USD,MODFOLLOWING,CreditSpread,180,null,1399,7072825,2,3,7435,2026-05-05,2026-05-06T09:53:53.443Z,2026-05-14,2026-05-14T13:17:15.473Z,vcurvealmcorprates.csv,gwam_dev_ds.inv_ga_typed.alm_curvealmcorprates | Slice: 2026-04-08 09:15:18.790000 to 2026-05-13 16:45:47.950000,ADB,2026-05-15T09:01:25.000424Z
2026-05-13,USD_Public_BB-,EOD,ALM,AggregatedSpread,Cash,1y.USD_Public_BB-,1y,1y,true,null,0.01582438,null,2026-05-13T16:30:06.197Z,null,1,Semi Annual,ACT/ACT,NYB,USD,MODFOLLOWING,CreditSpread,360,null,1400,7072825,2,3,7435,2026-05-05,2026-05-06T09:53:53.443Z,2026-05-14,2026-05-14T13:17:15.473Z,vcurvealmcorprates.csv,gwam_dev_ds.inv_ga_typed.alm_curvealmcorprates | Slice: 2026-04-08 09:15:18.790000 to 2026-05-13 16:45:47.950000,ADB,2026-05-15T09:01:25.000424Z
2026-05-13,USD_Public_BB-,EOD,ALM,AggregatedSpread,Bond,2y.USD_Public_BB-,2y,2y,true,null,0.01797849,null,2026-05-13T16:30:06.197Z,null,1,Semi Annual,ACT/ACT,NYB,USD,MODFOLLOWING,CreditSpread,720,null,1401,7072825,2,3,7435,2026-05-05,2026-05-06T09:53:53.443Z,2026-05-14,2026-05-14T13:17:15.473Z,vcurvealmcorprates.csv,gwam_dev_ds.inv_ga_typed.alm_curvealmcorprates | Slice: 2026-04-08 09:15:18.790000 to 2026-05-13 16:45:47.950000,ADB,2026-05-15T09:01:25.000424Z
2026-05-13,USD_Public_BB-,EOD,ALM,AggregatedSpread,Bond,3y.USD_Public_BB-,3y,3y,true,null,0.01975480,null,2026-05-13T16:30:06.197Z,null,1,Semi Annual,ACT/ACT,NYB,USD,MODFOLLOWING,CreditSpread,1080,null,1402,7072825,2,3,7435,2026-05-05,2026-05-06T09:53:53.443Z,2026-05-14,2026-05-14T13:17:15.473Z,vcurvealmcorprates.csv,gwam_dev_ds.inv_ga_typed.alm_curvealmcorprates | Slice: 2026-04-08 09:15:18.790000 to 2026-05-13 16:45:47.950000,ADB,2026-05-15T09:01:25.000424Z
2026-05-13,USD_Public_BB-,EOD,ALM,AggregatedSpread,Bond,5y.USD_Public_BB-,5y,5y,true,null,0.02220493,null,2026-05-13T16:30:06.197Z,null,1,Semi Annual,ACT/ACT,NYB,USD,MODFOLLOWING,CreditSpread,1800,null,1403,7072825,2,3,7435,2026-05-05,2026-05-06T09:53:53.443Z,2026-05-14,2026-05-14T13:17:15.473Z,vcurvealmcorprates.csv,gwam_dev_ds.inv_ga_typed.alm_curvealmcorprates | Slice: 2026-04-08 09:15:18.790000 to 2026-05-13 16:45:47.950000,ADB,2026-05-15T09:01:25.000424Z
2026-05-13,USD_Public_BB-,EOD,ALM,AggregatedSpread,Bond,7y.USD_Public_BB-,7y,7y,true,null,0.02323656,null,2026-05-13T16:30:06.197Z,null,1,Semi Annual,ACT/ACT,NYB,USD,MODFOLLOWING,CreditSpread,2520,null,1404,7072825,2,3,7435,2026-05-05,2026-05-06T09:53:53.443Z,2026-05-14,2026-05-14T13:17:15.473Z,vcurvealmcorprates.csv,gwam_dev_ds.inv_ga_typed.alm_curvealmcorprates | Slice: 2026-04-08 09:15:18.790000 to 2026-05-13 16:45:47.950000,ADB,2026-05-15T09:01:25.000424Z
2026-05-13,USD_Public_BB-,EOD,ALM,AggregatedSpread,Bond,10y.USD_Public_BB-,10y,10y,true,null,0.02225952,null,2026-05-13T16:30:06.197Z,null,1,Semi Annual,ACT/ACT,NYB,USD,MODFOLLOWING,CreditSpread,3600,null,1405,7072825,2,3,7435,2026-05-05,2026-05-06T09:53:53.443Z,2026-05-14,2026-05-14T13:17:15.473Z,vcurvealmcorprates.csv,gwam_dev_ds.inv_ga_typed.alm_curvealmcorprates | Slice: 2026-04-08 09:15:18.790000 to 2026-05-13 16:45:47.950000,ADB,2026-05-15T09:01:25.000424Z
2026-05-13,USD_Public_BB-,EOD,ALM,AggregatedSpread,Bond,20y.USD_Public_BB-,20y,20y,true,null,0.02225952,null,2026-05-13T16:30:06.197Z,null,1,Semi Annual,ACT/ACT,NYB,USD,MODFOLLOWING,CreditSpread,7200,null,1406,7072825,2,3,7435,2026-05-05,2026-05-06T09:53:53.443Z,2026-05-14,2026-05-14T13:17:15.473Z,vcurvealmcorprates.csv,gwam_dev_ds.inv_ga_typed.alm_curvealmcorprates | Slice: 2026-04-08 09:15:18.790000 to 2026-05-13 16:45:47.950000,ADB,2026-05-15T09:01:25.000424Z
2026-05-13,USD_Public_BB-,EOD,ALM,AggregatedSpread,Bond,30y.USD_Public_BB-,30y,30y,true,null,0.02225952,null,2026-05-13T16:30:06.197Z,null,1,Semi Annual,ACT/ACT,NYB,USD,MODFOLLOWING,CreditSpread,10800,null,1407,7072825,2,3,7435,2026-05-05,2026-05-06T09:53:53.443Z,2026-05-14,2026-05-14T13:17:15.473Z,vcurvealmcorprates.csv,gwam_dev_ds.inv_ga_typed.alm_curvealmcorprates | Slice: 2026-04-08 09:15:18.790000 to 2026-05-13 16:45:47.950000,ADB,2026-05-15T09:01:25.000424Z
2026-05-13,AUD_Public_A,EOD,ALM,AggregatedSpread,Bond,10y.AUD_Public_A,10y,10y,true,null,0.01335225,null,2026-05-13T16:30:06.197Z,null,0,null,Act/360,SYB,AUD,MODFOLLOWING,CreditSpread,3600,null,3295,7072856,1,3,3393,2026-05-05,2026-05-06T09:54:02.3Z,2026-05-14,2026-05-14T13:17:15.473Z,vcurvealmcorprates.csv,gwam_dev_ds.inv_ga_typed.alm_curvealmcorprates | Slice: 2026-04-08 09:15:18.790000 to 2026-05-13 16:45:47.950000,ADB,2026-05-15T09:01:25.000424Z
2026-05-13,AUD_Public_A,EOD,ALM,AggregatedSpread,Bond,1y.AUD_Public_A,1y,1y,true,null,0.00956589,null,2026-05-13T16:30:06.197Z,null,0,null,Act/360,SYB,AUD,MODFOLLOWING,CreditSpread,360,null,3527,7072856,1,3,3393,2026-05-05,2026-05-06T09:54:02.3Z,2026-05-14,2026-05-14T13:17:15.473Z,vcurvealmcorprates.csv,gwam_dev_ds.inv_ga_typed.alm_curvealmcorprates | Slice: 2026-04-08 09:15:18.790000 to 2026-05-13 16:45:47.950000,ADB,2026-05-15T09:01:25.000424Z
2026-05-13,AUD_Public_A,EOD,ALM,AggregatedSpread,Bond,20y.AUD_Public_A,20y,20y,true,null,0.01335225,null,2026-05-13T16:30:06.197Z,null,0,null,Act/360,SYB,AUD,MODFOLLOWING,CreditSpread,7200,null,3726,7072856,1,3,3393,2026-05-05,2026-05-06T09:54:02.3Z,2026-05-14,2026-05-14T13:17:15.473Z,vcurvealmcorprates.csv,gwam_dev_ds.inv_ga_typed.alm_curvealmcorprates | Slice: 2026-04-08 09:15:18.790000 to 2026-05-13 16:45:47.950000,ADB,2026-05-15T09:01:25.000424Z
2026-05-13,AUD_Public_A,EOD,ALM,AggregatedSpread,Bond,2y.AUD_Public_A,2y,2y,true,null,0.00990945,null,2026-05-13T16:30:06.197Z,null,0,null,Act/360,SYB,AUD,MODFOLLOWING,CreditSpread,720,null,3936,7072856,1,3,3393,2026-05-05,2026-05-06T09:54:02.3Z,2026-05-14,2026-05-14T13:17:15.473Z,vcurvealmcorprates.csv,gwam_dev_ds.inv_ga_typed.alm_curvealmcorprates | Slice: 2026-04-08 09:15:18.790000 to 2026-05-13 16:45:47.950000,ADB,2026-05-15T09:01:25.000424Z
2026-05-13,AUD_Public_A,EOD,ALM,AggregatedSpread,Bond,30y.AUD_Public_A,30y,30y,true,null,0.01335225,null,2026-05-13T16:30:06.197Z,null,0,null,Act/360,SYB,AUD,MODFOLLOWING,CreditSpread,10800,null,4135,7072856,1,3,3393,2026-05-05,2026-05-06T09:54:02.3Z,2026-05-14,2026-05-14T13:17:15.473Z,vcurvealmcorprates.csv,gwam_dev_ds.inv_ga_typed.alm_curvealmcorprates | Slice: 2026-04-08 09:15:18.790000 to 2026-05-13 16:45:47.950000,ADB,2026-05-15T09:01:25.000424Z
2026-05-13,AUD_Public_A,EOD,ALM,AggregatedSpread,Cash,3m.AUD_Public_A,3m,3m,true,null,0.00956589,null,2026-05-13T16:30:06.197Z,null,0,null,Act/360,SYB,AUD,MODFOLLOWING,CreditSpread,90,null,4334,7072856,1,3,3393,2026-05-05,2026-05-06T09:54:02.3Z,2026-05-14,2026-05-14T13:17:15.473Z,vcurvealmcorprates.csv,gwam_dev_ds.inv_ga_typed.alm_curvealmcorprates | Slice: 2026-04-08 09:15:18.790000 to 2026-05-13 16:45:47.950000,ADB,2026-05-15T09:01:25.000424Z
2026-05-13,AUD_Public_A,EOD,ALM,AggregatedSpread,Bond,3y.AUD_Public_A,3y,3y,true,null,0.01028591,null,2026-05-13T16:30:06.197Z,null,0,null,Act/360,SYB,AUD,MODFOLLOWING,CreditSpread,1080,null,4533,7072856,1,3,3393,2026-05-05,2026-05-06T09:54:02.3Z,2026-05-14,2026-05-14T13:17:15.473Z,vcurvealmcorprates.csv,gwam_dev_ds.inv_ga_typed.alm_curvealmcorprates | Slice: 2026-04-08 09:15:18.790000 to 2026-05-13 16:45:47.950000,ADB,2026-05-15T09:01:25.000424Z
2026-05-13,AUD_Public_A,EOD,ALM,AggregatedSpread,Bond,5y.AUD_Public_A,5y,5y,true,null,0.01111418,null,2026-05-13T16:30:06.197Z,null,0,null,Act/360,SYB,AUD,MODFOLLOWING,CreditSpread,1800,null,4741,7072856,1,3,3393,2026-05-05,2026-05-06T09:54:02.3Z,2026-05-14,2026-05-14T13:17:15.473Z,vcurvealmcorprates.csv,gwam_dev_ds.inv_ga_typed.alm_curvealmcorprates | Slice: 2026-04-08 09:15:18.790000 to 2026-05-13 16:45:47.950000,ADB,2026-05-15T09:01:25.000424Z
2026-05-13,AUD_Public_A,EOD,ALM,AggregatedSpread,Cash,6m.AUD_Public_A,6m,6m,true,null,0.00956589,null,2026-05-13T16:30:06.197Z,null,0,null,Act/360,SYB,AUD,MODFOLLOWING,CreditSpread,180,null,4940,7072856,1,3,3393,2026-05-05,2026-05-06T09:54:02.3Z,2026-05-14,2026-05-14T13:17:15.473Z,vcurvealmcorprates.csv,gwam_dev_ds.inv_ga_typed.alm_curvealmcorprates | Slice: 2026-04-08 09:15:18.790000 to 2026-05-13 16:45:47.950000,ADB,2026-05-15T09:01:25.000424Z
2026-05-13,AUD_Public_A,EOD,ALM,AggregatedSpread,Bond,7y.AUD_Public_A,7y,7y,true,null,0.01200405,null,2026-05-13T16:30:06.197Z,null,0,null,Act/360,SYB,AUD,MODFOLLOWING,CreditSpread,2520,null,5143,7072856,1,3,3393,2026-05-05,2026-05-06T09:54:02.3Z,2026-05-14,2026-05-14T13:17:15.473Z,vcurvealmcorprates.csv,gwam_dev_ds.inv_ga_typed.alm_curvealmcorprates | Slice: 2026-04-08 09:15:18.790000 to 2026-05-13 16:45:47.950000,ADB,2026-05-15T09:01:25.000424Z
2026-05-13,AUD_Public_AA+,EOD,ALM,AggregatedSpread,Cash,3m.AUD_Public_AA+,3m,3m,true,null,0.00664210,null,2026-05-13T16:30:06.197Z,null,0,null,Act/360,SYB,AUD,MODFOLLOWING,CreditSpread,90,null,8774,7072875,1,3,9825,2026-05-05,2026-05-06T09:54:02.3Z,2026-05-14,2026-05-14T13:17:15.473Z,vcurvealmcorprates.csv,gwam_dev_ds.inv_ga_typed.alm_curvealmcorprates | Slice: 2026-04-08 09:15:18.790000 to 2026-05-13 16:45:47.950000,ADB,2026-05-15T09:01:25.000424Z
2026-05-13,AUD_Public_AA+,EOD,ALM,AggregatedSpread,Cash,6m.AUD_Public_AA+,6m,6m,true,null,0.00664210,null,2026-05-13T16:30:06.197Z,null,0,null,Act/360,SYB,AUD,MODFOLLOWING,CreditSpread,180,null,8775,7072875,1,3,9825,2026-05-05,2026-05-06T09:54:02.3Z,2026-05-14,2026-05-14T13:17:15.473Z,vcurvealmcorprates.csv,gwam_dev_ds.inv_ga_typed.alm_curvealmcorprates | Slice: 2026-04-08 09:15:18.790000 to 2026-05-13 16:45:47.950000,ADB,2026-05-15T09:01:25.000424Z
2026-05-13,AUD_Public_AA+,EOD,ALM,AggregatedSpread,Bond,1y.AUD_Public_AA+,1y,1y,true,null,0.00664210,null,2026-05-13T16:30:06.197Z,null,0,null,Act/360,SYB,AUD,MODFOLLOWING,CreditSpread,360,null,8776,7072875,1,3,9825,2026-05-05,2026-05-06T09:54:02.3Z,2026-05-14,2026-05-14T13:17:15.473Z,vcurvealmcorprates.csv,gwam_dev_ds.inv_ga_typed.alm_curvealmcorprates | Slice: 2026-04-08 09:15:18.790000 to 2026-05-13 16:45:47.950000,ADB,2026-05-15T09:01:25.000424Z
2026-05-13,AUD_Public_AA+,EOD,ALM,AggregatedSpread,Bond,2y.AUD_Public_AA+,2y,2y,true,null,0.00664055,null,2026-05-13T16:30:06.197Z,null,0,null,Act/360,SYB,AUD,MODFOLLOWING,CreditSpread,720,null,8777,7072875,1,3,9825,2026-05-05,2026-05-06T09:54:02.3Z,2026-05-14,2026-05-14T13:17:15.473Z,vcurvealmcorprates.csv,gwam_dev_ds.inv_ga_typed.alm_curvealmcorprates | Slice: 2026-04-08 09:15:18.790000 to 2026-05-13 16:45:47.950000,ADB,2026-05-15T09:01:25.000424Z
2026-05-13,AUD_Public_AA+,EOD,ALM,AggregatedSpread,Bond,3y.AUD_Public_AA+,3y,3y,true,null,0.00669136,null,2026-05-13T16:30:06.197Z,null,0,null,Act/360,SYB,AUD,MODFOLLOWING,CreditSpread,1080,null,8778,7072875,1,3,9825,2026-05-05,2026-05-06T09:54:02.3Z,2026-05-14,2026-05-14T13:17:15.473Z,vcurvealmcorprates.csv,gwam_dev_ds.inv_ga_typed.alm_curvealmcorprates | Slice: 2026-04-08 09:15:18.790000 to 2026-05-13 16:45:47.950000,ADB,2026-05-15T09:01:25.000424Z
2026-05-13,AUD_Public_AA+,EOD,ALM,AggregatedSpread,Bond,5y.AUD_Public_AA+,5y,5y,true,null,0.00692646,null,2026-05-13T16:30:06.197Z,null,0,null,Act/360,SYB,AUD,MODFOLLOWING,CreditSpread,1800,null,8779,7072875,1,3,9825,2026-05-05,2026-05-06T09:54:02.3Z,2026-05-14,2026-05-14T13:17:15.473Z,vcurvealmcorprates.csv,gwam_dev_ds.inv_ga_typed.alm_curvealmcorprates | Slice: 2026-04-08 09:15:18.790000 to 2026-05-13 16:45:47.950000,ADB,2026-05-15T09:01:25.000424Z
2026-05-13,AUD_Public_AA+,EOD,ALM,AggregatedSpread,Bond,7y.AUD_Public_AA+,7y,7y,true,null,0.00730110,null,2026-05-13T16:30:06.197Z,null,0,null,Act/360,SYB,AUD,MODFOLLOWING,CreditSpread,2520,null,8780,7072875,1,3,9825,2026-05-05,2026-05-06T09:54:02.3Z,2026-05-14,2026-05-14T13:17:15.473Z,vcurvealmcorprates.csv,gwam_dev_ds.inv_ga_typed.alm_curvealmcorprates | Slice: 2026-04-08 09:15:18.790000 to 2026-05-13 16:45:47.950000,ADB,2026-05-15T09:01:25.000424Z
2026-05-13,AUD_Public_AA+,EOD,ALM,AggregatedSpread,Bond,10y.AUD_Public_AA+,10y,10y,true,null,0.00802250,null,2026-05-13T16:30:06.197Z,null,0,null,Act/360,SYB,AUD,MODFOLLOWING,CreditSpread,3600,null,8781,7072875,1,3,9825,2026-05-05,2026-05-06T09:54:02.3Z,2026-05-14,2026-05-14T13:17:15.473Z,vcurvealmcorprates.csv,gwam_dev_ds.inv_ga_typed.alm_curvealmcorprates | Slice: 2026-04-08 09:15:18.790000 to 2026-05-13 16:45:47.950000,ADB,2026-05-15T09:01:25.000424Z
2026-05-13,AUD_Public_AA+,EOD,ALM,AggregatedSpread,Bond,20y.AUD_Public_AA+,20y,20y,true,null,0.00802173,null,2026-05-13T16:30:06.197Z,null,0,null,Act/360,SYB,AUD,MODFOLLOWING,CreditSpread,7200,null,8782,7072875,1,3,9825,2026-05-05,2026-05-06T09:54:02.3Z,2026-05-14,2026-05-14T13:17:15.473Z,vcurvealmcorprates.csv,gwam_dev_ds.inv_ga_typed.alm_curvealmcorprates | Slice: 2026-04-08 09:15:18.790000 to 2026-05-13 16:45:47.950000,ADB,2026-05-15T09:01:25.000424Z
2026-05-13,AUD_Public_AA+,EOD,ALM,AggregatedSpread,Bond,30y.AUD_Public_AA+,30y,30y,true,null,0.00802047,null,2026-05-13T16:30:06.197Z,null,0,null,Act/360,SYB,AUD,MODFOLLOWING,CreditSpread,10800,null,8783,7072875,1,3,9825,2026-05-05,2026-05-06T09:54:02.3Z,2026-05-14,2026-05-14T13:17:15.473Z,vcurvealmcorprates.csv,gwam_dev_ds.inv_ga_typed.alm_curvealmcorprates | Slice: 2026-04-08 09:15:18.790000 to 2026-05-13 16:45:47.950000,ADB,2026-05-15T09:01:25.000424Z
2026-05-13,CAD_Public_B,EOD,ALM,AggregatedSpread,Cash,3m.CAD_Public_B,3m,3m,true,null,0.03940984,null,2026-05-13T16:30:06.197Z,null,0,Annual,Act/365,TRB,CAD,MODFOLLOWING,CreditSpread,90,null,1058,7065933,1,3,71,2026-04-30,2026-05-01T10:16:05.473Z,2026-05-14,2026-05-14T13:17:15.473Z,vcurvealmcorprates.csv,gwam_dev_ds.inv_ga_typed.alm_curvealmcorprates | Slice: 2026-04-08 09:15:18.790000 to 2026-05-13 16:45:47.950000,ADB,2026-05-15T09:01:25.000424Z
2026-05-13,CAD_Public_B,EOD,ALM,AggregatedSpread,Cash,6m.CAD_Public_B,6m,6m,true,null,0.03940984,null,2026-05-13T16:30:06.197Z,null,0,Annual,Act/365,TRB,CAD,MODFOLLOWING,CreditSpread,180,null,1059,7065933,1,3,71,2026-04-30,2026-05-01T10:16:05.473Z,2026-05-14,2026-05-14T13:17:15.473Z,vcurvealmcorprates.csv,gwam_dev_ds.inv_ga_typed.alm_curvealmcorprates | Slice: 2026-04-08 09:15:18.790000 to 2026-05-13 16:45:47.950000,ADB,2026-05-15T09:01:25.000424Z
2026-05-13,CAD_Public_B,EOD,ALM,AggregatedSpread,Cash,1y.CAD_Public_B,1y,1y,true,null,0.03940984,null,2026-05-13T16:30:06.197Z,null,0,Annual,Act/365,TRB,CAD,MODFOLLOWING,CreditSpread,360,null,1060,7065933,1,3,71,2026-04-30,2026-05-01T10:16:05.473Z,2026-05-14,2026-05-14T13:17:15.473Z,vcurvealmcorprates.csv,gwam_dev_ds.inv_ga_typed.alm_curvealmcorprates | Slice: 2026-04-08 09:15:18.790000 to 2026-05-13 16:45:47.950000,ADB,2026-05-15T09:01:25.000424Z
2026-05-13,CAD_Public_B,EOD,ALM,AggregatedSpread,Bond,2y.CAD_Public_B,2y,2y,true,null,0.03669404,null,2026-05-13T16:30:06.197Z,null,1,Semi Annual,Act/Act,TRB,CAD,MODFOLLOWING,CreditSpread,720,null,1061,7065933,1,3,71,2026-04-30,2026-05-01T10:16:05.473Z,2026-05-14,2026-05-14T13:17:15.473Z,vcurvealmcorprates.csv,gwam_dev_ds.inv_ga_typed.alm_curvealmcorprates | Slice: 2026-04-08 09:15:18.790000 to 2026-05-13 16:45:47.950000,ADB,2026-05-15T09:01:25.000424Z
2026-05-13,CAD_Public_B,EOD,ALM,AggregatedSpread,Bond,3y.CAD_Public_B,3y,3y,true,null,0.03576429,null,2026-05-13T16:30:06.197Z,null,1,Semi Annual,Act/Act,TRB,CAD,MODFOLLOWING,CreditSpread,1080,null,1062,7065933,1,3,71,2026-04-30,2026-05-01T10:16:05.473Z,2026-05-14,2026-05-14T13:17:15.473Z,vcurvealmcorprates.csv,gwam_dev_ds.inv_ga_typed.alm_curvealmcorprates | Slice: 2026-04-08 09:15:18.790000 to 2026-05-13 16:45:47.950000,ADB,2026-05-15T09:01:25.000424Z
2026-05-13,CAD_Public_B,EOD,ALM,AggregatedSpread,Bond,5y.CAD_Public_B,5y,5y,true,null,0.03414809,null,2026-05-13T16:30:06.197Z,null,1,Semi Annual,Act/Act,TRB,CAD,MODFOLLOWING,CreditSpread,1800,null,1063,7065933,1,3,71,2026-04-30,2026-05-01T10:16:05.473Z,2026-05-14,2026-05-14T13:17:15.473Z,vcurvealmcorprates.csv,gwam_dev_ds.inv_ga_typed.alm_curvealmcorprates | Slice: 2026-04-08 09:15:18.790000 to 2026-05-13 16:45:47.950000,ADB,2026-05-15T09:01:25.000424Z
2026-05-13,CAD_Public_B,EOD,ALM,AggregatedSpread,Bond,7y.CAD_Public_B,7y,7y,true,null,0.03252032,null,2026-05-13T16:30:06.197Z,null,1,Semi Annual,Act/Act,TRB,CAD,MODFOLLOWING,CreditSpread,2520,null,1064,7065933,1,3,71,2026-04-30,2026-05-01T10:16:05.473Z,2026-05-14,2026-05-14T13:17:15.473Z,vcurvealmcorprates.csv,gwam_dev_ds.inv_ga_typed.alm_curvealmcorprates | Slice: 2026-04-08 09:15:18.790000 to 2026-05-13 16:45:47.950000,ADB,2026-05-15T09:01:25.000424Z
2026-05-13,CAD_Public_B,EOD,ALM,AggregatedSpread,Bond,10y.CAD_Public_B,10y,10y,true,null,0.03060708,null,2026-05-13T16:30:06.197Z,null,1,Semi Annual,Act/Act,TRB,CAD,MODFOLLOWING,CreditSpread,3600,null,1065,7065933,1,3,71,2026-04-30,2026-05-01T10:16:05.473Z,2026-05-14,2026-05-14T13:17:15.473Z,vcurvealmcorprates.csv,gwam_dev_ds.inv_ga_typed.alm_curvealmcorprates | Slice: 2026-04-08 09:15:18.790000 to 2026-05-13 16:45:47.950000,ADB,2026-05-15T09:01:25.000424Z
2026-05-13,CAD_Public_B,EOD,ALM,AggregatedSpread,Bond,20y.CAD_Public_B,20y,20y,true,null,0.02802829,null,2026-05-13T16:30:06.197Z,null,1,Semi Annual,Act/Act,TRB,CAD,MODFOLLOWING,CreditSpread,7200,null,1066,7065933,1,3,71,2026-04-30,2026-05-01T10:16:05.473Z,2026-05-14,2026-05-14T13:17:15.473Z,vcurvealmcorprates.csv,gwam_dev_ds.inv_ga_typed.alm_curvealmcorprates | Slice: 2026-04-08 09:15:18.790000 to 2026-05-13 16:45:47.950000,ADB,2026-05-15T09:01:25.000424Z
2026-05-13,CAD_Public_B,EOD,ALM,AggregatedSpread,Bond,30y.CAD_Public_B,30y,30y,true,null,0.02709483,null,2026-05-13T16:30:06.197Z,null,1,Semi Annual,Act/Act,TRB,CAD,MODFOLLOWING,CreditSpread,10800,null,1067,7065933,1,3,71,2026-04-30,2026-05-01T10:16:05.473Z,2026-05-14,2026-05-14T13:17:15.473Z,vcurvealmcorprates.csv,gwam_dev_ds.inv_ga_typed.alm_curvealmcorprates | Slice: 2026-04-08 09:15:18.790000 to 2026-05-13 16:45:47.950000,ADB,2026-05-15T09:01:25.000424Z
2026-05-13,CNY_Public_BB,EOD,ALM,AggregatedSpread,Bond,10y.CNY_Public_BB,10y,10y,true,null,0.01268588,null,2026-05-13T16:30:06.197Z,null,0,null,Act/360,SHB,CNY,MODFOLLOWING,CreditSpread,3600,null,3306,7065885,1,3,3426,2026-04-30,2026-05-01T09:42:01.27Z,2026-05-14,2026-05-14T13:17:15.473Z,vcurvealmcorprates.csv,gwam_dev_ds.inv_ga_typed.alm_curvealmcorprates | Slice: 2026-04-08 09:15:18.790000 to 2026-05-13 16:45:47.950000,ADB,2026-05-15T09:01:25.000424Z
2026-05-13,CNY_Public_BB,EOD,ALM,AggregatedSpread,Bond,1y.CNY_Public_BB,1y,1y,true,null,0.01273143,null,2026-05-13T16:30:06.197Z,null,0,null,Act/360,SHB,CNY,MODFOLLOWING,CreditSpread,360,null,3538,7065885,1,3,3426,2026-04-30,2026-05-01T09:42:01.27Z,2026-05-14,2026-05-14T13:17:15.473Z,vcurvealmcorprates.csv,gwam_dev_ds.inv_ga_typed.alm_curvealmcorprates | Slice: 2026-04-08 09:15:18.790000 to 2026-05-13 16:45:47.950000,ADB,2026-05-15T09:01:25.000424Z
2026-05-13,CNY_Public_BB,EOD,ALM,AggregatedSpread,Bond,20y.CNY_Public_BB,20y,20y,true,null,0.01268588,null,2026-05-13T16:30:06.197Z,null,0,null,Act/360,SHB,CNY,MODFOLLOWING,CreditSpread,7200,null,3737,7065885,1,3,3426,2026-04-30,2026-05-01T09:42:01.27Z,2026-05-14,2026-05-14T13:17:15.473Z,vcurvealmcorprates.csv,gwam_dev_ds.inv_ga_typed.alm_curvealmcorprates | Slice: 2026-04-08 09:15:18.790000 to 2026-05-13 16:45:47.950000,ADB,2026-05-15T09:01:25.000424Z
2026-05-13,CNY_Public_BB,EOD,ALM,AggregatedSpread,Bond,2y.CNY_Public_BB,2y,2y,true,null,0.01277528,null,2026-05-13T16:30:06.197Z,null,0,null,Act/360,SHB,CNY,MODFOLLOWING,CreditSpread,720,null,3947,7065885,1,3,3426,2026-04-30,2026-05-01T09:42:01.27Z,2026-05-14,2026-05-14T13:17:15.473Z,vcurvealmcorprates.csv,gwam_dev_ds.inv_ga_typed.alm_curvealmcorprates | Slice: 2026-04-08 09:15:18.790000 to 2026-05-13 16:45:47.950000,ADB,2026-05-15T09:01:25.000424Z
2026-05-13,CNY_Public_BB,EOD,ALM,AggregatedSpread,Bond,30y.CNY_Public_BB,30y,30y,true,null,0.01268588,null,2026-05-13T16:30:06.197Z,null,0,null,Act/360,SHB,CNY,MODFOLLOWING,CreditSpread,10800,null,4146,7065885,1,3,3426,2026-04-30,2026-05-01T09:42:01.27Z,2026-05-14,2026-05-14T13:17:15.473Z,vcurvealmcorprates.csv,gwam_dev_ds.inv_ga_typed.alm_curvealmcorprates | Slice: 2026-04-08 09:15:18.790000 to 2026-05-13 16:45:47.950000,ADB,2026-05-15T09:01:25.000424Z
2026-05-13,CNY_Public_BB,EOD,ALM,AggregatedSpread,Cash,3m.CNY_Public_BB,3m,3m,true,null,0.01273143,null,2026-05-13T16:30:06.197Z,null,0,null,Act/360,SHB,CNY,MODFOLLOWING,CreditSpread,90,null,4345,7065885,1,3,3426,2026-04-30,2026-05-01T09:42:01.27Z,2026-05-14,2026-05-14T13:17:15.473Z,vcurvealmcorprates.csv,gwam_dev_ds.inv_ga_typed.alm_curvealmcorprates | Slice: 2026-04-08 09:15:18.790000 to 2026-05-13 16:45:47.950000,ADB,2026-05-15T09:01:25.000424Z
2026-05-13,CNY_Public_BB,EOD,ALM,AggregatedSpread,Bond,3y.CNY_Public_BB,3y,3y,true,null,0.01277742,null,2026-05-13T16:30:06.197Z,null,0,null,Act/360,SHB,CNY,MODFOLLOWING,CreditSpread,1080,null,4544,7065885,1,3,3426,2026-04-30,2026-05-01T09:42:01.27Z,2026-05-14,2026-05-14T13:17:15.473Z,vcurvealmcorprates.csv,gwam_dev_ds.inv_ga_typed.alm_curvealmcorprates | Slice: 2026-04-08 09:15:18.790000 to 2026-05-13 16:45:47.950000,ADB,2026-05-15T09:01:25.000424Z
2026-05-13,CNY_Public_BB,EOD,ALM,AggregatedSpread,Bond,5y.CNY_Public_BB,5y,5y,true,null,0.01270711,null,2026-05-13T16:30:06.197Z,null,0,null,Act/360,SHB,CNY,MODFOLLOWING,CreditSpread,1800,null,4752,7065885,1,3,3426,2026-04-30,2026-05-01T09:42:01.27Z,2026-05-14,2026-05-14T13:17:15.473Z,vcurvealmcorprates.csv,gwam_dev_ds.inv_ga_typed.alm_curvealmcorprates | Slice: 2026-04-08 09:15:18.790000 to 2026-05-13 16:45:47.950000,ADB,2026-05-15T09:01:25.000424Z
2026-05-13,CNY_Public_BB,EOD,ALM,AggregatedSpread,Cash,6m.CNY_Public_BB,6m,6m,true,null,0.01273143,null,2026-05-13T16:30:06.197Z,null,0,null,Act/360,SHB,CNY,MODFOLLOWING,CreditSpread,180,null,4951,7065885,1,3,3426,2026-04-30,2026-05-01T09:42:01.27Z,2026-05-14,2026-05-14T13:17:15.473Z,vcurvealmcorprates.csv,gwam_dev_ds.inv_ga_typed.alm_curvealmcorprates | Slice: 2026-04-08 09:15:18.790000 to 2026-05-13 16:45:47.950000,ADB,2026-05-15T09:01:25.000424Z
2026-05-13,CNY_Public_BB,EOD,ALM,AggregatedSpread,Bond,7y.CNY_Public_BB,7y,7y,true,null,0.01262159,null,2026-05-13T16:30:06.197Z,null,0,null,Act/360,SHB,CNY,MODFOLLOWING,CreditSpread,2520,null,5154,7065885,1,3,3426,2026-04-30,2026-05-01T09:42:01.27Z,2026-05-14,2026-05-14T13:17:15.473Z,vcurvealmcorprates.csv,gwam_dev_ds.inv_ga_typed.alm_curvealmcorprates | Slice: 2026-04-08 09:15:18.790000 to 2026-05-13 16:45:47.950000,ADB,2026-05-15T09:01:25.000424Z
2026-05-13,CAD_Public_B-,EOD,ALM,AggregatedSpread,Cash,3m.CAD_Public_B,3m,3m,true,null,0.05557999,null,2026-05-13T16:30:06.197Z,null,0,Annual,Act/365,TRB,CAD,MODFOLLOWING,CreditSpread,90,null,1058,7065942,1,3,9539,2026-04-30,2026-05-01T10:16:05.473Z,2026-05-14,2026-05-14T13:17:15.473Z,vcurvealmcorprates.csv,gwam_dev_ds.inv_ga_typed.alm_curvealmcorprates | Slice: 2026-04-08 09:15:18.790000 to 2026-05-13 16:45:47.950000,ADB,2026-05-15T09:01:25.000424Z
2026-05-13,CAD_Public_B-,EOD,ALM,AggregatedSpread,Cash,6m.CAD_Public_B,6m,6m,true,null,0.05557999,null,2026-05-13T16:30:06.197Z,null,0,Annual,Act/365,TRB,CAD,MODFOLLOWING,CreditSpread,180,null,1059,7065942,1,3,9539,2026-04-30,2026-05-01T10:16:05.473Z,2026-05-14,2026-05-14T13:17:15.473Z,vcurvealmcorprates.csv,gwam_dev_ds.inv_ga_typed.alm_curvealmcorprates | Slice: 2026-04-08 09:15:18.790000 to 2026-05-13 16:45:47.950000,ADB,2026-05-15T09:01:25.000424Z
2026-05-13,CAD_Public_B-,EOD,ALM,AggregatedSpread,Cash,1y.CAD_Public_B,1y,1y,true,null,0.05557999,null,2026-05-13T16:30:06.197Z,null,0,Annual,Act/365,TRB,CAD,MODFOLLOWING,CreditSpread,360,null,1060,7065942,1,3,9539,2026-04-30,2026-05-01T10:16:05.473Z,2026-05-14,2026-05-14T13:17:15.473Z,vcurvealmcorprates.csv,gwam_dev_ds.inv_ga_typed.alm_curvealmcorprates | Slice: 2026-04-08 09:15:18.790000 to 2026-05-13 16:45:47.950000,ADB,2026-05-15T09:01:25.000424Z
2026-05-13,CAD_Public_B-,EOD,ALM,AggregatedSpread,Bond,2y.CAD_Public_B,2y,2y,true,null,0.05069283,null,2026-05-13T16:30:06.197Z,null,1,Semi Annual,Act/Act,TRB,CAD,MODFOLLOWING,CreditSpread,720,null,1061,7065942,1,3,9539,2026-04-30,2026-05-01T10:16:05.473Z,2026-05-14,2026-05-14T13:17:15.473Z,vcurvealmcorprates.csv,gwam_dev_ds.inv_ga_typed.alm_curvealmcorprates | Slice: 2026-04-08 09:15:18.790000 to 2026-05-13 16:45:47.950000,ADB,2026-05-15T09:01:25.000424Z
2026-05-13,CAD_Public_B-,EOD,ALM,AggregatedSpread,Bond,3y.CAD_Public_B,3y,3y,true,null,0.04835605,null,2026-05-13T16:30:06.197Z,null,1,Semi Annual,Act/Act,TRB,CAD,MODFOLLOWING,CreditSpread,1080,null,1062,7065942,1,3,9539,2026-04-30,2026-05-01T10:16:05.473Z,2026-05-14,2026-05-14T13:17:15.473Z,vcurvealmcorprates.csv,gwam_dev_ds.inv_ga_typed.alm_curvealmcorprates | Slice: 2026-04-08 09:15:18.790000 to 2026-05-13 16:45:47.950000,ADB,2026-05-15T09:01:25.000424Z
2026-05-13,CAD_Public_B-,EOD,ALM,AggregatedSpread,Bond,5y.CAD_Public_B,5y,5y,true,null,0.04534530,null,2026-05-13T16:30:06.197Z,null,1,Semi Annual,Act/Act,TRB,CAD,MODFOLLOWING,CreditSpread,1800,null,1063,7065942,1,3,9539,2026-04-30,2026-05-01T10:16:05.473Z,2026-05-14,2026-05-14T13:17:15.473Z,vcurvealmcorprates.csv,gwam_dev_ds.inv_ga_typed.alm_curvealmcorprates | Slice: 2026-04-08 09:15:18.790000 to 2026-05-13 16:45:47.950000,ADB,2026-05-15T09:01:25.000424Z
2026-05-13,CAD_Public_B-,EOD,ALM,AggregatedSpread,Bond,7y.CAD_Public_B,7y,7y,true,null,0.04278023,null,2026-05-13T16:30:06.197Z,null,1,Semi Annual,Act/Act,TRB,CAD,MODFOLLOWING,CreditSpread,2520,null,1064,7065942,1,3,9539,2026-04-30,2026-05-01T10:16:05.473Z,2026-05-14,2026-05-14T13:17:15.473Z,vcurvealmcorprates.csv,gwam_dev_ds.inv_ga_typed.alm_curvealmcorprates | Slice: 2026-04-08 09:15:18.790000 to 2026-05-13 16:45:47.950000,ADB,2026-05-15T09:01:25.000424Z
2026-05-13,CAD_Public_B-,EOD,ALM,AggregatedSpread,Bond,10y.CAD_Public_B,10y,10y,true,null,0.04002276,null,2026-05-13T16:30:06.197Z,null,1,Semi Annual,Act/Act,TRB,CAD,MODFOLLOWING,CreditSpread,3600,null,1065,7065942,1,3,9539,2026-04-30,2026-05-01T10:16:05.473Z,2026-05-14,2026-05-14T13:17:15.473Z,vcurvealmcorprates.csv,gwam_dev_ds.inv_ga_typed.alm_curvealmcorprates | Slice: 2026-04-08 09:15:18.790000 to 2026-05-13 16:45:47.950000,ADB,2026-05-15T09:01:25.000424Z
2026-05-13,CAD_Public_B-,EOD,ALM,AggregatedSpread,Bond,20y.CAD_Public_B,20y,20y,true,null,0.03464522,null,2026-05-13T16:30:06.197Z,null,1,Semi Annual,Act/Act,TRB,CAD,MODFOLLOWING,CreditSpread,7200,null,1066,7065942,1,3,9539,2026-04-30,2026-05-01T10:16:05.473Z,2026-05-14,2026-05-14T13:17:15.473Z,vcurvealmcorprates.csv,gwam_dev_ds.inv_ga_typed.alm_curvealmcorprates | Slice: 2026-04-08 09:15:18.790000 to 2026-05-13 16:45:47.950000,ADB,2026-05-15T09:01:25.000424Z
2026-05-13,CAD_Public_B-,EOD,ALM,AggregatedSpread,Bond,30y.CAD_Public_B,30y,30y,true,null,0.03300325,null,2026-05-13T16:30:06.197Z,null,1,Semi Annual,Act/Act,TRB,CAD,MODFOLLOWING,CreditSpread,10800,null,1067,7065942,1,3,9539,2026-04-30,2026-05-01T10:16:05.473Z,2026-05-14,2026-05-14T13:17:15.473Z,vcurvealmcorprates.csv,gwam_dev_ds.inv_ga_typed.alm_curvealmcorprates | Slice: 2026-04-08 09:15:18.790000 to 2026-05-13 16:45:47.950000,ADB,2026-05-15T09:01:25.000424Z
2026-05-13,PHP_Public_BBB,EOD,ALM,AggregatedSpread,Bond,10y.PHP_Public_BBB,10y,10y,true,null,0.00500000,null,2026-05-13T16:30:06.197Z,null,0,null,Act/360,MNB,PHP,MODFOLLOWING,CreditSpread,3600,null,3408,7065994,1,3,3520,2026-04-30,2026-05-01T10:22:33.253Z,2026-05-14,2026-05-14T13:17:15.473Z,vcurvealmcorprates.csv,gwam_dev_ds.inv_ga_typed.alm_curvealmcorprates | Slice: 2026-04-08 09:15:18.790000 to 2026-05-13 16:45:47.950000,ADB,2026-05-15T09:01:25.000424Z
2026-05-13,PHP_Public_BBB,EOD,ALM,AggregatedSpread,Bond,1y.PHP_Public_BBB,1y,1y,true,null,0.00500000,null,2026-05-13T16:30:06.197Z,null,0,null,Act/360,MNB,PHP,MODFOLLOWING,CreditSpread,360,null,3639,7065994,1,3,3520,2026-04-30,2026-05-01T10:22:33.253Z,2026-05-14,2026-05-14T13:17:15.473Z,vcurvealmcorprates.csv,gwam_dev_ds.inv_ga_typed.alm_curvealmcorprates | Slice: 2026-04-08 09:15:18.790000 to 2026-05-13 16:45:47.950000,ADB,2026-05-15T09:01:25.000424Z
2026-05-13,PHP_Public_BBB,EOD,ALM,AggregatedSpread,Bond,20y.PHP_Public_BBB,20y,20y,true,null,0.00500000,null,2026-05-13T16:30:06.197Z,null,0,null,Act/360,MNB,PHP,MODFOLLOWING,CreditSpread,7200,null,3839,7065994,1,3,3520,2026-04-30,2026-05-01T10:22:33.253Z,2026-05-14,2026-05-14T13:17:15.473Z,vcurvealmcorprates.csv,gwam_dev_ds.inv_ga_typed.alm_curvealmcorprates | Slice: 2026-04-08 09:15:18.790000 to 2026-05-13 16:45:47.950000,ADB,2026-05-15T09:01:25.000424Z
2026-05-13,PHP_Public_BBB,EOD,ALM,AggregatedSpread,Bond,2y.PHP_Public_BBB,2y,2y,true,null,0.00500000,null,2026-05-13T16:30:06.197Z,null,0,null,Act/360,MNB,PHP,MODFOLLOWING,CreditSpread,720,null,4049,7065994,1,3,3520,2026-04-30,2026-05-01T10:22:33.253Z,2026-05-14,2026-05-14T13:17:15.473Z,vcurvealmcorprates.csv,gwam_dev_ds.inv_ga_typed.alm_curvealmcorprates | Slice: 2026-04-08 09:15:18.790000 to 2026-05-13 16:45:47.950000,ADB,2026-05-15T09:01:25.000424Z
2026-05-13,PHP_Public_BBB,EOD,ALM,AggregatedSpread,Bond,30y.PHP_Public_BBB,30y,30y,true,null,0.00500000,null,2026-05-13T16:30:06.197Z,null,0,null,Act/360,MNB,PHP,MODFOLLOWING,CreditSpread,10800,null,4248,7065994,1,3,3520,2026-04-30,2026-05-01T10:22:33.253Z,2026-05-14,2026-05-14T13:17:15.473Z,vcurvealmcorprates.csv,gwam_dev_ds.inv_ga_typed.alm_curvealmcorprates | Slice: 2026-04-08 09:15:18.790000 to 2026-05-13 16:45:47.950000,ADB,2026-05-15T09:01:25.000424Z
2026-05-13,PHP_Public_BBB,EOD,ALM,AggregatedSpread,Cash,3m.PHP_Public_BBB,3m,3m,true,null,0.00500000,null,2026-05-13T16:30:06.197Z,null,0,null,Act/360,MNB,PHP,MODFOLLOWING,CreditSpread,90,null,4447,7065994,1,3,3520,2026-04-30,2026-05-01T10:22:33.253Z,2026-05-14,2026-05-14T13:17:15.473Z,vcurvealmcorprates.csv,gwam_dev_ds.inv_ga_typed.alm_curvealmcorprates | Slice: 2026-04-08 09:15:18.790000 to 2026-05-13 16:45:47.950000,ADB,2026-05-15T09:01:25.000424Z
2026-05-13,PHP_Public_BBB,EOD,ALM,AggregatedSpread,Bond,3y.PHP_Public_BBB,3y,3y,true,null,0.00500000,null,2026-05-13T16:30:06.197Z,null,0,null,Act/360,MNB,PHP,MODFOLLOWING,CreditSpread,1080,null,4646,7065994,1,3,3520,2026-04-30,2026-05-01T10:22:33.253Z,2026-05-14,2026-05-14T13:17:15.473Z,vcurvealmcorprates.csv,gwam_dev_ds.inv_ga_typed.alm_curvealmcorprates | Slice: 2026-04-08 09:15:18.790000 to 2026-05-13 16:45:47.950000,ADB,2026-05-15T09:01:25.000424Z
2026-05-13,PHP_Public_BBB,EOD,ALM,AggregatedSpread,Bond,5y.PHP_Public_BBB,5y,5y,true,null,0.00500000,null,2026-05-13T16:30:06.197Z,null,0,null,Act/360,MNB,PHP,MODFOLLOWING,CreditSpread,1800,null,4854,7065994,1,3,3520,2026-04-30,2026-05-01T10:22:33.253Z,2026-05-14,2026-05-14T13:17:15.473Z,vcurvealmcorprates.csv,gwam_dev_ds.inv_ga_typed.alm_curvealmcorprates | Slice: 2026-04-08 09:15:18.790000 to 2026-05-13 16:45:47.950000,ADB,2026-05-15T09:01:25.000424Z
2026-05-13,PHP_Public_BBB,EOD,ALM,AggregatedSpread,Cash,6m.PHP_Public_BBB,6m,6m,true,null,0.00500000,null,2026-05-13T16:30:06.197Z,null,0,null,Act/360,MNB,PHP,MODFOLLOWING,CreditSpread,180,null,5053,7065994,1,3,3520,2026-04-30,2026-05-01T10:22:33.253Z,2026-05-14,2026-05-14T13:17:15.473Z,vcurvealmcorprates.csv,gwam_dev_ds.inv_ga_typed.alm_curvealmcorprates | Slice: 2026-04-08 09:15:18.790000 to 2026-05-13 16:45:47.950000,ADB,2026-05-15T09:01:25.000424Z
2026-05-13,PHP_Public_BBB,EOD,ALM,AggregatedSpread,Bond,7y.PHP_Public_BBB,7y,7y,true,null,0.00500000,null,2026-05-13T16:30:06.197Z,null,0,null,Act/360,MNB,PHP,MODFOLLOWING,CreditSpread,2520,null,5256,7065994,1,3,3520,2026-04-30,2026-05-01T10:22:33.253Z,2026-05-14,2026-05-14T13:17:15.473Z,vcurvealmcorprates.csv,gwam_dev_ds.inv_ga_typed.alm_curvealmcorprates | Slice: 2026-04-08 09:15:18.790000 to 2026-05-13 16:45:47.950000,ADB,2026-05-15T09:01:25.000424Z
2026-05-13,SGD_Public_A,EOD,ALM,AggregatedSpread,Bond,10y.SGD_Public_A,10y,10y,true,null,0.00497443,null,2026-05-13T16:30:06.197Z,null,0,null,Act/360,SIB,SGD,MODFOLLOWING,CreditSpread,3600,null,3434,7065999,1,3,3521,2026-04-30,2026-05-01T10:22:42Z,2026-05-14,2026-05-14T13:17:15.473Z,vcurvealmcorprates.csv,gwam_dev_ds.inv_ga_typed.alm_curvealmcorprates | Slice: 2026-04-08 09:15:18.790000 to 2026-05-13 16:45:47.950000,ADB,2026-05-15T09:01:25.000424Z
2026-05-13,SGD_Public_A,EOD,ALM,AggregatedSpread,Bond,1y.SGD_Public_A,1y,1y,true,null,0.00089808,null,2026-05-13T16:30:06.197Z,null,0,null,Act/360,SIB,SGD,MODFOLLOWING,CreditSpread,360,null,3665,7065999,1,3,3521,2026-04-30,2026-05-01T10:22:42Z,2026-05-14,2026-05-14T13:17:15.473Z,vcurvealmcorprates.csv,gwam_dev_ds.inv_ga_typed.alm_curvealmcorprates | Slice: 2026-04-08 09:15:18.790000 to 2026-05-13 16:45:47.950000,ADB,2026-05-15T09:01:25.000424Z
2026-05-13,SGD_Public_A,EOD,ALM,AggregatedSpread,Bond,20y.SGD_Public_A,20y,20y,true,null,0.00497443,null,2026-05-13T16:30:06.197Z,null,0,null,Act/360,SIB,SGD,MODFOLLOWING,CreditSpread,7200,null,3865,7065999,1,3,3521,2026-04-30,2026-05-01T10:22:42Z,2026-05-14,2026-05-14T13:17:15.473Z,vcurvealmcorprates.csv,gwam_dev_ds.inv_ga_typed.alm_curvealmcorprates | Slice: 2026-04-08 09:15:18.790000 to 2026-05-13 16:45:47.950000,ADB,2026-05-15T09:01:25.000424Z
2026-05-13,SGD_Public_A,EOD,ALM,AggregatedSpread,Bond,2y.SGD_Public_A,2y,2y,true,null,0.00089808,null,2026-05-13T16:30:06.197Z,null,0,null,Act/360,SIB,SGD,MODFOLLOWING,CreditSpread,720,null,4075,7065999,1,3,3521,2026-04-30,2026-05-01T10:22:42Z,2026-05-14,2026-05-14T13:17:15.473Z,vcurvealmcorprates.csv,gwam_dev_ds.inv_ga_typed.alm_curvealmcorprates | Slice: 2026-04-08 09:15:18.790000 to 2026-05-13 16:45:47.950000,ADB,2026-05-15T09:01:25.000424Z
2026-05-13,SGD_Public_A,EOD,ALM,AggregatedSpread,Bond,30y.SGD_Public_A,30y,30y,true,null,0.00497443,null,2026-05-13T16:30:06.197Z,null,0,null,Act/360,SIB,SGD,MODFOLLOWING,CreditSpread,10800,null,4274,7065999,1,3,3521,2026-04-30,2026-05-01T10:22:42Z,2026-05-14,2026-05-14T13:17:15.473Z,vcurvealmcorprates.csv,gwam_dev_ds.inv_ga_typed.alm_curvealmcorprates | Slice: 2026-04-08 09:15:18.790000 to 2026-05-13 16:45:47.950000,ADB,2026-05-15T09:01:25.000424Z
2026-05-13,SGD_Public_A,EOD,ALM,AggregatedSpread,Cash,3m.SGD_Public_A,3m,3m,true,null,0.00089808,null,2026-05-13T16:30:06.197Z,null,0,null,Act/360,SIB,SGD,MODFOLLOWING,CreditSpread,90,null,4473,7065999,1,3,3521,2026-04-30,2026-05-01T10:22:42Z,2026-05-14,2026-05-14T13:17:15.473Z,vcurvealmcorprates.csv,gwam_dev_ds.inv_ga_typed.alm_curvealmcorprates | Slice: 2026-04-08 09:15:18.790000 to 2026-05-13 16:45:47.950000,ADB,2026-05-15T09:01:25.000424Z
2026-05-13,SGD_Public_A,EOD,ALM,AggregatedSpread,Bond,3y.SGD_Public_A,3y,3y,true,null,0.00364864,null,2026-05-13T16:30:06.197Z,null,0,null,Act/360,SIB,SGD,MODFOLLOWING,CreditSpread,1080,null,4672,7065999,1,3,3521,2026-04-30,2026-05-01T10:22:42Z,2026-05-14,2026-05-14T13:17:15.473Z,vcurvealmcorprates.csv,gwam_dev_ds.inv_ga_typed.alm_curvealmcorprates | Slice: 2026-04-08 09:15:18.790000 to 2026-05-13 16:45:47.950000,ADB,2026-05-15T09:01:25.000424Z
2026-05-13,SGD_Public_A,EOD,ALM,AggregatedSpread,Bond,5y.SGD_Public_A,5y,5y,true,null,0.00364864,null,2026-05-13T16:30:06.197Z,null,0,null,Act/360,SIB,SGD,MODFOLLOWING,CreditSpread,1800,null,4880,7065999,1,3,3521,2026-04-30,2026-05-01T10:22:42Z,2026-05-14,2026-05-14T13:17:15.473Z,vcurvealmcorprates.csv,gwam_dev_ds.inv_ga_typed.alm_curvealmcorprates | Slice: 2026-04-08 09:15:18.790000 to 2026-05-13 16:45:47.950000,ADB,2026-05-15T09:01:25.000424Z
2026-05-13,SGD_Public_A,EOD,ALM,AggregatedSpread,Cash,6m.SGD_Public_A,6m,6m,true,null,0.00089808,null,2026-05-13T16:30:06.197Z,null,0,null,Act/360,SIB,SGD,MODFOLLOWING,CreditSpread,180,null,5079,7065999,1,3,3521,2026-04-30,2026-05-01T10:22:42Z,2026-05-14,2026-05-14T13:17:15.473Z,vcurvealmcorprates.csv,gwam_dev_ds.inv_ga_typed.alm_curvealmcorprates | Slice: 2026-04-08 09:15:18.790000 to 2026-05-13 16:45:47.950000,ADB,2026-05-15T09:01:25.000424Z
2026-05-13,SGD_Public_A,EOD,ALM,AggregatedSpread,Bond,7y.SGD_Public_A,7y,7y,true,null,0.00497443,null,2026-05-13T16:30:06.197Z,null,0,null,Act/360,SIB,SGD,MODFOLLOWING,CreditSpread,2520,null,5282,7065999,1,3,3521,2026-04-30,2026-05-01T10:22:42Z,2026-05-14,2026-05-14T13:17:15.473Z,vcurvealmcorprates.csv,gwam_dev_ds.inv_ga_typed.alm_curvealmcorprates | Slice: 2026-04-08 09:15:18.790000 to 2026-05-13 16:45:47.950000,ADB,2026-05-15T09:01:25.000424Z
2026-05-13,AUD_Public_AAA,EOD,ALM,AggregatedSpread,Bond,10y.AUD_Public_AAA,10y,10y,true,null,0.00569935,null,2026-05-13T16:30:06.197Z,null,0,null,Act/360,SYB,AUD,MODFOLLOWING,CreditSpread,3600,null,3297,7072858,1,3,3411,2026-05-05,2026-05-06T09:54:02.3Z,2026-05-14,2026-05-14T13:17:15.473Z,vcurvealmcorprates.csv,gwam_dev_ds.inv_ga_typed.alm_curvealmcorprates | Slice: 2026-04-08 09:15:18.790000 to 2026-05-13 16:45:47.950000,ADB,2026-05-15T09:01:25.000424Z
2026-05-13,AUD_Public_AAA,EOD,ALM,AggregatedSpread,Bond,1y.AUD_Public_AAA,1y,1y,true,null,0.00492149,null,2026-05-13T16:30:06.197Z,null,0,null,Act/360,SYB,AUD,MODFOLLOWING,CreditSpread,360,null,3529,7072858,1,3,3411,2026-05-05,2026-05-06T09:54:02.3Z,2026-05-14,2026-05-14T13:17:15.473Z,vcurvealmcorprates.csv,gwam_dev_ds.inv_ga_typed.alm_curvealmcorprates | Slice: 2026-04-08 09:15:18.790000 to 2026-05-13 16:45:47.950000,ADB,2026-05-15T09:01:25.000424Z
2026-05-13,AUD_Public_AAA,EOD,ALM,AggregatedSpread,Bond,20y.AUD_Public_AAA,20y,20y,true,null,0.00481355,null,2026-05-13T16:30:06.197Z,null,0,null,Act/360,SYB,AUD,MODFOLLOWING,CreditSpread,7200,null,3728,7072858,1,3,3411,2026-05-05,2026-05-06T09:54:02.3Z,2026-05-14,2026-05-14T13:17:15.473Z,vcurvealmcorprates.csv,gwam_dev_ds.inv_ga_typed.alm_curvealmcorprates | Slice: 2026-04-08 09:15:18.790000 to 2026-05-13 16:45:47.950000,ADB,2026-05-15T09:01:25.000424Z
2026-05-13,AUD_Public_AAA,EOD,ALM,AggregatedSpread,Bond,2y.AUD_Public_AAA,2y,2y,true,null,0.00483841,null,2026-05-13T16:30:06.197Z,null,0,null,Act/360,SYB,AUD,MODFOLLOWING,CreditSpread,720,null,3938,7072858,1,3,3411,2026-05-05,2026-05-06T09:54:02.3Z,2026-05-14,2026-05-14T13:17:15.473Z,vcurvealmcorprates.csv,gwam_dev_ds.inv_ga_typed.alm_curvealmcorprates | Slice: 2026-04-08 09:15:18.790000 to 2026-05-13 16:45:47.950000,ADB,2026-05-15T09:01:25.000424Z
2026-05-13,AUD_Public_AAA,EOD,ALM,AggregatedSpread,Bond,30y.AUD_Public_AAA,30y,30y,true,null,0.00481355,null,2026-05-13T16:30:06.197Z,null,0,null,Act/360,SYB,AUD,MODFOLLOWING,CreditSpread,10800,null,4137,7072858,1,3,3411,2026-05-05,2026-05-06T09:54:02.3Z,2026-05-14,2026-05-14T13:17:15.473Z,vcurvealmcorprates.csv,gwam_dev_ds.inv_ga_typed.alm_curvealmcorprates | Slice: 2026-04-08 09:15:18.790000 to 2026-05-13 16:45:47.950000,ADB,2026-05-15T09:01:25.000424Z
2026-05-13,USD_Public_AAA,EOD,ALM,AggregatedSpread,Cash,3m.USD_Public_AAA,3m,3m,true,null,0.00018211,null,2026-05-13T16:30:06.197Z,null,0,Annual,Act/360,NYB,USD,MODFOLLOWING,CreditSpread,90,null,1338,7072819,2,3,7429,2026-05-05,2026-05-06T09:53:53.443Z,2026-05-14,2026-05-14T13:17:15.473Z,vcurvealmcorprates.csv,gwam_dev_ds.inv_ga_typed.alm_curvealmcorprates | Slice: 2026-04-08 09:15:18.790000 to 2026-05-13 16:45:47.950000,ADB,2026-05-15T09:01:25.000424Z
2026-05-13,USD_Public_AAA,EOD,ALM,AggregatedSpread,Cash,6m.USD_Public_AAA,6m,6m,true,null,0.00018211,null,2026-05-13T16:30:06.197Z,null,0,Annual,Act/360,NYB,USD,MODFOLLOWING,CreditSpread,180,null,1339,7072819,2,3,7429,2026-05-05,2026-05-06T09:53:53.443Z,2026-05-14,2026-05-14T13:17:15.473Z,vcurvealmcorprates.csv,gwam_dev_ds.inv_ga_typed.alm_curvealmcorprates | Slice: 2026-04-08 09:15:18.790000 to 2026-05-13 16:45:47.950000,ADB,2026-05-15T09:01:25.000424Z
2026-05-13,USD_Public_AAA,EOD,ALM,AggregatedSpread,Cash,1y.USD_Public_AAA,1y,1y,true,null,0.00018211,null,2026-05-13T16:30:06.197Z,null,1,Semi Annual,ACT/ACT,NYB,USD,MODFOLLOWING,CreditSpread,360,null,1340,7072819,2,3,7429,2026-05-05,2026-05-06T09:53:53.443Z,2026-05-14,2026-05-14T13:17:15.473Z,vcurvealmcorprates.csv,gwam_dev_ds.inv_ga_typed.alm_curvealmcorprates | Slice: 2026-04-08 09:15:18.790000 to 2026-05-13 16:45:47.950000,ADB,2026-05-15T09:01:25.000424Z
2026-05-13,USD_Public_AAA,EOD,ALM,AggregatedSpread,Bond,2y.USD_Public_AAA,2y,2y,true,null,0.00082667,null,2026-05-13T16:30:06.197Z,null,1,Semi Annual,ACT/ACT,NYB,USD,MODFOLLOWING,CreditSpread,720,null,1341,7072819,2,3,7429,2026-05-05,2026-05-06T09:53:53.443Z,2026-05-14,2026-05-14T13:17:15.473Z,vcurvealmcorprates.csv,gwam_dev_ds.inv_ga_typed.alm_curvealmcorprates | Slice: 2026-04-08 09:15:18.790000 to 2026-05-13 16:45:47.950000,ADB,2026-05-15T09:01:25.000424Z
2026-05-13,USD_Public_AAA,EOD,ALM,AggregatedSpread,Bond,3y.USD_Public_AAA,3y,3y,true,null,0.00140812,null,2026-05-13T16:30:06.197Z,null,1,Semi Annual,ACT/ACT,NYB,USD,MODFOLLOWING,CreditSpread,1080,null,1342,7072819,2,3,7429,2026-05-05,2026-05-06T09:53:53.443Z,2026-05-14,2026-05-14T13:17:15.473Z,vcurvealmcorprates.csv,gwam_dev_ds.inv_ga_typed.alm_curvealmcorprates | Slice: 2026-04-08 09:15:18.790000 to 2026-05-13 16:45:47.950000,ADB,2026-05-15T09:01:25.000424Z
2026-05-13,USD_Public_AAA,EOD,ALM,AggregatedSpread,Bond,5y.USD_Public_AAA,5y,5y,true,null,0.00239416,null,2026-05-13T16:30:06.197Z,null,1,Semi Annual,ACT/ACT,NYB,USD,MODFOLLOWING,CreditSpread,1800,null,1343,7072819,2,3,7429,2026-05-05,2026-05-06T09:53:53.443Z,2026-05-14,2026-05-14T13:17:15.473Z,vcurvealmcorprates.csv,gwam_dev_ds.inv_ga_typed.alm_curvealmcorprates | Slice: 2026-04-08 09:15:18.790000 to 2026-05-13 16:45:47.950000,ADB,2026-05-15T09:01:25.000424Z
2026-05-13,USD_Public_AAA,EOD,ALM,AggregatedSpread,Bond,7y.USD_Public_AAA,7y,7y,true,null,0.00316514,null,2026-05-13T16:30:06.197Z,null,1,Semi Annual,ACT/ACT,NYB,USD,MODFOLLOWING,CreditSpread,2520,null,1344,7072819,2,3,7429,2026-05-05,2026-05-06T09:53:53.443Z,2026-05-14,2026-05-14T13:17:15.473Z,vcurvealmcorprates.csv,gwam_dev_ds.inv_ga_typed.alm_curvealmcorprates | Slice: 2026-04-08 09:15:18.790000 to 2026-05-13 16:45:47.950000,ADB,2026-05-15T09:01:25.000424Z
2026-05-13,USD_Public_AAA,EOD,ALM,AggregatedSpread,Bond,10y.USD_Public_AAA,10y,10y,true,null,0.00397293,null,2026-05-13T16:30:06.197Z,null,1,Semi Annual,ACT/ACT,NYB,USD,MODFOLLOWING,CreditSpread,3600,null,1345,7072819,2,3,7429,2026-05-05,2026-05-06T09:53:53.443Z,2026-05-14,2026-05-14T13:17:15.473Z,vcurvealmcorprates.csv,gwam_dev_ds.inv_ga_typed.alm_curvealmcorprates | Slice: 2026-04-08 09:15:18.790000 to 2026-05-13 16:45:47.950000,ADB,2026-05-15T09:01:25.000424Z
2026-05-13,USD_Public_AAA,EOD,ALM,AggregatedSpread,Bond,20y.USD_Public_AAA,20y,20y,true,null,0.00430430,null,2026-05-13T16:30:06.197Z,null,1,Semi Annual,ACT/ACT,NYB,USD,MODFOLLOWING,CreditSpread,7200,null,1346,7072819,2,3,7429,2026-05-05,2026-05-06T09:53:53.443Z,2026-05-14,2026-05-14T13:17:15.473Z,vcurvealmcorprates.csv,gwam_dev_ds.inv_ga_typed.alm_curvealmcorprates | Slice: 2026-04-08 09:15:18.790000 to 2026-05-13 16:45:47.950000,ADB,2026-05-15T09:01:25.000424Z
2026-05-13,USD_Public_AAA,EOD,ALM,AggregatedSpread,Bond,30y.USD_Public_AAA,30y,30y,true,null,0.00463568,null,2026-05-13T16:30:06.197Z,null,1,Semi Annual,ACT/ACT,NYB,USD,MODFOLLOWING,CreditSpread,10800,null,1347,7072819,2,3,7429,2026-05-05,2026-05-06T09:53:53.443Z,2026-05-14,2026-05-14T13:17:15.473Z,vcurvealmcorprates.csv,gwam_dev_ds.inv_ga_typed.alm_curvealmcorprates | Slice: 2026-04-08 09:15:18.790000 to 2026-05-13 16:45:47.950000,ADB,2026-05-15T09:01:25.000424Z
2026-05-13,AUD_Public_AAA,EOD,ALM,AggregatedSpread,Cash,3m.AUD_Public_AAA,3m,3m,true,null,0.00492149,null,2026-05-13T16:30:06.197Z,null,0,null,Act/360,SYB,AUD,MODFOLLOWING,CreditSpread,90,null,4336,7072858,1,3,3411,2026-05-05,2026-05-06T09:54:02.3Z,2026-05-14,2026-05-14T13:17:15.473Z,vcurvealmcorprates.csv,gwam_dev_ds.inv_ga_typed.alm_curvealmcorprates | Slice: 2026-04-08 09:15:18.790000 to 2026-05-13 16:45:47.950000,ADB,2026-05-15T09:01:25.000424Z
2026-05-13,AUD_Public_AAA,EOD,ALM,AggregatedSpread,Bond,3y.AUD_Public_AAA,3y,3y,true,null,0.00481131,null,2026-05-13T16:30:06.197Z,null,0,null,Act/360,SYB,AUD,MODFOLLOWING,CreditSpread,1080,null,4535,7072858,1,3,3411,2026-05-05,2026-05-06T09:54:02.3Z,2026-05-14,2026-05-14T13:17:15.473Z,vcurvealmcorprates.csv,gwam_dev_ds.inv_ga_typed.alm_curvealmcorprates | Slice: 2026-04-08 09:15:18.790000 to 2026-05-13 16:45:47.950000,ADB,2026-05-15T09:01:25.000424Z
2026-05-13,AUD_Public_AAA,EOD,ALM,AggregatedSpread,Bond,5y.AUD_Public_AAA,5y,5y,true,null,0.00490176,null,2026-05-13T16:30:06.197Z,null,0,null,Act/360,SYB,AUD,MODFOLLOWING,CreditSpread,1800,null,4743,7072858,1,3,3411,2026-05-05,2026-05-06T09:54:02.3Z,2026-05-14,2026-05-14T13:17:15.473Z,vcurvealmcorprates.csv,gwam_dev_ds.inv_ga_typed.alm_curvealmcorprates | Slice: 2026-04-08 09:15:18.790000 to 2026-05-13 16:45:47.950000,ADB,2026-05-15T09:01:25.000424Z
2026-05-13,AUD_Public_AAA,EOD,ALM,AggregatedSpread,Cash,6m.AUD_Public_AAA,6m,6m,true,null,0.00492149,null,2026-05-13T16:30:06.197Z,null,0,null,Act/360,SYB,AUD,MODFOLLOWING,CreditSpread,180,null,4942,7072858,1,3,3411,2026-05-05,2026-05-06T09:54:02.3Z,2026-05-14,2026-05-14T13:17:15.473Z,vcurvealmcorprates.csv,gwam_dev_ds.inv_ga_typed.alm_curvealmcorprates | Slice: 2026-04-08 09:15:18.790000 to 2026-05-13 16:45:47.950000,ADB,2026-05-15T09:01:25.000424Z
2026-05-13,AUD_Public_AAA,EOD,ALM,AggregatedSpread,Bond,7y.AUD_Public_AAA,7y,7y,true,null,0.00514616,null,2026-05-13T16:30:06.197Z,null,0,null,Act/360,SYB,AUD,MODFOLLOWING,CreditSpread,2520,null,5145,7072858,1,3,3411,2026-05-05,2026-05-06T09:54:02.3Z,2026-05-14,2026-05-14T13:17:15.473Z,vcurvealmcorprates.csv,gwam_dev_ds.inv_ga_typed.alm_curvealmcorprates | Slice: 2026-04-08 09:15:18.790000 to 2026-05-13 16:45:47.950000,ADB,2026-05-15T09:01:25.000424Z
2026-05-13,CAD_Public_AAA,EOD,ALM,AggregatedSpread,Cash,3m.CAD_Public_AAA,3m,3m,true,null,0E-8,null,2026-05-13T16:30:06.197Z,null,0,Annual,Act/365,TRB,CAD,MODFOLLOWING,CreditSpread,90,null,1048,7068839,1,3,70,2026-05-01,2026-05-04T11:10:02.387Z,2026-05-14,2026-05-14T13:17:15.473Z,vcurvealmcorprates.csv,gwam_dev_ds.inv_ga_typed.alm_curvealmcorprates | Slice: 2026-04-08 09:15:18.790000 to 2026-05-13 16:45:47.950000,ADB,2026-05-15T09:01:25.000424Z
2026-05-13,CAD_Public_AAA,EOD,ALM,AggregatedSpread,Cash,6m.CAD_Public_AAA,6m,6m,true,null,0E-8,null,2026-05-13T16:30:06.197Z,null,0,Annual,Act/365,TRB,CAD,MODFOLLOWING,CreditSpread,180,null,1049,7068839,1,3,70,2026-05-01,2026-05-04T11:10:02.387Z,2026-05-14,2026-05-14T13:17:15.473Z,vcurvealmcorprates.csv,gwam_dev_ds.inv_ga_typed.alm_curvealmcorprates | Slice: 2026-04-08 09:15:18.790000 to 2026-05-13 16:45:47.950000,ADB,2026-05-15T09:01:25.000424Z
2026-05-13,CAD_Public_AAA,EOD,ALM,AggregatedSpread,Cash,1y.CAD_Public_AAA,1y,1y,true,null,0E-8,null,2026-05-13T16:30:06.197Z,null,0,Annual,Act/365,TRB,CAD,MODFOLLOWING,CreditSpread,360,null,1050,7068839,1,3,70,2026-05-01,2026-05-04T11:10:02.387Z,2026-05-14,2026-05-14T13:17:15.473Z,vcurvealmcorprates.csv,gwam_dev_ds.inv_ga_typed.alm_curvealmcorprates | Slice: 2026-04-08 09:15:18.790000 to 2026-05-13 16:45:47.950000,ADB,2026-05-15T09:01:25.000424Z
2026-05-13,CAD_Public_AAA,EOD,ALM,AggregatedSpread,Bond,2y.CAD_Public_AAA,2y,2y,true,null,0E-8,null,2026-05-13T16:30:06.197Z,null,1,Semi Annual,Act/Act,TRB,CAD,MODFOLLOWING,CreditSpread,720,null,1051,7068839,1,3,70,2026-05-01,2026-05-04T11:10:02.387Z,2026-05-14,2026-05-14T13:17:15.473Z,vcurvealmcorprates.csv,gwam_dev_ds.inv_ga_typed.alm_curvealmcorprates | Slice: 2026-04-08 09:15:18.790000 to 2026-05-13 16:45:47.950000,ADB,2026-05-15T09:01:25.000424Z
2026-05-13,CAD_Public_AAA,EOD,ALM,AggregatedSpread,Bond,3y.CAD_Public_AAA,3y,3y,true,null,0E-8,null,2026-05-13T16:30:06.197Z,null,1,Semi Annual,Act/Act,TRB,CAD,MODFOLLOWING,CreditSpread,1080,null,1052,7068839,1,3,70,2026-05-01,2026-05-04T11:10:02.387Z,2026-05-14,2026-05-14T13:17:15.473Z,vcurvealmcorprates.csv,gwam_dev_ds.inv_ga_typed.alm_curvealmcorprates | Slice: 2026-04-08 09:15:18.790000 to 2026-05-13 16:45:47.950000,ADB,2026-05-15T09:01:25.000424Z
2026-05-13,CAD_Public_AAA,EOD,ALM,AggregatedSpread,Bond,5y.CAD_Public_AAA,5y,5y,true,null,0E-8,null,2026-05-13T16:30:06.197Z,null,1,Semi Annual,Act/Act,TRB,CAD,MODFOLLOWING,CreditSpread,1800,null,1053,7068839,1,3,70,2026-05-01,2026-05-04T11:10:02.387Z,2026-05-14,2026-05-14T13:17:15.473Z,vcurvealmcorprates.csv,gwam_dev_ds.inv_ga_typed.alm_curvealmcorprates | Slice: 2026-04-08 09:15:18.790000 to 2026-05-13 16:45:47.950000,ADB,2026-05-15T09:01:25.000424Z
2026-05-13,CAD_Public_AAA,EOD,ALM,AggregatedSpread,Bond,7y.CAD_Public_AAA,7y,7y,true,null,0E-8,null,2026-05-13T16:30:06.197Z,null,1,Semi Annual,Act/Act,TRB,CAD,MODFOLLOWING,CreditSpread,2520,null,1054,7068839,1,3,70,2026-05-01,2026-05-04T11:10:02.387Z,2026-05-14,2026-05-14T13:17:15.473Z,vcurvealmcorprates.csv,gwam_dev_ds.inv_ga_typed.alm_curvealmcorprates | Slice: 2026-04-08 09:15:18.790000 to 2026-05-13 16:45:47.950000,ADB,2026-05-15T09:01:25.000424Z
2026-05-13,CAD_Public_AAA,EOD,ALM,AggregatedSpread,Bond,10y.CAD_Public_AAA,10y,10y,true,null,0E-8,null,2026-05-13T16:30:06.197Z,null,1,Semi Annual,Act/Act,TRB,CAD,MODFOLLOWING,CreditSpread,3600,null,1055,7068839,1,3,70,2026-05-01,2026-05-04T11:10:02.387Z,2026-05-14,2026-05-14T13:17:15.473Z,vcurvealmcorprates.csv,gwam_dev_ds.inv_ga_typed.alm_curvealmcorprates | Slice: 2026-04-08 09:15:18.790000 to 2026-05-13 16:45:47.950000,ADB,2026-05-15T09:01:25.000424Z
2026-05-13,CAD_Public_AAA,EOD,ALM,AggregatedSpread,Bond,20y.CAD_Public_AAA,20y,20y,true,null,0E-8,null,2026-05-13T16:30:06.197Z,null,1,Semi Annual,Act/Act,TRB,CAD,MODFOLLOWING,CreditSpread,7200,null,1056,7068839,1,3,70,2026-05-01,2026-05-04T11:10:02.387Z,2026-05-14,2026-05-14T13:17:15.473Z,vcurvealmcorprates.csv,gwam_dev_ds.inv_ga_typed.alm_curvealmcorprates | Slice: 2026-04-08 09:15:18.790000 to 2026-05-13 16:45:47.950000,ADB,2026-05-15T09:01:25.000424Z
2026-05-13,CAD_Public_AAA,EOD,ALM,AggregatedSpread,Bond,30y.CAD_Public_AAA,30y,30y,true,null,0E-8,null,2026-05-13T16:30:06.197Z,null,1,Semi Annual,Act/Act,TRB,CAD,MODFOLLOWING,CreditSpread,10800,null,1057,7068839,1,3,70,2026-05-01,2026-05-04T11:10:02.387Z,2026-05-14,2026-05-14T13:17:15.473Z,vcurvealmcorprates.csv,gwam_dev_ds.inv_ga_typed.alm_curvealmcorprates | Slice: 2026-04-08 09:15:18.790000 to 2026-05-13 16:45:47.950000,ADB,2026-05-15T09:01:25.000424Z
2026-05-13,EUR_Public_A+,EOD,ALM,AggregatedSpread,Bond,10y.EUR_Public_A+,10y,10y,true,null,0.00746504,null,2026-05-13T16:30:06.197Z,null,0,null,Act/360,ECU,EUR,MODFOLLOWING,CreditSpread,3600,null,3324,7068727,1,3,7479,2026-05-01,2026-05-04T10:23:30.133Z,2026-05-14,2026-05-14T13:17:15.473Z,vcurvealmcorprates.csv,gwam_dev_ds.inv_ga_typed.alm_curvealmcorprates | Slice: 2026-04-08 09:15:18.790000 to 2026-05-13 16:45:47.950000,ADB,2026-05-15T09:01:25.000424Z
2026-05-13,EUR_Public_A+,EOD,ALM,AggregatedSpread,Bond,1y.EUR_Public_A+,1y,1y,true,null,0.00337745,null,2026-05-13T16:30:06.197Z,null,0,null,Act/360,ECU,EUR,MODFOLLOWING,CreditSpread,360,null,3556,7068727,1,3,7479,2026-05-01,2026-05-04T10:23:30.133Z,2026-05-14,2026-05-14T13:17:15.473Z,vcurvealmcorprates.csv,gwam_dev_ds.inv_ga_typed.alm_curvealmcorprates | Slice: 2026-04-08 09:15:18.790000 to 2026-05-13 16:45:47.950000,ADB,2026-05-15T09:01:25.000424Z
2026-05-13,EUR_Public_A+,EOD,ALM,AggregatedSpread,Bond,20y.EUR_Public_A+,20y,20y,true,null,0.00823969,null,2026-05-13T16:30:06.197Z,null,0,null,Act/360,ECU,EUR,MODFOLLOWING,CreditSpread,7200,null,3755,7068727,1,3,7479,2026-05-01,2026-05-04T10:23:30.133Z,2026-05-14,2026-05-14T13:17:15.473Z,vcurvealmcorprates.csv,gwam_dev_ds.inv_ga_typed.alm_curvealmcorprates | Slice: 2026-04-08 09:15:18.790000 to 2026-05-13 16:45:47.950000,ADB,2026-05-15T09:01:25.000424Z
2026-05-13,EUR_Public_A+,EOD,ALM,AggregatedSpread,Bond,2y.EUR_Public_A+,2y,2y,true,null,0.00405531,null,2026-05-13T16:30:06.197Z,null,0,null,Act/360,ECU,EUR,MODFOLLOWING,CreditSpread,720,null,3965,7068727,1,3,7479,2026-05-01,2026-05-04T10:23:30.133Z,2026-05-14,2026-05-14T13:17:15.473Z,vcurvealmcorprates.csv,gwam_dev_ds.inv_ga_typed.alm_curvealmcorprates | Slice: 2026-04-08 09:15:18.790000 to 2026-05-13 16:45:47.950000,ADB,2026-05-15T09:01:25.000424Z
2026-05-13,EUR_Public_A+,EOD,ALM,AggregatedSpread,Bond,30y.EUR_Public_A+,30y,30y,true,null,0.00823969,null,2026-05-13T16:30:06.197Z,null,0,null,Act/360,ECU,EUR,MODFOLLOWING,CreditSpread,10800,null,4164,7068727,1,3,7479,2026-05-01,2026-05-04T10:23:30.133Z,2026-05-14,2026-05-14T13:17:15.473Z,vcurvealmcorprates.csv,gwam_dev_ds.inv_ga_typed.alm_curvealmcorprates | Slice: 2026-04-08 09:15:18.790000 to 2026-05-13 16:45:47.950000,ADB,2026-05-15T09:01:25.000424Z
2026-05-13,EUR_Public_A+,EOD,ALM,AggregatedSpread,Cash,3m.EUR_Public_A+,3m,3m,true,null,0.00337745,null,2026-05-13T16:30:06.197Z,null,0,null,Act/360,ECU,EUR,MODFOLLOWING,CreditSpread,90,null,4363,7068727,1,3,7479,2026-05-01,2026-05-04T10:23:30.133Z,2026-05-14,2026-05-14T13:17:15.473Z,vcurvealmcorprates.csv,gwam_dev_ds.inv_ga_typed.alm_curvealmcorprates | Slice: 2026-04-08 09:15:18.790000 to 2026-05-13 16:45:47.950000,ADB,2026-05-15T09:01:25.000424Z
2026-05-13,EUR_Public_A+,EOD,ALM,AggregatedSpread,Bond,3y.EUR_Public_A+,3y,3y,true,null,0.00467015,null,2026-05-13T16:30:06.197Z,null,0,null,Act/360,ECU,EUR,MODFOLLOWING,CreditSpread,1080,null,4562,7068727,1,3,7479,2026-05-01,2026-05-04T10:23:30.133Z,2026-05-14,2026-05-14T13:17:15.473Z,vcurvealmcorprates.csv,gwam_dev_ds.inv_ga_typed.alm_curvealmcorprates | Slice: 2026-04-08 09:15:18.790000 to 2026-05-13 16:45:47.950000,ADB,2026-05-15T09:01:25.000424Z
2026-05-13,EUR_Public_A+,EOD,ALM,AggregatedSpread,Bond,5y.EUR_Public_A+,5y,5y,true,null,0.00572296,null,2026-05-13T16:30:06.197Z,null,0,null,Act/360,ECU,EUR,MODFOLLOWING,CreditSpread,1800,null,4770,7068727,1,3,7479,2026-05-01,2026-05-04T10:23:30.133Z,2026-05-14,2026-05-14T13:17:15.473Z,vcurvealmcorprates.csv,gwam_dev_ds.inv_ga_typed.alm_curvealmcorprates | Slice: 2026-04-08 09:15:18.790000 to 2026-05-13 16:45:47.950000,ADB,2026-05-15T09:01:25.000424Z
2026-05-13,EUR_Public_A+,EOD,ALM,AggregatedSpread,Cash,6m.EUR_Public_A+,6m,6m,true,null,0.00337745,null,2026-05-13T16:30:06.197Z,null,0,null,Act/360,ECU,EUR,MODFOLLOWING,CreditSpread,180,null,4969,7068727,1,3,7479,2026-05-01,2026-05-04T10:23:30.133Z,2026-05-14,2026-05-14T13:17:15.473Z,vcurvealmcorprates.csv,gwam_dev_ds.inv_ga_typed.alm_curvealmcorprates | Slice: 2026-04-08 09:15:18.790000 to 2026-05-13 16:45:47.950000,ADB,2026-05-15T09:01:25.000424Z
2026-05-13,EUR_Public_A+,EOD,ALM,AggregatedSpread,Bond,7y.EUR_Public_A+,7y,7y,true,null,0.00656020,null,2026-05-13T16:30:06.197Z,null,0,null,Act/360,ECU,EUR,MODFOLLOWING,CreditSpread,2520,null,5172,7068727,1,3,7479,2026-05-01,2026-05-04T10:23:30.133Z,2026-05-14,2026-05-14T13:17:15.473Z,vcurvealmcorprates.csv,gwam_dev_ds.inv_ga_typed.alm_curvealmcorprates | Slice: 2026-04-08 09:15:18.790000 to 2026-05-13 16:45:47.950000,ADB,2026-05-15T09:01:25.000424Z
2026-05-13,EUR_Public_BBB+,EOD,ALM,AggregatedSpread,Bond,10y.EUR_Public_BBB+,10y,10y,true,null,0.01034856,null,2026-05-13T16:30:06.197Z,null,0,null,Act/360,ECU,EUR,MODFOLLOWING,CreditSpread,3600,null,3331,7068734,1,3,7486,2026-05-01,2026-05-04T10:23:30.133Z,2026-05-14,2026-05-14T13:17:15.473Z,vcurvealmcorprates.csv,gwam_dev_ds.inv_ga_typed.alm_curvealmcorprates | Slice: 2026-04-08 09:15:18.790000 to 2026-05-13 16:45:47.950000,ADB,2026-05-15T09:01:25.000424Z
2026-05-13,EUR_Public_BBB+,EOD,ALM,AggregatedSpread,Bond,1y.EUR_Public_BBB+,1y,1y,true,null,0.00478793,null,2026-05-13T16:30:06.197Z,null,0,null,Act/360,ECU,EUR,MODFOLLOWING,CreditSpread,360,null,3563,7068734,1,3,7486,2026-05-01,2026-05-04T10:23:30.133Z,2026-05-14,2026-05-14T13:17:15.473Z,vcurvealmcorprates.csv,gwam_dev_ds.inv_ga_typed.alm_curvealmcorprates | Slice: 2026-04-08 09:15:18.790000 to 2026-05-13 16:45:47.950000,ADB,2026-05-15T09:01:25.000424Z
2026-05-13,EUR_Public_BBB+,EOD,ALM,AggregatedSpread,Bond,20y.EUR_Public_BBB+,20y,20y,true,null,0.01047909,null,2026-05-13T16:30:06.197Z,null,0,null,Act/360,ECU,EUR,MODFOLLOWING,CreditSpread,7200,null,3762,7068734,1,3,7486,2026-05-01,2026-05-04T10:23:30.133Z,2026-05-14,2026-05-14T13:17:15.473Z,vcurvealmcorprates.csv,gwam_dev_ds.inv_ga_typed.alm_curvealmcorprates | Slice: 2026-04-08 09:15:18.790000 to 2026-05-13 16:45:47.950000,ADB,2026-05-15T09:01:25.000424Z
2026-05-13,EUR_Public_BBB+,EOD,ALM,AggregatedSpread,Bond,2y.EUR_Public_BBB+,2y,2y,true,null,0.00579660,null,2026-05-13T16:30:06.197Z,null,0,null,Act/360,ECU,EUR,MODFOLLOWING,CreditSpread,720,null,3972,7068734,1,3,7486,2026-05-01,2026-05-04T10:23:30.133Z,2026-05-14,2026-05-14T13:17:15.473Z,vcurvealmcorprates.csv,gwam_dev_ds.inv_ga_typed.alm_curvealmcorprates | Slice: 2026-04-08 09:15:18.790000 to 2026-05-13 16:45:47.950000,ADB,2026-05-15T09:01:25.000424Z
2026-05-13,EUR_Public_BBB+,EOD,ALM,AggregatedSpread,Bond,30y.EUR_Public_BBB+,30y,30y,true,null,0.01047909,null,2026-05-13T16:30:06.197Z,null,0,null,Act/360,ECU,EUR,MODFOLLOWING,CreditSpread,10800,null,4171,7068734,1,3,7486,2026-05-01,2026-05-04T10:23:30.133Z,2026-05-14,2026-05-14T13:17:15.473Z,vcurvealmcorprates.csv,gwam_dev_ds.inv_ga_typed.alm_curvealmcorprates | Slice: 2026-04-08 09:15:18.790000 to 2026-05-13 16:45:47.950000,ADB,2026-05-15T09:01:25.000424Z
2026-05-13,EUR_Public_BBB+,EOD,ALM,AggregatedSpread,Cash,3m.EUR_Public_BBB+,3m,3m,true,null,0.00478793,null,2026-05-13T16:30:06.197Z,null,0,null,Act/360,ECU,EUR,MODFOLLOWING,CreditSpread,90,null,4370,7068734,1,3,7486,2026-05-01,2026-05-04T10:23:30.133Z,2026-05-14,2026-05-14T13:17:15.473Z,vcurvealmcorprates.csv,gwam_dev_ds.inv_ga_typed.alm_curvealmcorprates | Slice: 2026-04-08 09:15:18.790000 to 2026-05-13 16:45:47.950000,ADB,2026-05-15T09:01:25.000424Z
2026-05-13,EUR_Public_BBB+,EOD,ALM,AggregatedSpread,Bond,3y.EUR_Public_BBB+,3y,3y,true,null,0.00670047,null,2026-05-13T16:30:06.197Z,null,0,null,Act/360,ECU,EUR,MODFOLLOWING,CreditSpread,1080,null,4569,7068734,1,3,7486,2026-05-01,2026-05-04T10:23:30.133Z,2026-05-14,2026-05-14T13:17:15.473Z,vcurvealmcorprates.csv,gwam_dev_ds.inv_ga_typed.alm_curvealmcorprates | Slice: 2026-04-08 09:15:18.790000 to 2026-05-13 16:45:47.950000,ADB,2026-05-15T09:01:25.000424Z
2026-05-13,EUR_Public_BBB+,EOD,ALM,AggregatedSpread,Bond,5y.EUR_Public_BBB+,5y,5y,true,null,0.00820598,null,2026-05-13T16:30:06.197Z,null,0,null,Act/360,ECU,EUR,MODFOLLOWING,CreditSpread,1800,null,4777,7068734,1,3,7486,2026-05-01,2026-05-04T10:23:30.133Z,2026-05-14,2026-05-14T13:17:15.473Z,vcurvealmcorprates.csv,gwam_dev_ds.inv_ga_typed.alm_curvealmcorprates | Slice: 2026-04-08 09:15:18.790000 to 2026-05-13 16:45:47.950000,ADB,2026-05-15T09:01:25.000424Z
2026-05-13,EUR_Public_BBB+,EOD,ALM,AggregatedSpread,Cash,6m.EUR_Public_BBB+,6m,6m,true,null,0.00478793,null,2026-05-13T16:30:06.197Z,null,0,null,Act/360,ECU,EUR,MODFOLLOWING,CreditSpread,180,null,4976,7068734,1,3,7486,2026-05-01,2026-05-04T10:23:30.133Z,2026-05-14,2026-05-14T13:17:15.473Z,vcurvealmcorprates.csv,gwam_dev_ds.inv_ga_typed.alm_curvealmcorprates | Slice: 2026-04-08 09:15:18.790000 to 2026-05-13 16:45:47.950000,ADB,2026-05-15T09:01:25.000424Z
2026-05-13,EUR_Public_BBB+,EOD,ALM,AggregatedSpread,Bond,7y.EUR_Public_BBB+,7y,7y,true,null,0.00932877,null,2026-05-13T16:30:06.197Z,null,0,null,Act/360,ECU,EUR,MODFOLLOWING,CreditSpread,2520,null,5179,7068734,1,3,7486,2026-05-01,2026-05-04T10:23:30.133Z,2026-05-14,2026-05-14T13:17:15.473Z,vcurvealmcorprates.csv,gwam_dev_ds.inv_ga_typed.alm_curvealmcorprates | Slice: 2026-04-08 09:15:18.790000 to 2026-05-13 16:45:47.950000,ADB,2026-05-15T09:01:25.000424Z
2026-05-13,ADB_ADB.CNY_Public_A+,EOD,ALM,AggregatedSpread,Cash,3m.ADB_ADB.CNY_Public_A+,3m,3m,true,null,0.00294793,null,2026-05-13T16:30:06.197Z,null,0,null,Act/360,NYB,ADB,MODFOLLOWING,CreditSpread,90,null,8494,7072921,1,3,9797,2026-05-05,2026-05-06T10:30:37.44Z,2026-05-14,2026-05-14T13:17:15.473Z,vcurvealmcorprates.csv,gwam_dev_ds.inv_ga_typed.alm_curvealmcorprates | Slice: 2026-04-08 09:15:18.790000 to 2026-05-13 16:45:47.950000,ADB,2026-05-15T09:01:25.000424Z
2026-05-13,ADB_ADB.CNY_Public_A+,EOD,ALM,AggregatedSpread,Cash,6m.ADB_ADB.CNY_Public_A+,6m,6m,true,null,0.00294793,null,2026-05-13T16:30:06.197Z,null,0,null,Act/360,NYB,ADB,MODFOLLOWING,CreditSpread,180,null,8495,7072921,1,3,9797,2026-05-05,2026-05-06T10:30:37.44Z,2026-05-14,2026-05-14T13:17:15.473Z,vcurvealmcorprates.csv,gwam_dev_ds.inv_ga_typed.alm_curvealmcorprates | Slice: 2026-04-08 09:15:18.790000 to 2026-05-13 16:45:47.950000,ADB,2026-05-15T09:01:25.000424Z
2026-05-13,ADB_ADB.CNY_Public_A+,EOD,ALM,AggregatedSpread,Bond,1y.ADB_ADB.CNY_Public_A+,1y,1y,true,null,0.00294793,null,2026-05-13T16:30:06.197Z,null,0,null,Act/360,NYB,ADB,MODFOLLOWING,CreditSpread,360,null,8496,7072921,1,3,9797,2026-05-05,2026-05-06T10:30:37.44Z,2026-05-14,2026-05-14T13:17:15.473Z,vcurvealmcorprates.csv,gwam_dev_ds.inv_ga_typed.alm_curvealmcorprates | Slice: 2026-04-08 09:15:18.790000 to 2026-05-13 16:45:47.950000,ADB,2026-05-15T09:01:25.000424Z
2026-05-13,ADB_ADB.CNY_Public_A+,EOD,ALM,AggregatedSpread,Bond,2y.ADB_ADB.CNY_Public_A+,2y,2y,true,null,0.00266636,null,2026-05-13T16:30:06.197Z,null,0,null,Act/360,NYB,ADB,MODFOLLOWING,CreditSpread,720,null,8497,7072921,1,3,9797,2026-05-05,2026-05-06T10:30:37.44Z,2026-05-14,2026-05-14T13:17:15.473Z,vcurvealmcorprates.csv,gwam_dev_ds.inv_ga_typed.alm_curvealmcorprates | Slice: 2026-04-08 09:15:18.790000 to 2026-05-13 16:45:47.950000,ADB,2026-05-15T09:01:25.000424Z
2026-05-13,ADB_ADB.CNY_Public_A+,EOD,ALM,AggregatedSpread,Bond,3y.ADB_ADB.CNY_Public_A+,3y,3y,true,null,0.00241775,null,2026-05-13T16:30:06.197Z,null,0,null,Act/360,NYB,ADB,MODFOLLOWING,CreditSpread,1080,null,8498,7072921,1,3,9797,2026-05-05,2026-05-06T10:30:37.44Z,2026-05-14,2026-05-14T13:17:15.473Z,vcurvealmcorprates.csv,gwam_dev_ds.inv_ga_typed.alm_curvealmcorprates | Slice: 2026-04-08 09:15:18.790000 to 2026-05-13 16:45:47.950000,ADB,2026-05-15T09:01:25.000424Z
2026-05-13,ADB_ADB.CNY_Public_A+,EOD,ALM,AggregatedSpread,Bond,5y.ADB_ADB.CNY_Public_A+,5y,5y,true,null,0.00218917,null,2026-05-13T16:30:06.197Z,null,0,null,Act/360,NYB,ADB,MODFOLLOWING,CreditSpread,1800,null,8499,7072921,1,3,9797,2026-05-05,2026-05-06T10:30:37.44Z,2026-05-14,2026-05-14T13:17:15.473Z,vcurvealmcorprates.csv,gwam_dev_ds.inv_ga_typed.alm_curvealmcorprates | Slice: 2026-04-08 09:15:18.790000 to 2026-05-13 16:45:47.950000,ADB,2026-05-15T09:01:25.000424Z
2026-05-13,ADB_ADB.CNY_Public_A+,EOD,ALM,AggregatedSpread,Bond,7y.ADB_ADB.CNY_Public_A+,7y,7y,true,null,0.00212082,null,2026-05-13T16:30:06.197Z,null,0,null,Act/360,NYB,ADB,MODFOLLOWING,CreditSpread,2520,null,8500,7072921,1,3,9797,2026-05-05,2026-05-06T10:30:37.44Z,2026-05-14,2026-05-14T13:17:15.473Z,vcurvealmcorprates.csv,gwam_dev_ds.inv_ga_typed.alm_curvealmcorprates | Slice: 2026-04-08 09:15:18.790000 to 2026-05-13 16:45:47.950000,ADB,2026-05-15T09:01:25.000424Z
2026-05-13,ADB_ADB.CNY_Public_A+,EOD,ALM,AggregatedSpread,Bond,10y.ADB_ADB.CNY_Public_A+,10y,10y,true,null,0.00226820,null,2026-05-13T16:30:06.197Z,null,0,null,Act/360,NYB,ADB,MODFOLLOWING,CreditSpread,3600,null,8501,7072921,1,3,9797,2026-05-05,2026-05-06T10:30:37.44Z,2026-05-14,2026-05-14T13:17:15.473Z,vcurvealmcorprates.csv,gwam_dev_ds.inv_ga_typed.alm_curvealmcorprates | Slice: 2026-04-08 09:15:18.790000 to 2026-05-13 16:45:47.950000,ADB,2026-05-15T09:01:25.000424Z
2026-05-13,ADB_ADB.CNY_Public_A+,EOD,ALM,AggregatedSpread,Bond,20y.ADB_ADB.CNY_Public_A+,20y,20y,true,null,0.00160238,null,2026-05-13T16:30:06.197Z,null,0,null,Act/360,NYB,ADB,MODFOLLOWING,CreditSpread,7200,null,8502,7072921,1,3,9797,2026-05-05,2026-05-06T10:30:37.44Z,2026-05-14,2026-05-14T13:17:15.473Z,vcurvealmcorprates.csv,gwam_dev_ds.inv_ga_typed.alm_curvealmcorprates | Slice: 2026-04-08 09:15:18.790000 to 2026-05-13 16:45:47.950000,ADB,2026-05-15T09:01:25.000424Z
2026-05-13,ADB_ADB.CNY_Public_A+,EOD,ALM,AggregatedSpread,Bond,30y.ADB_ADB.CNY_Public_A+,30y,30y,true,null,0.00101598,null,2026-05-13T16:30:06.197Z,null,0,null,Act/360,NYB,ADB,MODFOLLOWING,CreditSpread,10800,null,8503,7072921,1,3,9797,2026-05-05,2026-05-06T10:30:37.44Z,2026-05-14,2026-05-14T13:17:15.473Z,vcurvealmcorprates.csv,gwam_dev_ds.inv_ga_typed.alm_curvealmcorprates | Slice: 2026-04-08 09:15:18.790000 to 2026-05-13 16:45:47.950000,ADB,2026-05-15T09:01:25.000424Z
2026-05-13,GBP_Public_A,EOD,ALM,AggregatedSpread,Cash,3m.GBP_Public_A,3m,3m,true,null,0.00810865,null,2026-05-13T16:45:47.95Z,null,0,null,Act/360,LNB,GBP,MODFOLLOWING,CreditSpread,90,null,1862,7207357,1,3,3342,2026-05-13,2026-05-13T16:45:03.88Z,2026-05-14,2026-05-14T13:17:15.473Z,vcurvealmcorprates.csv,gwam_dev_ds.inv_ga_typed.alm_curvealmcorprates | Slice: 2026-04-08 09:15:18.790000 to 2026-05-13 16:45:47.950000,ADB,2026-05-15T09:01:25.000424Z
2026-05-13,GBP_Public_A,EOD,ALM,AggregatedSpread,Cash,6m.GBP_Public_A,6m,6m,true,null,0.00629434,null,2026-05-13T16:45:47.95Z,null,0,null,Act/360,LNB,GBP,MODFOLLOWING,CreditSpread,180,null,1863,7207357,1,3,3342,2026-05-13,2026-05-13T16:45:03.88Z,2026-05-14,2026-05-14T13:17:15.473Z,vcurvealmcorprates.csv,gwam_dev_ds.inv_ga_typed.alm_curvealmcorprates | Slice: 2026-04-08 09:15:18.790000 to 2026-05-13 16:45:47.950000,ADB,2026-05-15T09:01:25.000424Z
2026-05-13,GBP_Public_A,EOD,ALM,AggregatedSpread,Bond,1y.GBP_Public_A,1y,1y,true,null,0.00431696,null,2026-05-13T16:45:47.95Z,null,0,null,Act/360,LNB,GBP,MODFOLLOWING,CreditSpread,360,null,1864,7207357,1,3,3342,2026-05-13,2026-05-13T16:45:03.88Z,2026-05-14,2026-05-14T13:17:15.473Z,vcurvealmcorprates.csv,gwam_dev_ds.inv_ga_typed.alm_curvealmcorprates | Slice: 2026-04-08 09:15:18.790000 to 2026-05-13 16:45:47.950000,ADB,2026-05-15T09:01:25.000424Z
2026-05-13,GBP_Public_A,EOD,ALM,AggregatedSpread,Bond,2y.GBP_Public_A,2y,2y,true,null,0.00333062,null,2026-05-13T16:45:47.95Z,null,0,null,Act/360,LNB,GBP,MODFOLLOWING,CreditSpread,720,null,1865,7207357,1,3,3342,2026-05-13,2026-05-13T16:45:03.88Z,2026-05-14,2026-05-14T13:17:15.473Z,vcurvealmcorprates.csv,gwam_dev_ds.inv_ga_typed.alm_curvealmcorprates | Slice: 2026-04-08 09:15:18.790000 to 2026-05-13 16:45:47.950000,ADB,2026-05-15T09:01:25.000424Z
2026-05-13,USD_Public_AA-,EOD,ALM,AggregatedSpread,Cash,1y.USD_Public_AA-,1y,1y,true,null,0.00110359,null,2026-05-13T16:30:06.197Z,null,1,Semi Annual,ACT/ACT,NYB,USD,MODFOLLOWING,CreditSpread,360,null,1330,7072818,2,3,7428,2026-05-05,2026-05-06T09:53:53.443Z,2026-05-14,2026-05-14T13:17:15.473Z,vcurvealmcorprates.csv,gwam_dev_ds.inv_ga_typed.alm_curvealmcorprates | Slice: 2026-04-08 09:15:18.790000 to 2026-05-13 16:45:47.950000,ADB,2026-05-15T09:01:25.000424Z
2026-05-13,USD_Public_AA-,EOD,ALM,AggregatedSpread,Bond,2y.USD_Public_AA-,2y,2y,true,null,0.00176684,null,2026-05-13T16:30:06.197Z,null,1,Semi Annual,ACT/ACT,NYB,USD,MODFOLLOWING,CreditSpread,720,null,1331,7072818,2,3,7428,2026-05-05,2026-05-06T09:53:53.443Z,2026-05-14,2026-05-14T13:17:15.473Z,vcurvealmcorprates.csv,gwam_dev_ds.inv_ga_typed.alm_curvealmcorprates | Slice: 2026-04-08 09:15:18.790000 to 2026-05-13 16:45:47.950000,ADB,2026-05-15T09:01:25.000424Z
2026-05-13,USD_Public_AA-,EOD,ALM,AggregatedSpread,Bond,3y.USD_Public_AA-,3y,3y,true,null,0.00236628,null,2026-05-13T16:30:06.197Z,null,1,Semi Annual,ACT/ACT,NYB,USD,MODFOLLOWING,CreditSpread,1080,null,1332,7072818,2,3,7428,2026-05-05,2026-05-06T09:53:53.443Z,2026-05-14,2026-05-14T13:17:15.473Z,vcurvealmcorprates.csv,gwam_dev_ds.inv_ga_typed.alm_curvealmcorprates | Slice: 2026-04-08 09:15:18.790000 to 2026-05-13 16:45:47.950000,ADB,2026-05-15T09:01:25.000424Z
2026-05-13,USD_Public_AA-,EOD,ALM,AggregatedSpread,Bond,5y.USD_Public_AA-,5y,5y,true,null,0.00338617,null,2026-05-13T16:30:06.197Z,null,1,Semi Annual,ACT/ACT,NYB,USD,MODFOLLOWING,CreditSpread,1800,null,1333,7072818,2,3,7428,2026-05-05,2026-05-06T09:53:53.443Z,2026-05-14,2026-05-14T13:17:15.473Z,vcurvealmcorprates.csv,gwam_dev_ds.inv_ga_typed.alm_curvealmcorprates | Slice: 2026-04-08 09:15:18.790000 to 2026-05-13 16:45:47.950000,ADB,2026-05-15T09:01:25.000424Z
2026-05-13,USD_Public_AA-,EOD,ALM,AggregatedSpread,Bond,7y.USD_Public_AA-,7y,7y,true,null,0.00418819,null,2026-05-13T16:30:06.197Z,null,1,Semi Annual,ACT/ACT,NYB,USD,MODFOLLOWING,CreditSpread,2520,null,1334,7072818,2,3,7428,2026-05-05,2026-05-06T09:53:53.443Z,2026-05-14,2026-05-14T13:17:15.473Z,vcurvealmcorprates.csv,gwam_dev_ds.inv_ga_typed.alm_curvealmcorprates | Slice: 2026-04-08 09:15:18.790000 to 2026-05-13 16:45:47.950000,ADB,2026-05-15T09:01:25.000424Z
2026-05-13,USD_Public_AA-,EOD,ALM,AggregatedSpread,Bond,10y.USD_Public_AA-,10y,10y,true,null,0.00503721,null,2026-05-13T16:30:06.197Z,null,1,Semi Annual,ACT/ACT,NYB,USD,MODFOLLOWING,CreditSpread,3600,null,1335,7072818,2,3,7428,2026-05-05,2026-05-06T09:53:53.443Z,2026-05-14,2026-05-14T13:17:15.473Z,vcurvealmcorprates.csv,gwam_dev_ds.inv_ga_typed.alm_curvealmcorprates | Slice: 2026-04-08 09:15:18.790000 to 2026-05-13 16:45:47.950000,ADB,2026-05-15T09:01:25.000424Z
2026-05-13,USD_Public_AA-,EOD,ALM,AggregatedSpread,Bond,20y.USD_Public_AA-,20y,20y,true,null,0.00542467,null,2026-05-13T16:30:06.197Z,null,1,Semi Annual,ACT/ACT,NYB,USD,MODFOLLOWING,CreditSpread,7200,null,1336,7072818,2,3,7428,2026-05-05,2026-05-06T09:53:53.443Z,2026-05-14,2026-05-14T13:17:15.473Z,vcurvealmcorprates.csv,gwam_dev_ds.inv_ga_typed.alm_curvealmcorprates | Slice: 2026-04-08 09:15:18.790000 to 2026-05-13 16:45:47.950000,ADB,2026-05-15T09:01:25.000424Z
2026-05-13,USD_Public_AA-,EOD,ALM,AggregatedSpread,Bond,30y.USD_Public_AA-,30y,30y,true,null,0.00581214,null,2026-05-13T16:30:06.197Z,null,1,Semi Annual,ACT/ACT,NYB,USD,MODFOLLOWING,CreditSpread,10800,null,1337,7072818,2,3,7428,2026-05-05,2026-05-06T09:53:53.443Z,2026-05-14,2026-05-14T13:17:15.473Z,vcurvealmcorprates.csv,gwam_dev_ds.inv_ga_typed.alm_curvealmcorprates | Slice: 2026-04-08 09:15:18.790000 to 2026-05-13 16:45:47.950000,ADB,2026-05-15T09:01:25.000424Z
2026-05-13,USD_Public_AA-,EOD,ALM,AggregatedSpread,Cash,6m.USD_Public_AA-,6m,6m,true,null,0.00110359,null,2026-05-13T16:30:06.197Z,null,1,Annual,Act/360,NYB,USD,MODFOLLOWING,CreditSpread,180,null,1515,7072818,2,3,7428,2026-05-05,2026-05-06T09:53:53.443Z,2026-05-14,2026-05-14T13:17:15.473Z,vcurvealmcorprates.csv,gwam_dev_ds.inv_ga_typed.alm_curvealmcorprates | Slice: 2026-04-08 09:15:18.790000 to 2026-05-13 16:45:47.950000,ADB,2026-05-15T09:01:25.000424Z
2026-05-13,USD_Public_AA-,EOD,ALM,AggregatedSpread,Cash,3m.USD_Public_AA-,3m,3m,true,null,0.00110359,null,2026-05-13T16:30:06.197Z,null,1,Annual,Act/360,NYB,USD,MODFOLLOWING,CreditSpread,90,null,1531,7072818,2,3,7428,2026-05-05,2026-05-06T09:53:53.443Z,2026-05-14,2026-05-14T13:17:15.473Z,vcurvealmcorprates.csv,gwam_dev_ds.inv_ga_typed.alm_curvealmcorprates | Slice: 2026-04-08 09:15:18.790000 to 2026-05-13 16:45:47.950000,ADB,2026-05-15T09:01:25.000424Z
2026-05-13,ADB_ADB.ALL_Public_BBB,EOD,ALM,AggregatedSpread,Bond,10y.ADB_ADB.ALL_Public_BBB,10y,10y,true,null,0.00822269,null,2026-05-13T16:30:06.197Z,null,0,null,Act/360,NYB,ADB,MODFOLLOWING,CreditSpread,3600,null,3263,7072901,2,3,7447,2026-05-05,2026-05-06T10:22:25.443Z,2026-05-14,2026-05-14T13:17:15.473Z,vcurvealmcorprates.csv,gwam_dev_ds.inv_ga_typed.alm_curvealmcorprates | Slice: 2026-04-08 09:15:18.790000 to 2026-05-13 16:45:47.950000,ADB,2026-05-15T09:01:25.000424Z
2026-05-13,ADB_ADB.ALL_Public_BBB,EOD,ALM,AggregatedSpread,Bond,1y.ADB_ADB.ALL_Public_BBB,1y,1y,true,null,0.00598383,null,2026-05-13T16:30:06.197Z,null,0,null,Act/360,NYB,ADB,MODFOLLOWING,CreditSpread,360,null,3495,7072901,2,3,7447,2026-05-05,2026-05-06T10:22:25.443Z,2026-05-14,2026-05-14T13:17:15.473Z,vcurvealmcorprates.csv,gwam_dev_ds.inv_ga_typed.alm_curvealmcorprates | Slice: 2026-04-08 09:15:18.790000 to 2026-05-13 16:45:47.950000,ADB,2026-05-15T09:01:25.000424Z
2026-05-13,ADB_ADB.ALL_Public_BBB,EOD,ALM,AggregatedSpread,Bond,20y.ADB_ADB.ALL_Public_BBB,20y,20y,true,null,0.00833218,null,2026-05-13T16:30:06.197Z,null,0,null,Act/360,NYB,ADB,MODFOLLOWING,CreditSpread,7200,null,3694,7072901,2,3,7447,2026-05-05,2026-05-06T10:22:25.443Z,2026-05-14,2026-05-14T13:17:15.473Z,vcurvealmcorprates.csv,gwam_dev_ds.inv_ga_typed.alm_curvealmcorprates | Slice: 2026-04-08 09:15:18.790000 to 2026-05-13 16:45:47.950000,ADB,2026-05-15T09:01:25.000424Z
2026-05-13,ADB_ADB.ALL_Public_BBB,EOD,ALM,AggregatedSpread,Bond,2y.ADB_ADB.ALL_Public_BBB,2y,2y,true,null,0.00625097,null,2026-05-13T16:30:06.197Z,null,0,null,Act/360,NYB,ADB,MODFOLLOWING,CreditSpread,720,null,3904,7072901,2,3,7447,2026-05-05,2026-05-06T10:22:25.443Z,2026-05-14,2026-05-14T13:17:15.473Z,vcurvealmcorprates.csv,gwam_dev_ds.inv_ga_typed.alm_curvealmcorprates | Slice: 2026-04-08 09:15:18.790000 to 2026-05-13 16:45:47.950000,ADB,2026-05-15T09:01:25.000424Z
2026-05-13,ADB_ADB.ALL_Public_BBB,EOD,ALM,AggregatedSpread,Bond,30y.ADB_ADB.ALL_Public_BBB,30y,30y,true,null,0.00844167,null,2026-05-13T16:30:06.197Z,null,0,null,Act/360,NYB,ADB,MODFOLLOWING,CreditSpread,10800,null,4103,7072901,2,3,7447,2026-05-05,2026-05-06T10:22:25.443Z,2026-05-14,2026-05-14T13:17:15.473Z,vcurvealmcorprates.csv,gwam_dev_ds.inv_ga_typed.alm_curvealmcorprates | Slice: 2026-04-08 09:15:18.790000 to 2026-05-13 16:45:47.950000,ADB,2026-05-15T09:01:25.000424Z
2026-05-13,ADB_ADB.ALL_Public_BBB,EOD,ALM,AggregatedSpread,Cash,3m.ADB_ADB.ALL_Public_BBB,3m,3m,true,null,0.00598383,null,2026-05-13T16:30:06.197Z,null,0,null,Act/360,NYB,ADB,MODFOLLOWING,CreditSpread,90,null,4302,7072901,2,3,7447,2026-05-05,2026-05-06T10:22:25.443Z,2026-05-14,2026-05-14T13:17:15.473Z,vcurvealmcorprates.csv,gwam_dev_ds.inv_ga_typed.alm_curvealmcorprates | Slice: 2026-04-08 09:15:18.790000 to 2026-05-13 16:45:47.950000,ADB,2026-05-15T09:01:25.000424Z
2026-05-13,ADB_ADB.ALL_Public_BBB,EOD,ALM,AggregatedSpread,Bond,3y.ADB_ADB.ALL_Public_BBB,3y,3y,true,null,0.00651672,null,2026-05-13T16:30:06.197Z,null,0,null,Act/360,NYB,ADB,MODFOLLOWING,CreditSpread,1080,null,4501,7072901,2,3,7447,2026-05-05,2026-05-06T10:22:25.443Z,2026-05-14,2026-05-14T13:17:15.473Z,vcurvealmcorprates.csv,gwam_dev_ds.inv_ga_typed.alm_curvealmcorprates | Slice: 2026-04-08 09:15:18.790000 to 2026-05-13 16:45:47.950000,ADB,2026-05-15T09:01:25.000424Z
2026-05-13,ADB_ADB.ALL_Public_BBB,EOD,ALM,AggregatedSpread,Bond,5y.ADB_ADB.ALL_Public_BBB,5y,5y,true,null,0.00703859,null,2026-05-13T16:30:06.197Z,null,0,null,Act/360,NYB,ADB,MODFOLLOWING,CreditSpread,1800,null,4709,7072901,2,3,7447,2026-05-05,2026-05-06T10:22:25.443Z,2026-05-14,2026-05-14T13:17:15.473Z,vcurvealmcorprates.csv,gwam_dev_ds.inv_ga_typed.alm_curvealmcorprates | Slice: 2026-04-08 09:15:18.790000 to 2026-05-13 16:45:47.950000,ADB,2026-05-15T09:01:25.000424Z
2026-05-13,ADB_ADB.ALL_Public_BBB,EOD,ALM,AggregatedSpread,Cash,6m.ADB_ADB.ALL_Public_BBB,6m,6m,true,null,0.00598383,null,2026-05-13T16:30:06.197Z,null,0,null,Act/360,NYB,ADB,MODFOLLOWING,CreditSpread,180,null,4908,7072901,2,3,7447,2026-05-05,2026-05-06T10:22:25.443Z,2026-05-14,2026-05-14T13:17:15.473Z,vcurvealmcorprates.csv,gwam_dev_ds.inv_ga_typed.alm_curvealmcorprates | Slice: 2026-04-08 09:15:18.790000 to 2026-05-13 16:45:47.950000,ADB,2026-05-15T09:01:25.000424Z
2026-05-13,ADB_ADB.ALL_Public_BBB,EOD,ALM,AggregatedSpread,Bond,7y.ADB_ADB.ALL_Public_BBB,7y,7y,true,null,0.00753842,null,2026-05-13T16:30:06.197Z,null,0,null,Act/360,NYB,ADB,MODFOLLOWING,CreditSpread,2520,null,5111,7072901,2,3,7447,2026-05-05,2026-05-06T10:22:25.443Z,2026-05-14,2026-05-14T13:17:15.473Z,vcurvealmcorprates.csv,gwam_dev_ds.inv_ga_typed.alm_curvealmcorprates | Slice: 2026-04-08 09:15:18.790000 to 2026-05-13 16:45:47.950000,ADB,2026-05-15T09:01:25.000424Z
2026-05-13,IDR_Public_BB+,EOD,ALM,AggregatedSpread,Bond,10y.IDR_Public_BB+,10y,10y,true,null,0.00790000,null,2026-05-13T16:30:06.197Z,null,0,null,Act/360,JAB,IDR,MODFOLLOWING,CreditSpread,3600,null,3371,7065966,1,3,3488,2026-04-30,2026-05-01T10:22:10.877Z,2026-05-14,2026-05-14T13:17:15.473Z,vcurvealmcorprates.csv,gwam_dev_ds.inv_ga_typed.alm_curvealmcorprates | Slice: 2026-04-08 09:15:18.790000 to 2026-05-13 16:45:47.950000,ADB,2026-05-15T09:01:25.000424Z
2026-05-13,IDR_Public_BB+,EOD,ALM,AggregatedSpread,Bond,1y.IDR_Public_BB+,1y,1y,true,null,0.00790000,null,2026-05-13T16:30:06.197Z,null,0,null,Act/360,JAB,IDR,MODFOLLOWING,CreditSpread,360,null,3603,7065966,1,3,3488,2026-04-30,2026-05-01T10:22:10.877Z,2026-05-14,2026-05-14T13:17:15.473Z,vcurvealmcorprates.csv,gwam_dev_ds.inv_ga_typed.alm_curvealmcorprates | Slice: 2026-04-08 09:15:18.790000 to 2026-05-13 16:45:47.950000,ADB,2026-05-15T09:01:25.000424Z
2026-05-13,IDR_Public_BB+,EOD,ALM,AggregatedSpread,Bond,20y.IDR_Public_BB+,20y,20y,true,null,0.00790000,null,2026-05-13T16:30:06.197Z,null,0,null,Act/360,JAB,IDR,MODFOLLOWING,CreditSpread,7200,null,3802,7065966,1,3,3488,2026-04-30,2026-05-01T10:22:10.877Z,2026-05-14,2026-05-14T13:17:15.473Z,vcurvealmcorprates.csv,gwam_dev_ds.inv_ga_typed.alm_curvealmcorprates | Slice: 2026-04-08 09:15:18.790000 to 2026-05-13 16:45:47.950000,ADB,2026-05-15T09:01:25.000424Z
2026-05-13,IDR_Public_BB+,EOD,ALM,AggregatedSpread,Bond,2y.IDR_Public_BB+,2y,2y,true,null,0.00790000,null,2026-05-13T16:30:06.197Z,null,0,null,Act/360,JAB,IDR,MODFOLLOWING,CreditSpread,720,null,4012,7065966,1,3,3488,2026-04-30,2026-05-01T10:22:10.877Z,2026-05-14,2026-05-14T13:17:15.473Z,vcurvealmcorprates.csv,gwam_dev_ds.inv_ga_typed.alm_curvealmcorprates | Slice: 2026-04-08 09:15:18.790000 to 2026-05-13 16:45:47.950000,ADB,2026-05-15T09:01:25.000424Z
2026-05-13,IDR_Public_BB+,EOD,ALM,AggregatedSpread,Bond,30y.IDR_Public_BB+,30y,30y,true,null,0.00790000,null,2026-05-13T16:30:06.197Z,null,0,null,Act/360,JAB,IDR,MODFOLLOWING,CreditSpread,10800,null,4211,7065966,1,3,3488,2026-04-30,2026-05-01T10:22:10.877Z,2026-05-14,2026-05-14T13:17:15.473Z,vcurvealmcorprates.csv,gwam_dev_ds.inv_ga_typed.alm_curvealmcorprates | Slice: 2026-04-08 09:15:18.790000 to 2026-05-13 16:45:47.950000,ADB,2026-05-15T09:01:25.000424Z
2026-05-13,IDR_Public_BB+,EOD,ALM,AggregatedSpread,Cash,3m.IDR_Public_BB+,3m,3m,true,null,0.00790000,null,2026-05-13T16:30:06.197Z,null,0,null,Act/360,JAB,IDR,MODFOLLOWING,CreditSpread,90,null,4410,7065966,1,3,3488,2026-04-30,2026-05-01T10:22:10.877Z,2026-05-14,2026-05-14T13:17:15.473Z,vcurvealmcorprates.csv,gwam_dev_ds.inv_ga_typed.alm_curvealmcorprates | Slice: 2026-04-08 09:15:18.790000 to 2026-05-13 16:45:47.950000,ADB,2026-05-15T09:01:25.000424Z
2026-05-13,IDR_Public_BB+,EOD,ALM,AggregatedSpread,Bond,3y.IDR_Public_BB+,3y,3y,true,null,0.00790000,null,2026-05-13T16:30:06.197Z,null,0,null,Act/360,JAB,IDR,MODFOLLOWING,CreditSpread,1080,null,4609,7065966,1,3,3488,2026-04-30,2026-05-01T10:22:10.877Z,2026-05-14,2026-05-14T13:17:15.473Z,vcurvealmcorprates.csv,gwam_dev_ds.inv_ga_typed.alm_curvealmcorprates | Slice: 2026-04-08 09:15:18.790000 to 2026-05-13 16:45:47.950000,ADB,2026-05-15T09:01:25.000424Z
2026-05-13,IDR_Public_BB+,EOD,ALM,AggregatedSpread,Bond,5y.IDR_Public_BB+,5y,5y,true,null,0.00790000,null,2026-05-13T16:30:06.197Z,null,0,null,Act/360,JAB,IDR,MODFOLLOWING,CreditSpread,1800,null,4817,7065966,1,3,3488,2026-04-30,2026-05-01T10:22:10.877Z,2026-05-14,2026-05-14T13:17:15.473Z,vcurvealmcorprates.csv,gwam_dev_ds.inv_ga_typed.alm_curvealmcorprates | Slice: 2026-04-08 09:15:18.790000 to 2026-05-13 16:45:47.950000,ADB,2026-05-15T09:01:25.000424Z
2026-05-13,IDR_Public_BB+,EOD,ALM,AggregatedSpread,Cash,6m.IDR_Public_BB+,6m,6m,true,null,0.00790000,null,2026-05-13T16:30:06.197Z,null,0,null,Act/360,JAB,IDR,MODFOLLOWING,CreditSpread,180,null,5016,7065966,1,3,3488,2026-04-30,2026-05-01T10:22:10.877Z,2026-05-14,2026-05-14T13:17:15.473Z,vcurvealmcorprates.csv,gwam_dev_ds.inv_ga_typed.alm_curvealmcorprates | Slice: 2026-04-08 09:15:18.790000 to 2026-05-13 16:45:47.950000,ADB,2026-05-15T09:01:25.000424Z
2026-05-13,IDR_Public_BB+,EOD,ALM,AggregatedSpread,Bond,7y.IDR_Public_BB+,7y,7y,true,null,0.00790000,null,2026-05-13T16:30:06.197Z,null,0,null,Act/360,JAB,IDR,MODFOLLOWING,CreditSpread,2520,null,5219,7065966,1,3,3488,2026-04-30,2026-05-01T10:22:10.877Z,2026-05-14,2026-05-14T13:17:15.473Z,vcurvealmcorprates.csv,gwam_dev_ds.inv_ga_typed.alm_curvealmcorprates | Slice: 2026-04-08 09:15:18.790000 to 2026-05-13 16:45:47.950000,ADB,2026-05-15T09:01:25.000424Z
2026-05-13,IDR_Public_BBB-,EOD,ALM,AggregatedSpread,Bond,10y.IDR_Public_BBB-,10y,10y,true,null,0.00570000,null,2026-05-13T16:30:06.197Z,null,0,null,Act/360,JAB,IDR,MODFOLLOWING,CreditSpread,3600,null,3373,7065968,1,3,3490,2026-04-30,2026-05-01T10:22:10.877Z,2026-05-14,2026-05-14T13:17:15.473Z,vcurvealmcorprates.csv,gwam_dev_ds.inv_ga_typed.alm_curvealmcorprates | Slice: 2026-04-08 09:15:18.790000 to 2026-05-13 16:45:47.950000,ADB,2026-05-15T09:01:25.000424Z
2026-05-13,IDR_Public_BBB-,EOD,ALM,AggregatedSpread,Bond,1y.IDR_Public_BBB-,1y,1y,true,null,0.00570000,null,2026-05-13T16:30:06.197Z,null,0,null,Act/360,JAB,IDR,MODFOLLOWING,CreditSpread,360,null,3605,7065968,1,3,3490,2026-04-30,2026-05-01T10:22:10.877Z,2026-05-14,2026-05-14T13:17:15.473Z,vcurvealmcorprates.csv,gwam_dev_ds.inv_ga_typed.alm_curvealmcorprates | Slice: 2026-04-08 09:15:18.790000 to 2026-05-13 16:45:47.950000,ADB,2026-05-15T09:01:25.000424Z
2026-05-13,IDR_Public_BBB-,EOD,ALM,AggregatedSpread,Bond,20y.IDR_Public_BBB-,20y,20y,true,null,0.00570000,null,2026-05-13T16:30:06.197Z,null,0,null,Act/360,JAB,IDR,MODFOLLOWING,CreditSpread,7200,null,3804,7065968,1,3,3490,2026-04-30,2026-05-01T10:22:10.877Z,2026-05-14,2026-05-14T13:17:15.473Z,vcurvealmcorprates.csv,gwam_dev_ds.inv_ga_typed.alm_curvealmcorprates | Slice: 2026-04-08 09:15:18.790000 to 2026-05-13 16:45:47.950000,ADB,2026-05-15T09:01:25.000424Z
2026-05-13,IDR_Public_BBB-,EOD,ALM,AggregatedSpread,Bond,2y.IDR_Public_BBB-,2y,2y,true,null,0.00570000,null,2026-05-13T16:30:06.197Z,null,0,null,Act/360,JAB,IDR,MODFOLLOWING,CreditSpread,720,null,4014,7065968,1,3,3490,2026-04-30,2026-05-01T10:22:10.877Z,2026-05-14,2026-05-14T13:17:15.473Z,vcurvealmcorprates.csv,gwam_dev_ds.inv_ga_typed.alm_curvealmcorprates | Slice: 2026-04-08 09:15:18.790000 to 2026-05-13 16:45:47.950000,ADB,2026-05-15T09:01:25.000424Z
2026-05-13,IDR_Public_BBB-,EOD,ALM,AggregatedSpread,Bond,30y.IDR_Public_BBB-,30y,30y,true,null,0.00570000,null,2026-05-13T16:30:06.197Z,null,0,null,Act/360,JAB,IDR,MODFOLLOWING,CreditSpread,10800,null,4213,7065968,1,3,3490,2026-04-30,2026-05-01T10:22:10.877Z,2026-05-14,2026-05-14T13:17:15.473Z,vcurvealmcorprates.csv,gwam_dev_ds.inv_ga_typed.alm_curvealmcorprates | Slice: 2026-04-08 09:15:18.790000 to 2026-05-13 16:45:47.950000,ADB,2026-05-15T09:01:25.000424Z
2026-05-13,IDR_Public_BBB-,EOD,ALM,AggregatedSpread,Cash,3m.IDR_Public_BBB-,3m,3m,true,null,0.00570000,null,2026-05-13T16:30:06.197Z,null,0,null,Act/360,JAB,IDR,MODFOLLOWING,CreditSpread,90,null,4412,7065968,1,3,3490,2026-04-30,2026-05-01T10:22:10.877Z,2026-05-14,2026-05-14T13:17:15.473Z,vcurvealmcorprates.csv,gwam_dev_ds.inv_ga_typed.alm_curvealmcorprates | Slice: 2026-04-08 09:15:18.790000 to 2026-05-13 16:45:47.950000,ADB,2026-05-15T09:01:25.000424Z
2026-05-13,IDR_Public_BBB-,EOD,ALM,AggregatedSpread,Bond,3y.IDR_Public_BBB-,3y,3y,true,null,0.00570000,null,2026-05-13T16:30:06.197Z,null,0,null,Act/360,JAB,IDR,MODFOLLOWING,CreditSpread,1080,null,4611,7065968,1,3,3490,2026-04-30,2026-05-01T10:22:10.877Z,2026-05-14,2026-05-14T13:17:15.473Z,vcurvealmcorprates.csv,gwam_dev_ds.inv_ga_typed.alm_curvealmcorprates | Slice: 2026-04-08 09:15:18.790000 to 2026-05-13 16:45:47.950000,ADB,2026-05-15T09:01:25.000424Z
2026-05-13,IDR_Public_BBB-,EOD,ALM,AggregatedSpread,Bond,5y.IDR_Public_BBB-,5y,5y,true,null,0.00570000,null,2026-05-13T16:30:06.197Z,null,0,null,Act/360,JAB,IDR,MODFOLLOWING,CreditSpread,1800,null,4819,7065968,1,3,3490,2026-04-30,2026-05-01T10:22:10.877Z,2026-05-14,2026-05-14T13:17:15.473Z,vcurvealmcorprates.csv,gwam_dev_ds.inv_ga_typed.alm_curvealmcorprates | Slice: 2026-04-08 09:15:18.790000 to 2026-05-13 16:45:47.950000,ADB,2026-05-15T09:01:25.000424Z
2026-05-13,IDR_Public_BBB-,EOD,ALM,AggregatedSpread,Cash,6m.IDR_Public_BBB-,6m,6m,true,null,0.00570000,null,2026-05-13T16:30:06.197Z,null,0,null,Act/360,JAB,IDR,MODFOLLOWING,CreditSpread,180,null,5018,7065968,1,3,3490,2026-04-30,2026-05-01T10:22:10.877Z,2026-05-14,2026-05-14T13:17:15.473Z,vcurvealmcorprates.csv,gwam_dev_ds.inv_ga_typed.alm_curvealmcorprates | Slice: 2026-04-08 09:15:18.790000 to 2026-05-13 16:45:47.950000,ADB,2026-05-15T09:01:25.000424Z
2026-05-13,IDR_Public_BBB-,EOD,ALM,AggregatedSpread,Bond,7y.IDR_Public_BBB-,7y,7y,true,null,0.00570000,null,2026-05-13T16:30:06.197Z,null,0,null,Act/360,JAB,IDR,MODFOLLOWING,CreditSpread,2520,null,5221,7065968,1,3,3490,2026-04-30,2026-05-01T10:22:10.877Z,2026-05-14,2026-05-14T13:17:15.473Z,vcurvealmcorprates.csv,gwam_dev_ds.inv_ga_typed.alm_curvealmcorprates | Slice: 2026-04-08 09:15:18.790000 to 2026-05-13 16:45:47.950000,ADB,2026-05-15T09:01:25.000424Z
2026-05-13,USD_Public_B,EOD,ALM,AggregatedSpread,Cash,3m.USD_Public_B,3m,3m,true,null,0.02046951,null,2026-05-13T16:30:06.197Z,null,0,Annual,Act/360,NYB,USD,MODFOLLOWING,CreditSpread,90,null,1348,7072820,2,3,7430,2026-05-05,2026-05-06T09:53:53.443Z,2026-05-14,2026-05-14T13:17:15.473Z,vcurvealmcorprates.csv,gwam_dev_ds.inv_ga_typed.alm_curvealmcorprates | Slice: 2026-04-08 09:15:18.790000 to 2026-05-13 16:45:47.950000,ADB,2026-05-15T09:01:25.000424Z
2026-05-13,USD_Public_B,EOD,ALM,AggregatedSpread,Cash,6m.USD_Public_B,6m,6m,true,null,0.02046951,null,2026-05-13T16:30:06.197Z,null,0,Annual,Act/360,NYB,USD,MODFOLLOWING,CreditSpread,180,null,1349,7072820,2,3,7430,2026-05-05,2026-05-06T09:53:53.443Z,2026-05-14,2026-05-14T13:17:15.473Z,vcurvealmcorprates.csv,gwam_dev_ds.inv_ga_typed.alm_curvealmcorprates | Slice: 2026-04-08 09:15:18.790000 to 2026-05-13 16:45:47.950000,ADB,2026-05-15T09:01:25.000424Z
2026-05-13,USD_Public_B,EOD,ALM,AggregatedSpread,Cash,1y.USD_Public_B,1y,1y,true,null,0.02046951,null,2026-05-13T16:30:06.197Z,null,1,Semi Annual,ACT/ACT,NYB,USD,MODFOLLOWING,CreditSpread,360,null,1350,7072820,2,3,7430,2026-05-05,2026-05-06T09:53:53.443Z,2026-05-14,2026-05-14T13:17:15.473Z,vcurvealmcorprates.csv,gwam_dev_ds.inv_ga_typed.alm_curvealmcorprates | Slice: 2026-04-08 09:15:18.790000 to 2026-05-13 16:45:47.950000,ADB,2026-05-15T09:01:25.000424Z
2026-05-13,USD_Public_B,EOD,ALM,AggregatedSpread,Bond,2y.USD_Public_B,2y,2y,true,null,0.02323433,null,2026-05-13T16:30:06.197Z,null,1,Semi Annual,ACT/ACT,NYB,USD,MODFOLLOWING,CreditSpread,720,null,1351,7072820,2,3,7430,2026-05-05,2026-05-06T09:53:53.443Z,2026-05-14,2026-05-14T13:17:15.473Z,vcurvealmcorprates.csv,gwam_dev_ds.inv_ga_typed.alm_curvealmcorprates | Slice: 2026-04-08 09:15:18.790000 to 2026-05-13 16:45:47.950000,ADB,2026-05-15T09:01:25.000424Z
2026-05-13,USD_Public_B,EOD,ALM,AggregatedSpread,Bond,3y.USD_Public_B,3y,3y,true,null,0.02535711,null,2026-05-13T16:30:06.197Z,null,1,Semi Annual,ACT/ACT,NYB,USD,MODFOLLOWING,CreditSpread,1080,null,1352,7072820,2,3,7430,2026-05-05,2026-05-06T09:53:53.443Z,2026-05-14,2026-05-14T13:17:15.473Z,vcurvealmcorprates.csv,gwam_dev_ds.inv_ga_typed.alm_curvealmcorprates | Slice: 2026-04-08 09:15:18.790000 to 2026-05-13 16:45:47.950000,ADB,2026-05-15T09:01:25.000424Z
2026-05-13,USD_Public_B,EOD,ALM,AggregatedSpread,Bond,5y.USD_Public_B,5y,5y,true,null,0.02770748,null,2026-05-13T16:30:06.197Z,null,1,Semi Annual,ACT/ACT,NYB,USD,MODFOLLOWING,CreditSpread,1800,null,1353,7072820,2,3,7430,2026-05-05,2026-05-06T09:53:53.443Z,2026-05-14,2026-05-14T13:17:15.473Z,vcurvealmcorprates.csv,gwam_dev_ds.inv_ga_typed.alm_curvealmcorprates | Slice: 2026-04-08 09:15:18.790000 to 2026-05-13 16:45:47.950000,ADB,2026-05-15T09:01:25.000424Z
2026-05-13,USD_Public_B,EOD,ALM,AggregatedSpread,Bond,7y.USD_Public_B,7y,7y,true,null,0.02758242,null,2026-05-13T16:30:06.197Z,null,1,Semi Annual,ACT/ACT,NYB,USD,MODFOLLOWING,CreditSpread,2520,null,1354,7072820,2,3,7430,2026-05-05,2026-05-06T09:53:53.443Z,2026-05-14,2026-05-14T13:17:15.473Z,vcurvealmcorprates.csv,gwam_dev_ds.inv_ga_typed.alm_curvealmcorprates | Slice: 2026-04-08 09:15:18.790000 to 2026-05-13 16:45:47.950000,ADB,2026-05-15T09:01:25.000424Z
2026-05-13,USD_Public_B,EOD,ALM,AggregatedSpread,Bond,10y.USD_Public_B,10y,10y,true,null,0.02288856,null,2026-05-13T16:30:06.197Z,null,1,Semi Annual,ACT/ACT,NYB,USD,MODFOLLOWING,CreditSpread,3600,null,1355,7072820,2,3,7430,2026-05-05,2026-05-06T09:53:53.443Z,2026-05-14,2026-05-14T13:17:15.473Z,vcurvealmcorprates.csv,gwam_dev_ds.inv_ga_typed.alm_curvealmcorprates | Slice: 2026-04-08 09:15:18.790000 to 2026-05-13 16:45:47.950000,ADB,2026-05-15T09:01:25.000424Z
2026-05-13,USD_Public_B,EOD,ALM,AggregatedSpread,Bond,20y.USD_Public_B,20y,20y,true,null,0.02288856,null,2026-05-13T16:30:06.197Z,null,1,Semi Annual,ACT/ACT,NYB,USD,MODFOLLOWING,CreditSpread,7200,null,1356,7072820,2,3,7430,2026-05-05,2026-05-06T09:53:53.443Z,2026-05-14,2026-05-14T13:17:15.473Z,vcurvealmcorprates.csv,gwam_dev_ds.inv_ga_typed.alm_curvealmcorprates | Slice: 2026-04-08 09:15:18.790000 to 2026-05-13 16:45:47.950000,ADB,2026-05-15T09:01:25.000424Z
2026-05-13,USD_Public_B,EOD,ALM,AggregatedSpread,Bond,30y.USD_Public_B,30y,30y,true,null,0.02288856,null,2026-05-13T16:30:06.197Z,null,1,Semi Annual,ACT/ACT,NYB,USD,MODFOLLOWING,CreditSpread,10800,null,1357,7072820,2,3,7430,2026-05-05,2026-05-06T09:53:53.443Z,2026-05-14,2026-05-14T13:17:15.473Z,vcurvealmcorprates.csv,gwam_dev_ds.inv_ga_typed.alm_curvealmcorprates | Slice: 2026-04-08 09:15:18.790000 to 2026-05-13 16:45:47.950000,ADB,2026-05-15T09:01:25.000424Z
2026-05-13,MYR_Public_BBB,EOD,ALM,AggregatedSpread,Bond,3y.MYR_Public_BBB,3y,3y,true,null,0.00354000,null,2026-05-13T16:45:47.95Z,null,0,null,Act/360,KLB,MYR,MODFOLLOWING,CreditSpread,1080,null,1586,7207362,3,3,8580,2026-05-13,2026-05-13T16:45:03.88Z,2026-05-14,2026-05-14T13:17:15.473Z,vcurvealmcorprates.csv,gwam_dev_ds.inv_ga_typed.alm_curvealmcorprates | Slice: 2026-04-08 09:15:18.790000 to 2026-05-13 16:45:47.950000,ADB,2026-05-15T09:01:25.000424Z
2026-05-13,MYR_Public_BBB,EOD,ALM,AggregatedSpread,Bond,5y.MYR_Public_BBB,5y,5y,true,null,0.00279000,null,2026-05-13T16:45:47.95Z,null,0,null,Act/360,KLB,MYR,MODFOLLOWING,CreditSpread,1800,null,1587,7207362,3,3,8580,2026-05-13,2026-05-13T16:45:03.88Z,2026-05-14,2026-05-14T13:17:15.473Z,vcurvealmcorprates.csv,gwam_dev_ds.inv_ga_typed.alm_curvealmcorprates | Slice: 2026-04-08 09:15:18.790000 to 2026-05-13 16:45:47.950000,ADB,2026-05-15T09:01:25.000424Z
2026-05-13,MYR_Public_BBB,EOD,ALM,AggregatedSpread,Bond,7y.MYR_Public_BBB,7y,7y,true,null,0.00261000,null,2026-05-13T16:45:47.95Z,null,0,null,Act/360,KLB,MYR,MODFOLLOWING,CreditSpread,2520,null,1588,7207362,3,3,8580,2026-05-13,2026-05-13T16:45:03.88Z,2026-05-14,2026-05-14T13:17:15.473Z,vcurvealmcorprates.csv,gwam_dev_ds.inv_ga_typed.alm_curvealmcorprates | Slice: 2026-04-08 09:15:18.790000 to 2026-05-13 16:45:47.950000,ADB,2026-05-15T09:01:25.000424Z
2026-05-13,MYR_Public_BBB,EOD,ALM,AggregatedSpread,Bond,10y.MYR_Public_BBB,10y,10y,true,null,0.00224000,null,2026-05-13T16:45:47.95Z,null,0,null,Act/360,KLB,MYR,MODFOLLOWING,CreditSpread,3600,null,1589,7207362,3,3,8580,2026-05-13,2026-05-13T16:45:03.88Z,2026-05-14,2026-05-14T13:17:15.473Z,vcurvealmcorprates.csv,gwam_dev_ds.inv_ga_typed.alm_curvealmcorprates | Slice: 2026-04-08 09:15:18.790000 to 2026-05-13 16:45:47.950000,ADB,2026-05-15T09:01:25.000424Z
2026-05-13,MYR_Public_BBB,EOD,ALM,AggregatedSpread,Bond,20y.MYR_Public_BBB,20y,20y,true,null,0.00116000,null,2026-05-13T16:45:47.95Z,null,0,null,Act/360,KLB,MYR,MODFOLLOWING,CreditSpread,7200,null,1590,7207362,3,3,8580,2026-05-13,2026-05-13T16:45:03.88Z,2026-05-14,2026-05-14T13:17:15.473Z,vcurvealmcorprates.csv,gwam_dev_ds.inv_ga_typed.alm_curvealmcorprates | Slice: 2026-04-08 09:15:18.790000 to 2026-05-13 16:45:47.950000,ADB,2026-05-15T09:01:25.000424Z
2026-05-13,MYR_Public_BBB,EOD,ALM,AggregatedSpread,Bond,30y.MYR_Public_BBB,30y,30y,true,null,0.00116000,null,2026-05-13T16:45:47.95Z,null,0,null,Act/360,KLB,MYR,MODFOLLOWING,CreditSpread,10800,null,1591,7207362,3,3,8580,2026-05-13,2026-05-13T16:45:03.88Z,2026-05-14,2026-05-14T13:17:15.473Z,vcurvealmcorprates.csv,gwam_dev_ds.inv_ga_typed.alm_curvealmcorprates | Slice: 2026-04-08 09:15:18.790000 to 2026-05-13 16:45:47.950000,ADB,2026-05-15T09:01:25.000424Z
2026-05-13,MYR_Public_BBB,EOD,ALM,AggregatedSpread,Bond,15y.MYR_Public_BBB,15y,15y,true,null,0.00113000,null,2026-05-13T16:45:47.95Z,null,0,null,Act/360,KLB,MYR,MODFOLLOWING,CreditSpread,5400,null,3467,7207362,3,3,8580,2026-05-13,2026-05-13T16:45:03.88Z,2026-05-14,2026-05-14T13:17:15.473Z,vcurvealmcorprates.csv,gwam_dev_ds.inv_ga_typed.alm_curvealmcorprates | Slice: 2026-04-08 09:15:18.790000 to 2026-05-13 16:45:47.950000,ADB,2026-05-15T09:01:25.000424Z
2026-05-13,MYR_Public_BBB,EOD,ALM,AggregatedSpread,Cash,1m.MYR_Public_BBB_V3,1m,3y,true,null,0.00354000,null,2026-05-13T16:45:47.95Z,null,0,null,Act/360,KLB,MYR,MODFOLLOWING,CreditSpread,30,null,7447,7207362,3,3,8580,2026-05-13,2026-05-13T16:45:03.88Z,2026-05-14,2026-05-14T13:17:15.473Z,vcurvealmcorprates.csv,gwam_dev_ds.inv_ga_typed.alm_curvealmcorprates | Slice: 2026-04-08 09:15:18.790000 to 2026-05-13 16:45:47.950000,ADB,2026-05-15T09:01:25.000424Z
2026-05-13,MYR_Public_BBB,EOD,ALM,AggregatedSpread,Cash,3m.MYR_Public_BBB_V3,3m,3y,true,null,0.00354000,null,2026-05-13T16:45:47.95Z,null,0,null,Act/360,KLB,MYR,MODFOLLOWING,CreditSpread,90,null,7450,7207362,3,3,8580,2026-05-13,2026-05-13T16:45:03.88Z,2026-05-14,2026-05-14T13:17:15.473Z,vcurvealmcorprates.csv,gwam_dev_ds.inv_ga_typed.alm_curvealmcorprates | Slice: 2026-04-08 09:15:18.790000 to 2026-05-13 16:45:47.950000,ADB,2026-05-15T09:01:25.000424Z
2026-05-13,MYR_Public_BBB,EOD,ALM,AggregatedSpread,Cash,6m.MYR_Public_BBB_V3,6m,3y,true,null,0.00354000,null,2026-05-13T16:45:47.95Z,null,0,null,Act/360,KLB,MYR,MODFOLLOWING,CreditSpread,180,null,7453,7207362,3,3,8580,2026-05-13,2026-05-13T16:45:03.88Z,2026-05-14,2026-05-14T13:17:15.473Z,vcurvealmcorprates.csv,gwam_dev_ds.inv_ga_typed.alm_curvealmcorprates | Slice: 2026-04-08 09:15:18.790000 to 2026-05-13 16:45:47.950000,ADB,2026-05-15T09:01:25.000424Z
2026-05-13,MYR_Public_BBB,EOD,ALM,AggregatedSpread,Bond,1y.MYR_Public_BBB_V3,1y,3y,true,null,0.00354000,null,2026-05-13T16:45:47.95Z,null,0,null,Act/360,KLB,MYR,MODFOLLOWING,CreditSpread,360,null,7455,7207362,3,3,8580,2026-05-13,2026-05-13T16:45:03.88Z,2026-05-14,2026-05-14T13:17:15.473Z,vcurvealmcorprates.csv,gwam_dev_ds.inv_ga_typed.alm_curvealmcorprates | Slice: 2026-04-08 09:15:18.790000 to 2026-05-13 16:45:47.950000,ADB,2026-05-15T09:01:25.000424Z
2026-05-13,MYR_Public_BBB,EOD,ALM,AggregatedSpread,Bond,2y.MYR_Public_BBB_V3,2y,3y,true,null,0.00354000,null,2026-05-13T16:45:47.95Z,null,0,null,Act/360,KLB,MYR,MODFOLLOWING,CreditSpread,720,null,7459,7207362,3,3,8580,2026-05-13,2026-05-13T16:45:03.88Z,2026-05-14,2026-05-14T13:17:15.473Z,vcurvealmcorprates.csv,gwam_dev_ds.inv_ga_typed.alm_curvealmcorprates | Slice: 2026-04-08 09:15:18.790000 to 2026-05-13 16:45:47.950000,ADB,2026-05-15T09:01:25.000424Z
2026-05-13,ADB_ADB.CNY_Public_AA-,EOD,ALM,AggregatedSpread,Cash,3m.ADB_ADB.CNY_Public_AA-,3m,3m,true,null,0.00100655,null,2026-05-13T16:30:06.197Z,null,0,null,Act/360,NYB,ADB,MODFOLLOWING,CreditSpread,90,null,8524,7072922,1,3,9798,2026-05-05,2026-05-06T10:30:37.44Z,2026-05-14,2026-05-14T13:17:15.473Z,vcurvealmcorprates.csv,gwam_dev_ds.inv_ga_typed.alm_curvealmcorprates | Slice: 2026-04-08 09:15:18.790000 to 2026-05-13 16:45:47.950000,ADB,2026-05-15T09:01:25.000424Z
2026-05-13,ADB_ADB.CNY_Public_AA-,EOD,ALM,AggregatedSpread,Cash,6m.ADB_ADB.CNY_Public_AA-,6m,6m,true,null,0.00100655,null,2026-05-13T16:30:06.197Z,null,0,null,Act/360,NYB,ADB,MODFOLLOWING,CreditSpread,180,null,8525,7072922,1,3,9798,2026-05-05,2026-05-06T10:30:37.44Z,2026-05-14,2026-05-14T13:17:15.473Z,vcurvealmcorprates.csv,gwam_dev_ds.inv_ga_typed.alm_curvealmcorprates | Slice: 2026-04-08 09:15:18.790000 to 2026-05-13 16:45:47.950000,ADB,2026-05-15T09:01:25.000424Z
2026-05-13,ADB_ADB.CNY_Public_AA-,EOD,ALM,AggregatedSpread,Bond,1y.ADB_ADB.CNY_Public_AA-,1y,1y,true,null,0.00100655,null,2026-05-13T16:30:06.197Z,null,0,null,Act/360,NYB,ADB,MODFOLLOWING,CreditSpread,360,null,8526,7072922,1,3,9798,2026-05-05,2026-05-06T10:30:37.44Z,2026-05-14,2026-05-14T13:17:15.473Z,vcurvealmcorprates.csv,gwam_dev_ds.inv_ga_typed.alm_curvealmcorprates | Slice: 2026-04-08 09:15:18.790000 to 2026-05-13 16:45:47.950000,ADB,2026-05-15T09:01:25.000424Z
2026-05-13,ADB_ADB.CNY_Public_AA-,EOD,ALM,AggregatedSpread,Bond,2y.ADB_ADB.CNY_Public_AA-,2y,2y,true,null,0.00056613,null,2026-05-13T16:30:06.197Z,null,0,null,Act/360,NYB,ADB,MODFOLLOWING,CreditSpread,720,null,8527,7072922,1,3,9798,2026-05-05,2026-05-06T10:30:37.44Z,2026-05-14,2026-05-14T13:17:15.473Z,vcurvealmcorprates.csv,gwam_dev_ds.inv_ga_typed.alm_curvealmcorprates | Slice: 2026-04-08 09:15:18.790000 to 2026-05-13 16:45:47.950000,ADB,2026-05-15T09:01:25.000424Z
2026-05-13,ADB_ADB.CNY_Public_AA-,EOD,ALM,AggregatedSpread,Bond,3y.ADB_ADB.CNY_Public_AA-,3y,3y,true,null,0.00019191,null,2026-05-13T16:30:06.197Z,null,0,null,Act/360,NYB,ADB,MODFOLLOWING,CreditSpread,1080,null,8528,7072922,1,3,9798,2026-05-05,2026-05-06T10:30:37.44Z,2026-05-14,2026-05-14T13:17:15.473Z,vcurvealmcorprates.csv,gwam_dev_ds.inv_ga_typed.alm_curvealmcorprates | Slice: 2026-04-08 09:15:18.790000 to 2026-05-13 16:45:47.950000,ADB,2026-05-15T09:01:25.000424Z
2026-05-13,ADB_ADB.CNY_Public_AA-,EOD,ALM,AggregatedSpread,Bond,5y.ADB_ADB.CNY_Public_AA-,5y,5y,true,null,-0.00040945,null,2026-05-13T16:30:06.197Z,null,0,null,Act/360,NYB,ADB,MODFOLLOWING,CreditSpread,1800,null,8529,7072922,1,3,9798,2026-05-05,2026-05-06T10:30:37.44Z,2026-05-14,2026-05-14T13:17:15.473Z,vcurvealmcorprates.csv,gwam_dev_ds.inv_ga_typed.alm_curvealmcorprates | Slice: 2026-04-08 09:15:18.790000 to 2026-05-13 16:45:47.950000,ADB,2026-05-15T09:01:25.000424Z
2026-05-13,ADB_ADB.CNY_Public_AA-,EOD,ALM,AggregatedSpread,Bond,7y.ADB_ADB.CNY_Public_AA-,7y,7y,true,null,-0.00080152,null,2026-05-13T16:30:06.197Z,null,0,null,Act/360,NYB,ADB,MODFOLLOWING,CreditSpread,2520,null,8530,7072922,1,3,9798,2026-05-05,2026-05-06T10:30:37.44Z,2026-05-14,2026-05-14T13:17:15.473Z,vcurvealmcorprates.csv,gwam_dev_ds.inv_ga_typed.alm_curvealmcorprates | Slice: 2026-04-08 09:15:18.790000 to 2026-05-13 16:45:47.950000,ADB,2026-05-15T09:01:25.000424Z
2026-05-13,ADB_ADB.CNY_Public_AA-,EOD,ALM,AggregatedSpread,Bond,10y.ADB_ADB.CNY_Public_AA-,10y,10y,true,null,-0.00106504,null,2026-05-13T16:30:06.197Z,null,0,null,Act/360,NYB,ADB,MODFOLLOWING,CreditSpread,3600,null,8531,7072922,1,3,9798,2026-05-05,2026-05-06T10:30:37.44Z,2026-05-14,2026-05-14T13:17:15.473Z,vcurvealmcorprates.csv,gwam_dev_ds.inv_ga_typed.alm_curvealmcorprates | Slice: 2026-04-08 09:15:18.790000 to 2026-05-13 16:45:47.950000,ADB,2026-05-15T09:01:25.000424Z
2026-05-13,ADB_ADB.CNY_Public_AA-,EOD,ALM,AggregatedSpread,Bond,20y.ADB_ADB.CNY_Public_AA-,20y,20y,true,null,-0.00289876,null,2026-05-13T16:30:06.197Z,null,0,null,Act/360,NYB,ADB,MODFOLLOWING,CreditSpread,7200,null,8532,7072922,1,3,9798,2026-05-05,2026-05-06T10:30:37.44Z,2026-05-14,2026-05-14T13:17:15.473Z,vcurvealmcorprates.csv,gwam_dev_ds.inv_ga_typed.alm_curvealmcorprates | Slice: 2026-04-08 09:15:18.790000 to 2026-05-13 16:45:47.950000,ADB,2026-05-15T09:01:25.000424Z
2026-05-13,ADB_ADB.CNY_Public_AA-,EOD,ALM,AggregatedSpread,Bond,30y.ADB_ADB.CNY_Public_AA-,30y,30y,true,null,-0.00475769,null,2026-05-13T16:30:06.197Z,null,0,null,Act/360,NYB,ADB,MODFOLLOWING,CreditSpread,10800,null,8533,7072922,1,3,9798,2026-05-05,2026-05-06T10:30:37.44Z,2026-05-14,2026-05-14T13:17:15.473Z,vcurvealmcorprates.csv,gwam_dev_ds.inv_ga_typed.alm_curvealmcorprates | Slice: 2026-04-08 09:15:18.790000 to 2026-05-13 16:45:47.950000,ADB,2026-05-15T09:01:25.000424Z
2026-05-13,IDR_Public_B,EOD,ALM,AggregatedSpread,Bond,10y.IDR_Public_B,10y,10y,true,null,0.02910000,null,2026-05-13T16:30:06.197Z,null,0,null,Act/360,JAB,IDR,MODFOLLOWING,CreditSpread,3600,null,3366,7065961,1,3,3483,2026-04-30,2026-05-01T10:22:10.877Z,2026-05-14,2026-05-14T13:17:15.473Z,vcurvealmcorprates.csv,gwam_dev_ds.inv_ga_typed.alm_curvealmcorprates | Slice: 2026-04-08 09:15:18.790000 to 2026-05-13 16:45:47.950000,ADB,2026-05-15T09:01:25.000424Z
2026-05-13,IDR_Public_B,EOD,ALM,AggregatedSpread,Bond,1y.IDR_Public_B,1y,1y,true,null,0.02910000,null,2026-05-13T16:30:06.197Z,null,0,null,Act/360,JAB,IDR,MODFOLLOWING,CreditSpread,360,null,3598,7065961,1,3,3483,2026-04-30,2026-05-01T10:22:10.877Z,2026-05-14,2026-05-14T13:17:15.473Z,vcurvealmcorprates.csv,gwam_dev_ds.inv_ga_typed.alm_curvealmcorprates | Slice: 2026-04-08 09:15:18.790000 to 2026-05-13 16:45:47.950000,ADB,2026-05-15T09:01:25.000424Z
2026-05-13,IDR_Public_B,EOD,ALM,AggregatedSpread,Bond,20y.IDR_Public_B,20y,20y,true,null,0.02910000,null,2026-05-13T16:30:06.197Z,null,0,null,Act/360,JAB,IDR,MODFOLLOWING,CreditSpread,7200,null,3797,7065961,1,3,3483,2026-04-30,2026-05-01T10:22:10.877Z,2026-05-14,2026-05-14T13:17:15.473Z,vcurvealmcorprates.csv,gwam_dev_ds.inv_ga_typed.alm_curvealmcorprates | Slice: 2026-04-08 09:15:18.790000 to 2026-05-13 16:45:47.950000,ADB,2026-05-15T09:01:25.000424Z
2026-05-13,IDR_Public_B,EOD,ALM,AggregatedSpread,Bond,2y.IDR_Public_B,2y,2y,true,null,0.02910000,null,2026-05-13T16:30:06.197Z,null,0,null,Act/360,JAB,IDR,MODFOLLOWING,CreditSpread,720,null,4007,7065961,1,3,3483,2026-04-30,2026-05-01T10:22:10.877Z,2026-05-14,2026-05-14T13:17:15.473Z,vcurvealmcorprates.csv,gwam_dev_ds.inv_ga_typed.alm_curvealmcorprates | Slice: 2026-04-08 09:15:18.790000 to 2026-05-13 16:45:47.950000,ADB,2026-05-15T09:01:25.000424Z
2026-05-13,IDR_Public_B,EOD,ALM,AggregatedSpread,Bond,30y.IDR_Public_B,30y,30y,true,null,0.02910000,null,2026-05-13T16:30:06.197Z,null,0,null,Act/360,JAB,IDR,MODFOLLOWING,CreditSpread,10800,null,4206,7065961,1,3,3483,2026-04-30,2026-05-01T10:22:10.877Z,2026-05-14,2026-05-14T13:17:15.473Z,vcurvealmcorprates.csv,gwam_dev_ds.inv_ga_typed.alm_curvealmcorprates | Slice: 2026-04-08 09:15:18.790000 to 2026-05-13 16:45:47.950000,ADB,2026-05-15T09:01:25.000424Z
2026-05-13,IDR_Public_B,EOD,ALM,AggregatedSpread,Cash,3m.IDR_Public_B,3m,3m,true,null,0.02910000,null,2026-05-13T16:30:06.197Z,null,0,null,Act/360,JAB,IDR,MODFOLLOWING,CreditSpread,90,null,4405,7065961,1,3,3483,2026-04-30,2026-05-01T10:22:10.877Z,2026-05-14,2026-05-14T13:17:15.473Z,vcurvealmcorprates.csv,gwam_dev_ds.inv_ga_typed.alm_curvealmcorprates | Slice: 2026-04-08 09:15:18.790000 to 2026-05-13 16:45:47.950000,ADB,2026-05-15T09:01:25.000424Z
2026-05-13,IDR_Public_B,EOD,ALM,AggregatedSpread,Bond,3y.IDR_Public_B,3y,3y,true,null,0.02910000,null,2026-05-13T16:30:06.197Z,null,0,null,Act/360,JAB,IDR,MODFOLLOWING,CreditSpread,1080,null,4604,7065961,1,3,3483,2026-04-30,2026-05-01T10:22:10.877Z,2026-05-14,2026-05-14T13:17:15.473Z,vcurvealmcorprates.csv,gwam_dev_ds.inv_ga_typed.alm_curvealmcorprates | Slice: 2026-04-08 09:15:18.790000 to 2026-05-13 16:45:47.950000,ADB,2026-05-15T09:01:25.000424Z
2026-05-13,IDR_Public_B,EOD,ALM,AggregatedSpread,Bond,5y.IDR_Public_B,5y,5y,true,null,0.02910000,null,2026-05-13T16:30:06.197Z,null,0,null,Act/360,JAB,IDR,MODFOLLOWING,CreditSpread,1800,null,4812,7065961,1,3,3483,2026-04-30,2026-05-01T10:22:10.877Z,2026-05-14,2026-05-14T13:17:15.473Z,vcurvealmcorprates.csv,gwam_dev_ds.inv_ga_typed.alm_curvealmcorprates | Slice: 2026-04-08 09:15:18.790000 to 2026-05-13 16:45:47.950000,ADB,2026-05-15T09:01:25.000424Z
2026-05-13,IDR_Public_B,EOD,ALM,AggregatedSpread,Cash,6m.IDR_Public_B,6m,6m,true,null,0.02910000,null,2026-05-13T16:30:06.197Z,null,0,null,Act/360,JAB,IDR,MODFOLLOWING,CreditSpread,180,null,5011,7065961,1,3,3483,2026-04-30,2026-05-01T10:22:10.877Z,2026-05-14,2026-05-14T13:17:15.473Z,vcurvealmcorprates.csv,gwam_dev_ds.inv_ga_typed.alm_curvealmcorprates | Slice: 2026-04-08 09:15:18.790000 to 2026-05-13 16:45:47.950000,ADB,2026-05-15T09:01:25.000424Z
2026-05-13,IDR_Public_B,EOD,ALM,AggregatedSpread,Bond,7y.IDR_Public_B,7y,7y,true,null,0.02910000,null,2026-05-13T16:30:06.197Z,null,0,null,Act/360,JAB,IDR,MODFOLLOWING,CreditSpread,2520,null,5214,7065961,1,3,3483,2026-04-30,2026-05-01T10:22:10.877Z,2026-05-14,2026-05-14T13:17:15.473Z,vcurvealmcorprates.csv,gwam_dev_ds.inv_ga_typed.alm_curvealmcorprates | Slice: 2026-04-08 09:15:18.790000 to 2026-05-13 16:45:47.950000,ADB,2026-05-15T09:01:25.000424Z
2026-05-13,GBP_Public_A,EOD,ALM,AggregatedSpread,Bond,3y.GBP_Public_A,3y,3y,true,null,0.00348305,null,2026-05-13T16:45:47.95Z,null,0,null,Act/360,LNB,GBP,MODFOLLOWING,CreditSpread,1080,null,1866,7207357,1,3,3342,2026-05-13,2026-05-13T16:45:03.88Z,2026-05-14,2026-05-14T13:17:15.473Z,vcurvealmcorprates.csv,gwam_dev_ds.inv_ga_typed.alm_curvealmcorprates | Slice: 2026-04-08 09:15:18.790000 to 2026-05-13 16:45:47.950000,ADB,2026-05-15T09:01:25.000424Z
2026-05-13,GBP_Public_A,EOD,ALM,AggregatedSpread,Bond,4y.GBP_Public_A,4y,4y,true,null,0.00457537,null,2026-05-13T16:45:47.95Z,null,0,null,Act/360,LNB,GBP,MODFOLLOWING,CreditSpread,1440,null,1867,7207357,1,3,3342,2026-05-13,2026-05-13T16:45:03.88Z,2026-05-14,2026-05-14T13:17:15.473Z,vcurvealmcorprates.csv,gwam_dev_ds.inv_ga_typed.alm_curvealmcorprates | Slice: 2026-04-08 09:15:18.790000 to 2026-05-13 16:45:47.950000,ADB,2026-05-15T09:01:25.000424Z
2026-05-13,GBP_Public_A,EOD,ALM,AggregatedSpread,Bond,5y.GBP_Public_A,5y,5y,true,null,0.00517550,null,2026-05-13T16:45:47.95Z,null,0,null,Act/360,LNB,GBP,MODFOLLOWING,CreditSpread,1800,null,1868,7207357,1,3,3342,2026-05-13,2026-05-13T16:45:03.88Z,2026-05-14,2026-05-14T13:17:15.473Z,vcurvealmcorprates.csv,gwam_dev_ds.inv_ga_typed.alm_curvealmcorprates | Slice: 2026-04-08 09:15:18.790000 to 2026-05-13 16:45:47.950000,ADB,2026-05-15T09:01:25.000424Z
2026-05-13,GBP_Public_A,EOD,ALM,AggregatedSpread,Bond,7y.GBP_Public_A,7y,7y,true,null,0.00551913,null,2026-05-13T16:45:47.95Z,null,0,null,Act/360,LNB,GBP,MODFOLLOWING,CreditSpread,2520,null,1869,7207357,1,3,3342,2026-05-13,2026-05-13T16:45:03.88Z,2026-05-14,2026-05-14T13:17:15.473Z,vcurvealmcorprates.csv,gwam_dev_ds.inv_ga_typed.alm_curvealmcorprates | Slice: 2026-04-08 09:15:18.790000 to 2026-05-13 16:45:47.950000,ADB,2026-05-15T09:01:25.000424Z
2026-05-13,GBP_Public_A,EOD,ALM,AggregatedSpread,Bond,8y.GBP_Public_A,8y,8y,true,null,0.00530564,null,2026-05-13T16:45:47.95Z,null,0,null,Act/360,LNB,GBP,MODFOLLOWING,CreditSpread,2880,null,1870,7207357,1,3,3342,2026-05-13,2026-05-13T16:45:03.88Z,2026-05-14,2026-05-14T13:17:15.473Z,vcurvealmcorprates.csv,gwam_dev_ds.inv_ga_typed.alm_curvealmcorprates | Slice: 2026-04-08 09:15:18.790000 to 2026-05-13 16:45:47.950000,ADB,2026-05-15T09:01:25.000424Z
2026-05-13,GBP_Public_A,EOD,ALM,AggregatedSpread,Bond,9y.GBP_Public_A,9y,9y,true,null,0.00587591,null,2026-05-13T16:45:47.95Z,null,0,null,Act/360,LNB,GBP,MODFOLLOWING,CreditSpread,3240,null,1871,7207357,1,3,3342,2026-05-13,2026-05-13T16:45:03.88Z,2026-05-14,2026-05-14T13:17:15.473Z,vcurvealmcorprates.csv,gwam_dev_ds.inv_ga_typed.alm_curvealmcorprates | Slice: 2026-04-08 09:15:18.790000 to 2026-05-13 16:45:47.950000,ADB,2026-05-15T09:01:25.000424Z
2026-05-13,GBP_Public_A,EOD,ALM,AggregatedSpread,Bond,10y.GBP_Public_A,10y,10y,true,null,0.00642004,null,2026-05-13T16:45:47.95Z,null,0,null,Act/360,LNB,GBP,MODFOLLOWING,CreditSpread,3600,null,1872,7207357,1,3,3342,2026-05-13,2026-05-13T16:45:03.88Z,2026-05-14,2026-05-14T13:17:15.473Z,vcurvealmcorprates.csv,gwam_dev_ds.inv_ga_typed.alm_curvealmcorprates | Slice: 2026-04-08 09:15:18.790000 to 2026-05-13 16:45:47.950000,ADB,2026-05-15T09:01:25.000424Z
2026-05-13,GBP_Public_A,EOD,ALM,AggregatedSpread,Bond,15y.GBP_Public_A,15y,15y,true,null,0.00698840,null,2026-05-13T16:45:47.95Z,null,0,null,Act/360,LNB,GBP,MODFOLLOWING,CreditSpread,5400,null,1873,7207357,1,3,3342,2026-05-13,2026-05-13T16:45:03.88Z,2026-05-14,2026-05-14T13:17:15.473Z,vcurvealmcorprates.csv,gwam_dev_ds.inv_ga_typed.alm_curvealmcorprates | Slice: 2026-04-08 09:15:18.790000 to 2026-05-13 16:45:47.950000,ADB,2026-05-15T09:01:25.000424Z
2026-05-13,GBP_Public_A,EOD,ALM,AggregatedSpread,Bond,20y.GBP_Public_A,20y,20y,true,null,0.00641497,null,2026-05-13T16:45:47.95Z,null,0,null,Act/360,LNB,GBP,MODFOLLOWING,CreditSpread,7200,null,1874,7207357,1,3,3342,2026-05-13,2026-05-13T16:45:03.88Z,2026-05-14,2026-05-14T13:17:15.473Z,vcurvealmcorprates.csv,gwam_dev_ds.inv_ga_typed.alm_curvealmcorprates | Slice: 2026-04-08 09:15:18.790000 to 2026-05-13 16:45:47.950000,ADB,2026-05-15T09:01:25.000424Z
2026-05-13,GBP_Public_A,EOD,ALM,AggregatedSpread,Bond,25y.GBP_Public_A,25y,25y,true,null,0.00722450,null,2026-05-13T16:45:47.95Z,null,0,null,Act/360,LNB,GBP,MODFOLLOWING,CreditSpread,9000,null,1875,7207357,1,3,3342,2026-05-13,2026-05-13T16:45:03.88Z,2026-05-14,2026-05-14T13:17:15.473Z,vcurvealmcorprates.csv,gwam_dev_ds.inv_ga_typed.alm_curvealmcorprates | Slice: 2026-04-08 09:15:18.790000 to 2026-05-13 16:45:47.950000,ADB,2026-05-15T09:01:25.000424Z
2026-05-13,GBP_Public_A,EOD,ALM,AggregatedSpread,Bond,30y.GBP_Public_A,30y,30y,true,null,0.00685289,null,2026-05-13T16:45:47.95Z,null,0,null,Act/360,LNB,GBP,MODFOLLOWING,CreditSpread,10800,null,1876,7207357,1,3,3342,2026-05-13,2026-05-13T16:45:03.88Z,2026-05-14,2026-05-14T13:17:15.473Z,vcurvealmcorprates.csv,gwam_dev_ds.inv_ga_typed.alm_curvealmcorprates | Slice: 2026-04-08 09:15:18.790000 to 2026-05-13 16:45:47.950000,ADB,2026-05-15T09:01:25.000424Z
2026-05-13,GBP_Public_A,EOD,ALM,AggregatedSpread,Cash,1m.GBP_Public_A,1m,1m,true,null,0.00948865,null,2026-05-13T16:45:47.95Z,null,0,Annual,Act/360,LNB,GBP,MODFOLLOWING,CreditSpread,30,null,2932,7207357,1,3,3342,2026-05-13,2026-05-13T16:45:03.88Z,2026-05-14,2026-05-14T13:17:15.473Z,vcurvealmcorprates.csv,gwam_dev_ds.inv_ga_typed.alm_curvealmcorprates | Slice: 2026-04-08 09:15:18.790000 to 2026-05-13 16:45:47.950000,ADB,2026-05-15T09:01:25.000424Z
2026-05-13,CAD_Public_A-,EOD,ALM,AggregatedSpread,Cash,3m.CAD_Public_A,3m,3m,true,null,0.00550281,null,2026-05-13T16:30:06.197Z,null,0,Annual,Act/365,TRB,CAD,MODFOLLOWING,CreditSpread,90,null,1028,7068846,1,3,9533,2026-05-01,2026-05-04T11:10:02.387Z,2026-05-14,2026-05-14T13:17:15.473Z,vcurvealmcorprates.csv,gwam_dev_ds.inv_ga_typed.alm_curvealmcorprates | Slice: 2026-04-08 09:15:18.790000 to 2026-05-13 16:45:47.950000,ADB,2026-05-15T09:01:25.000424Z
2026-05-13,CAD_Public_A-,EOD,ALM,AggregatedSpread,Cash,6m.CAD_Public_A,6m,6m,true,null,0.00550281,null,2026-05-13T16:30:06.197Z,null,0,Annual,Act/365,TRB,CAD,MODFOLLOWING,CreditSpread,180,null,1029,7068846,1,3,9533,2026-05-01,2026-05-04T11:10:02.387Z,2026-05-14,2026-05-14T13:17:15.473Z,vcurvealmcorprates.csv,gwam_dev_ds.inv_ga_typed.alm_curvealmcorprates | Slice: 2026-04-08 09:15:18.790000 to 2026-05-13 16:45:47.950000,ADB,2026-05-15T09:01:25.000424Z
2026-05-13,CAD_Public_A-,EOD,ALM,AggregatedSpread,Cash,1y.CAD_Public_A,1y,1y,true,null,0.00550281,null,2026-05-13T16:30:06.197Z,null,0,Annual,Act/365,TRB,CAD,MODFOLLOWING,CreditSpread,360,null,1030,7068846,1,3,9533,2026-05-01,2026-05-04T11:10:02.387Z,2026-05-14,2026-05-14T13:17:15.473Z,vcurvealmcorprates.csv,gwam_dev_ds.inv_ga_typed.alm_curvealmcorprates | Slice: 2026-04-08 09:15:18.790000 to 2026-05-13 16:45:47.950000,ADB,2026-05-15T09:01:25.000424Z
2026-05-13,CAD_Public_A-,EOD,ALM,AggregatedSpread,Bond,2y.CAD_Public_A,2y,2y,true,null,0.00579294,null,2026-05-13T16:30:06.197Z,null,1,Semi Annual,Act/Act,TRB,CAD,MODFOLLOWING,CreditSpread,720,null,1031,7068846,1,3,9533,2026-05-01,2026-05-04T11:10:02.387Z,2026-05-14,2026-05-14T13:17:15.473Z,vcurvealmcorprates.csv,gwam_dev_ds.inv_ga_typed.alm_curvealmcorprates | Slice: 2026-04-08 09:15:18.790000 to 2026-05-13 16:45:47.950000,ADB,2026-05-15T09:01:25.000424Z
2026-05-13,CAD_Public_A-,EOD,ALM,AggregatedSpread,Bond,3y.CAD_Public_A,3y,3y,true,null,0.00626973,null,2026-05-13T16:30:06.197Z,null,1,Semi Annual,Act/Act,TRB,CAD,MODFOLLOWING,CreditSpread,1080,null,1032,7068846,1,3,9533,2026-05-01,2026-05-04T11:10:02.387Z,2026-05-14,2026-05-14T13:17:15.473Z,vcurvealmcorprates.csv,gwam_dev_ds.inv_ga_typed.alm_curvealmcorprates | Slice: 2026-04-08 09:15:18.790000 to 2026-05-13 16:45:47.950000,ADB,2026-05-15T09:01:25.000424Z
2026-05-13,CAD_Public_A-,EOD,ALM,AggregatedSpread,Bond,5y.CAD_Public_A,5y,5y,true,null,0.00727197,null,2026-05-13T16:30:06.197Z,null,1,Semi Annual,Act/Act,TRB,CAD,MODFOLLOWING,CreditSpread,1800,null,1033,7068846,1,3,9533,2026-05-01,2026-05-04T11:10:02.387Z,2026-05-14,2026-05-14T13:17:15.473Z,vcurvealmcorprates.csv,gwam_dev_ds.inv_ga_typed.alm_curvealmcorprates | Slice: 2026-04-08 09:15:18.790000 to 2026-05-13 16:45:47.950000,ADB,2026-05-15T09:01:25.000424Z
2026-05-13,CAD_Public_A-,EOD,ALM,AggregatedSpread,Bond,7y.CAD_Public_A,7y,7y,true,null,0.00816495,null,2026-05-13T16:30:06.197Z,null,1,Semi Annual,Act/Act,TRB,CAD,MODFOLLOWING,CreditSpread,2520,null,1034,7068846,1,3,9533,2026-05-01,2026-05-04T11:10:02.387Z,2026-05-14,2026-05-14T13:17:15.473Z,vcurvealmcorprates.csv,gwam_dev_ds.inv_ga_typed.alm_curvealmcorprates | Slice: 2026-04-08 09:15:18.790000 to 2026-05-13 16:45:47.950000,ADB,2026-05-15T09:01:25.000424Z
2026-05-13,CAD_Public_A-,EOD,ALM,AggregatedSpread,Bond,10y.CAD_Public_A,10y,10y,true,null,0.00929603,null,2026-05-13T16:30:06.197Z,null,1,Semi Annual,Act/Act,TRB,CAD,MODFOLLOWING,CreditSpread,3600,null,1035,7068846,1,3,9533,2026-05-01,2026-05-04T11:10:02.387Z,2026-05-14,2026-05-14T13:17:15.473Z,vcurvealmcorprates.csv,gwam_dev_ds.inv_ga_typed.alm_curvealmcorprates | Slice: 2026-04-08 09:15:18.790000 to 2026-05-13 16:45:47.950000,ADB,2026-05-15T09:01:25.000424Z
2026-05-13,CAD_Public_A-,EOD,ALM,AggregatedSpread,Bond,20y.CAD_Public_A,20y,20y,true,null,0.01128906,null,2026-05-13T16:30:06.197Z,null,1,Semi Annual,Act/Act,TRB,CAD,MODFOLLOWING,CreditSpread,7200,null,1036,7068846,1,3,9533,2026-05-01,2026-05-04T11:10:02.387Z,2026-05-14,2026-05-14T13:17:15.473Z,vcurvealmcorprates.csv,gwam_dev_ds.inv_ga_typed.alm_curvealmcorprates | Slice: 2026-04-08 09:15:18.790000 to 2026-05-13 16:45:47.950000,ADB,2026-05-15T09:01:25.000424Z
2026-05-13,CAD_Public_A-,EOD,ALM,AggregatedSpread,Bond,30y.CAD_Public_A,30y,30y,true,null,0.01083773,null,2026-05-13T16:30:06.197Z,null,1,Semi Annual,Act/Act,TRB,CAD,MODFOLLOWING,CreditSpread,10800,null,1037,7068846,1,3,9533,2026-05-01,2026-05-04T11:10:02.387Z,2026-05-14,2026-05-14T13:17:15.473Z,vcurvealmcorprates.csv,gwam_dev_ds.inv_ga_typed.alm_curvealmcorprates | Slice: 2026-04-08 09:15:18.790000 to 2026-05-13 16:45:47.950000,ADB,2026-05-15T09:01:25.000424Z
2026-05-13,ADB_ADB.EXCNY_Public_AA-,EOD,ALM,AggregatedSpread,Cash,3m.ADB_ADB.EXCNY_Public_AA-,3m,3m,true,null,0.00260915,null,2026-05-13T16:30:06.197Z,null,0,null,Act/360,NYB,ADB,MODFOLLOWING,CreditSpread,90,null,8644,7072958,1,3,9810,2026-05-05,2026-05-06T10:30:46.143Z,2026-05-14,2026-05-14T13:17:15.473Z,vcurvealmcorprates.csv,gwam_dev_ds.inv_ga_typed.alm_curvealmcorprates | Slice: 2026-04-08 09:15:18.790000 to 2026-05-13 16:45:47.950000,ADB,2026-05-15T09:01:25.000424Z
2026-05-13,ADB_ADB.EXCNY_Public_AA-,EOD,ALM,AggregatedSpread,Cash,6m.ADB_ADB.EXCNY_Public_AA-,6m,6m,true,null,0.00260915,null,2026-05-13T16:30:06.197Z,null,0,null,Act/360,NYB,ADB,MODFOLLOWING,CreditSpread,180,null,8645,7072958,1,3,9810,2026-05-05,2026-05-06T10:30:46.143Z,2026-05-14,2026-05-14T13:17:15.473Z,vcurvealmcorprates.csv,gwam_dev_ds.inv_ga_typed.alm_curvealmcorprates | Slice: 2026-04-08 09:15:18.790000 to 2026-05-13 16:45:47.950000,ADB,2026-05-15T09:01:25.000424Z
2026-05-13,ADB_ADB.EXCNY_Public_AA-,EOD,ALM,AggregatedSpread,Bond,1y.ADB_ADB.EXCNY_Public_AA-,1y,1y,true,null,0.00260915,null,2026-05-13T16:30:06.197Z,null,0,null,Act/360,NYB,ADB,MODFOLLOWING,CreditSpread,360,null,8646,7072958,1,3,9810,2026-05-05,2026-05-06T10:30:46.143Z,2026-05-14,2026-05-14T13:17:15.473Z,vcurvealmcorprates.csv,gwam_dev_ds.inv_ga_typed.alm_curvealmcorprates | Slice: 2026-04-08 09:15:18.790000 to 2026-05-13 16:45:47.950000,ADB,2026-05-15T09:01:25.000424Z
2026-05-13,ADB_ADB.EXCNY_Public_AA-,EOD,ALM,AggregatedSpread,Bond,2y.ADB_ADB.EXCNY_Public_AA-,2y,2y,true,null,0.00238141,null,2026-05-13T16:30:06.197Z,null,0,null,Act/360,NYB,ADB,MODFOLLOWING,CreditSpread,720,null,8647,7072958,1,3,9810,2026-05-05,2026-05-06T10:30:46.143Z,2026-05-14,2026-05-14T13:17:15.473Z,vcurvealmcorprates.csv,gwam_dev_ds.inv_ga_typed.alm_curvealmcorprates | Slice: 2026-04-08 09:15:18.790000 to 2026-05-13 16:45:47.950000,ADB,2026-05-15T09:01:25.000424Z
2026-05-13,ADB_ADB.EXCNY_Public_AA-,EOD,ALM,AggregatedSpread,Bond,3y.ADB_ADB.EXCNY_Public_AA-,3y,3y,true,null,0.00217538,null,2026-05-13T16:30:06.197Z,null,0,null,Act/360,NYB,ADB,MODFOLLOWING,CreditSpread,1080,null,8648,7072958,1,3,9810,2026-05-05,2026-05-06T10:30:46.143Z,2026-05-14,2026-05-14T13:17:15.473Z,vcurvealmcorprates.csv,gwam_dev_ds.inv_ga_typed.alm_curvealmcorprates | Slice: 2026-04-08 09:15:18.790000 to 2026-05-13 16:45:47.950000,ADB,2026-05-15T09:01:25.000424Z
2026-05-13,ADB_ADB.EXCNY_Public_AA-,EOD,ALM,AggregatedSpread,Bond,5y.ADB_ADB.EXCNY_Public_AA-,5y,5y,true,null,0.00178791,null,2026-05-13T16:30:06.197Z,null,0,null,Act/360,NYB,ADB,MODFOLLOWING,CreditSpread,1800,null,8649,7072958,1,3,9810,2026-05-05,2026-05-06T10:30:46.143Z,2026-05-14,2026-05-14T13:17:15.473Z,vcurvealmcorprates.csv,gwam_dev_ds.inv_ga_typed.alm_curvealmcorprates | Slice: 2026-04-08 09:15:18.790000 to 2026-05-13 16:45:47.950000,ADB,2026-05-15T09:01:25.000424Z
2026-05-13,ADB_ADB.EXCNY_Public_AA-,EOD,ALM,AggregatedSpread,Bond,7y.ADB_ADB.EXCNY_Public_AA-,7y,7y,true,null,0.00146476,null,2026-05-13T16:30:06.197Z,null,0,null,Act/360,NYB,ADB,MODFOLLOWING,CreditSpread,2520,null,8650,7072958,1,3,9810,2026-05-05,2026-05-06T10:30:46.143Z,2026-05-14,2026-05-14T13:17:15.473Z,vcurvealmcorprates.csv,gwam_dev_ds.inv_ga_typed.alm_curvealmcorprates | Slice: 2026-04-08 09:15:18.790000 to 2026-05-13 16:45:47.950000,ADB,2026-05-15T09:01:25.000424Z
2026-05-13,ADB_ADB.EXCNY_Public_AA-,EOD,ALM,AggregatedSpread,Bond,10y.ADB_ADB.EXCNY_Public_AA-,10y,10y,true,null,0.00108101,null,2026-05-13T16:30:06.197Z,null,0,null,Act/360,NYB,ADB,MODFOLLOWING,CreditSpread,3600,null,8651,7072958,1,3,9810,2026-05-05,2026-05-06T10:30:46.143Z,2026-05-14,2026-05-14T13:17:15.473Z,vcurvealmcorprates.csv,gwam_dev_ds.inv_ga_typed.alm_curvealmcorprates | Slice: 2026-04-08 09:15:18.790000 to 2026-05-13 16:45:47.950000,ADB,2026-05-15T09:01:25.000424Z
2026-05-13,ADB_ADB.EXCNY_Public_AA-,EOD,ALM,AggregatedSpread,Bond,20y.ADB_ADB.EXCNY_Public_AA-,20y,20y,true,null,0.00043262,null,2026-05-13T16:30:06.197Z,null,0,null,Act/360,NYB,ADB,MODFOLLOWING,CreditSpread,7200,null,8652,7072958,1,3,9810,2026-05-05,2026-05-06T10:30:46.143Z,2026-05-14,2026-05-14T13:17:15.473Z,vcurvealmcorprates.csv,gwam_dev_ds.inv_ga_typed.alm_curvealmcorprates | Slice: 2026-04-08 09:15:18.790000 to 2026-05-13 16:45:47.950000,ADB,2026-05-15T09:01:25.000424Z
2026-05-13,ADB_ADB.EXCNY_Public_AA-,EOD,ALM,AggregatedSpread,Bond,30y.ADB_ADB.EXCNY_Public_AA-,30y,30y,true,null,-0.00024102,null,2026-05-13T16:30:06.197Z,null,0,null,Act/360,NYB,ADB,MODFOLLOWING,CreditSpread,10800,null,8653,7072958,1,3,9810,2026-05-05,2026-05-06T10:30:46.143Z,2026-05-14,2026-05-14T13:17:15.473Z,vcurvealmcorprates.csv,gwam_dev_ds.inv_ga_typed.alm_curvealmcorprates | Slice: 2026-04-08 09:15:18.790000 to 2026-05-13 16:45:47.950000,ADB,2026-05-15T09:01:25.000424Z
2026-05-13,ADB_ADB.EXCNY_Public_AA+,EOD,ALM,AggregatedSpread,Cash,3m.ADB_ADB.EXCNY_Public_AA+,3m,3m,true,null,0.00251208,null,2026-05-13T16:30:06.197Z,null,0,null,Act/360,NYB,ADB,MODFOLLOWING,CreditSpread,90,null,8634,7072959,1,3,9811,2026-05-05,2026-05-06T10:30:46.143Z,2026-05-14,2026-05-14T13:17:15.473Z,vcurvealmcorprates.csv,gwam_dev_ds.inv_ga_typed.alm_curvealmcorprates | Slice: 2026-04-08 09:15:18.790000 to 2026-05-13 16:45:47.950000,ADB,2026-05-15T09:01:25.000424Z
2026-05-13,ADB_ADB.EXCNY_Public_AA+,EOD,ALM,AggregatedSpread,Cash,6m.ADB_ADB.EXCNY_Public_AA+,6m,6m,true,null,0.00251208,null,2026-05-13T16:30:06.197Z,null,0,null,Act/360,NYB,ADB,MODFOLLOWING,CreditSpread,180,null,8635,7072959,1,3,9811,2026-05-05,2026-05-06T10:30:46.143Z,2026-05-14,2026-05-14T13:17:15.473Z,vcurvealmcorprates.csv,gwam_dev_ds.inv_ga_typed.alm_curvealmcorprates | Slice: 2026-04-08 09:15:18.790000 to 2026-05-13 16:45:47.950000,ADB,2026-05-15T09:01:25.000424Z
2026-05-13,ADB_ADB.EXCNY_Public_AA+,EOD,ALM,AggregatedSpread,Bond,1y.ADB_ADB.EXCNY_Public_AA+,1y,1y,true,null,0.00251208,null,2026-05-13T16:30:06.197Z,null,0,null,Act/360,NYB,ADB,MODFOLLOWING,CreditSpread,360,null,8636,7072959,1,3,9811,2026-05-05,2026-05-06T10:30:46.143Z,2026-05-14,2026-05-14T13:17:15.473Z,vcurvealmcorprates.csv,gwam_dev_ds.inv_ga_typed.alm_curvealmcorprates | Slice: 2026-04-08 09:15:18.790000 to 2026-05-13 16:45:47.950000,ADB,2026-05-15T09:01:25.000424Z
2026-05-13,ADB_ADB.EXCNY_Public_AA+,EOD,ALM,AggregatedSpread,Bond,2y.ADB_ADB.EXCNY_Public_AA+,2y,2y,true,null,0.00222675,null,2026-05-13T16:30:06.197Z,null,0,null,Act/360,NYB,ADB,MODFOLLOWING,CreditSpread,720,null,8637,7072959,1,3,9811,2026-05-05,2026-05-06T10:30:46.143Z,2026-05-14,2026-05-14T13:17:15.473Z,vcurvealmcorprates.csv,gwam_dev_ds.inv_ga_typed.alm_curvealmcorprates | Slice: 2026-04-08 09:15:18.790000 to 2026-05-13 16:45:47.950000,ADB,2026-05-15T09:01:25.000424Z
2026-05-13,ADB_ADB.CNY_Public_BBB,EOD,ALM,AggregatedSpread,Bond,10y.ADB_ADB.CNY_Public_BBB,10y,10y,true,null,0.01061135,null,2026-05-13T16:30:06.197Z,null,0,null,Act/360,NYB,ADB,MODFOLLOWING,CreditSpread,3600,null,3268,7072919,2,3,7452,2026-05-05,2026-05-06T10:30:37.44Z,2026-05-14,2026-05-14T13:17:15.473Z,vcurvealmcorprates.csv,gwam_dev_ds.inv_ga_typed.alm_curvealmcorprates | Slice: 2026-04-08 09:15:18.790000 to 2026-05-13 16:45:47.950000,ADB,2026-05-15T09:01:25.000424Z
2026-05-13,ADB_ADB.CNY_Public_BBB,EOD,ALM,AggregatedSpread,Bond,1y.ADB_ADB.CNY_Public_BBB,1y,1y,true,null,0.00720301,null,2026-05-13T16:30:06.197Z,null,0,null,Act/360,NYB,ADB,MODFOLLOWING,CreditSpread,360,null,3500,7072919,2,3,7452,2026-05-05,2026-05-06T10:30:37.44Z,2026-05-14,2026-05-14T13:17:15.473Z,vcurvealmcorprates.csv,gwam_dev_ds.inv_ga_typed.alm_curvealmcorprates | Slice: 2026-04-08 09:15:18.790000 to 2026-05-13 16:45:47.950000,ADB,2026-05-15T09:01:25.000424Z
2026-05-13,ADB_ADB.CNY_Public_BBB,EOD,ALM,AggregatedSpread,Bond,20y.ADB_ADB.CNY_Public_BBB,20y,20y,true,null,0.01061135,null,2026-05-13T16:30:06.197Z,null,0,null,Act/360,NYB,ADB,MODFOLLOWING,CreditSpread,7200,null,3699,7072919,2,3,7452,2026-05-05,2026-05-06T10:30:37.44Z,2026-05-14,2026-05-14T13:17:15.473Z,vcurvealmcorprates.csv,gwam_dev_ds.inv_ga_typed.alm_curvealmcorprates | Slice: 2026-04-08 09:15:18.790000 to 2026-05-13 16:45:47.950000,ADB,2026-05-15T09:01:25.000424Z
2026-05-13,ADB_ADB.CNY_Public_BBB,EOD,ALM,AggregatedSpread,Bond,2y.ADB_ADB.CNY_Public_BBB,2y,2y,true,null,0.00608777,null,2026-05-13T16:30:06.197Z,null,0,null,Act/360,NYB,ADB,MODFOLLOWING,CreditSpread,720,null,3909,7072919,2,3,7452,2026-05-05,2026-05-06T10:30:37.44Z,2026-05-14,2026-05-14T13:17:15.473Z,vcurvealmcorprates.csv,gwam_dev_ds.inv_ga_typed.alm_curvealmcorprates | Slice: 2026-04-08 09:15:18.790000 to 2026-05-13 16:45:47.950000,ADB,2026-05-15T09:01:25.000424Z
2026-05-13,ADB_ADB.CNY_Public_BBB,EOD,ALM,AggregatedSpread,Bond,30y.ADB_ADB.CNY_Public_BBB,30y,30y,true,null,0.01061135,null,2026-05-13T16:30:06.197Z,null,0,null,Act/360,NYB,ADB,MODFOLLOWING,CreditSpread,10800,null,4108,7072919,2,3,7452,2026-05-05,2026-05-06T10:30:37.44Z,2026-05-14,2026-05-14T13:17:15.473Z,vcurvealmcorprates.csv,gwam_dev_ds.inv_ga_typed.alm_curvealmcorprates | Slice: 2026-04-08 09:15:18.790000 to 2026-05-13 16:45:47.950000,ADB,2026-05-15T09:01:25.000424Z
2026-05-13,ADB_ADB.CNY_Public_BBB,EOD,ALM,AggregatedSpread,Cash,3m.ADB_ADB.CNY_Public_BBB,3m,3m,true,null,0.00720301,null,2026-05-13T16:30:06.197Z,null,0,null,Act/360,NYB,ADB,MODFOLLOWING,CreditSpread,90,null,4307,7072919,2,3,7452,2026-05-05,2026-05-06T10:30:37.44Z,2026-05-14,2026-05-14T13:17:15.473Z,vcurvealmcorprates.csv,gwam_dev_ds.inv_ga_typed.alm_curvealmcorprates | Slice: 2026-04-08 09:15:18.790000 to 2026-05-13 16:45:47.950000,ADB,2026-05-15T09:01:25.000424Z
2026-05-13,ADB_ADB.CNY_Public_BBB,EOD,ALM,AggregatedSpread,Bond,3y.ADB_ADB.CNY_Public_BBB,3y,3y,true,null,0.00547237,null,2026-05-13T16:30:06.197Z,null,0,null,Act/360,NYB,ADB,MODFOLLOWING,CreditSpread,1080,null,4506,7072919,2,3,7452,2026-05-05,2026-05-06T10:30:37.44Z,2026-05-14,2026-05-14T13:17:15.473Z,vcurvealmcorprates.csv,gwam_dev_ds.inv_ga_typed.alm_curvealmcorprates | Slice: 2026-04-08 09:15:18.790000 to 2026-05-13 16:45:47.950000,ADB,2026-05-15T09:01:25.000424Z
2026-05-13,ADB_ADB.CNY_Public_BBB,EOD,ALM,AggregatedSpread,Bond,5y.ADB_ADB.CNY_Public_BBB,5y,5y,true,null,0.00552448,null,2026-05-13T16:30:06.197Z,null,0,null,Act/360,NYB,ADB,MODFOLLOWING,CreditSpread,1800,null,4714,7072919,2,3,7452,2026-05-05,2026-05-06T10:30:37.44Z,2026-05-14,2026-05-14T13:17:15.473Z,vcurvealmcorprates.csv,gwam_dev_ds.inv_ga_typed.alm_curvealmcorprates | Slice: 2026-04-08 09:15:18.790000 to 2026-05-13 16:45:47.950000,ADB,2026-05-15T09:01:25.000424Z
2026-05-13,ADB_ADB.CNY_Public_BBB,EOD,ALM,AggregatedSpread,Cash,6m.ADB_ADB.CNY_Public_BBB,6m,6m,true,null,0.00720301,null,2026-05-13T16:30:06.197Z,null,0,null,Act/360,NYB,ADB,MODFOLLOWING,CreditSpread,180,null,4913,7072919,2,3,7452,2026-05-05,2026-05-06T10:30:37.44Z,2026-05-14,2026-05-14T13:17:15.473Z,vcurvealmcorprates.csv,gwam_dev_ds.inv_ga_typed.alm_curvealmcorprates | Slice: 2026-04-08 09:15:18.790000 to 2026-05-13 16:45:47.950000,ADB,2026-05-15T09:01:25.000424Z
2026-05-13,ADB_ADB.CNY_Public_BBB,EOD,ALM,AggregatedSpread,Bond,7y.ADB_ADB.CNY_Public_BBB,7y,7y,true,null,0.00692613,null,2026-05-13T16:30:06.197Z,null,0,null,Act/360,NYB,ADB,MODFOLLOWING,CreditSpread,2520,null,5116,7072919,2,3,7452,2026-05-05,2026-05-06T10:30:37.44Z,2026-05-14,2026-05-14T13:17:15.473Z,vcurvealmcorprates.csv,gwam_dev_ds.inv_ga_typed.alm_curvealmcorprates | Slice: 2026-04-08 09:15:18.790000 to 2026-05-13 16:45:47.950000,ADB,2026-05-15T09:01:25.000424Z
2026-05-13,CNY_Public_A,EOD,ALM,AggregatedSpread,Bond,10y.CNY_Public_A,10y,10y,true,null,0.00395531,null,2026-05-13T16:30:06.197Z,null,0,null,Act/360,SHB,CNY,MODFOLLOWING,CreditSpread,3600,null,3305,7065884,1,3,3425,2026-04-30,2026-05-01T09:42:01.27Z,2026-05-14,2026-05-14T13:17:15.473Z,vcurvealmcorprates.csv,gwam_dev_ds.inv_ga_typed.alm_curvealmcorprates | Slice: 2026-04-08 09:15:18.790000 to 2026-05-13 16:45:47.950000,ADB,2026-05-15T09:01:25.000424Z
2026-05-13,CNY_Public_A,EOD,ALM,AggregatedSpread,Bond,1y.CNY_Public_A,1y,1y,true,null,0.00373609,null,2026-05-13T16:30:06.197Z,null,0,null,Act/360,SHB,CNY,MODFOLLOWING,CreditSpread,360,null,3537,7065884,1,3,3425,2026-04-30,2026-05-01T09:42:01.27Z,2026-05-14,2026-05-14T13:17:15.473Z,vcurvealmcorprates.csv,gwam_dev_ds.inv_ga_typed.alm_curvealmcorprates | Slice: 2026-04-08 09:15:18.790000 to 2026-05-13 16:45:47.950000,ADB,2026-05-15T09:01:25.000424Z
2026-05-13,CNY_Public_A,EOD,ALM,AggregatedSpread,Bond,20y.CNY_Public_A,20y,20y,true,null,0.00395531,null,2026-05-13T16:30:06.197Z,null,0,null,Act/360,SHB,CNY,MODFOLLOWING,CreditSpread,7200,null,3736,7065884,1,3,3425,2026-04-30,2026-05-01T09:42:01.27Z,2026-05-14,2026-05-14T13:17:15.473Z,vcurvealmcorprates.csv,gwam_dev_ds.inv_ga_typed.alm_curvealmcorprates | Slice: 2026-04-08 09:15:18.790000 to 2026-05-13 16:45:47.950000,ADB,2026-05-15T09:01:25.000424Z
2026-05-13,CNY_Public_A,EOD,ALM,AggregatedSpread,Bond,2y.CNY_Public_A,2y,2y,true,null,0.00395282,null,2026-05-13T16:30:06.197Z,null,0,null,Act/360,SHB,CNY,MODFOLLOWING,CreditSpread,720,null,3946,7065884,1,3,3425,2026-04-30,2026-05-01T09:42:01.27Z,2026-05-14,2026-05-14T13:17:15.473Z,vcurvealmcorprates.csv,gwam_dev_ds.inv_ga_typed.alm_curvealmcorprates | Slice: 2026-04-08 09:15:18.790000 to 2026-05-13 16:45:47.950000,ADB,2026-05-15T09:01:25.000424Z
2026-05-13,CNY_Public_A,EOD,ALM,AggregatedSpread,Bond,30y.CNY_Public_A,30y,30y,true,null,0.00395531,null,2026-05-13T16:30:06.197Z,null,0,null,Act/360,SHB,CNY,MODFOLLOWING,CreditSpread,10800,null,4145,7065884,1,3,3425,2026-04-30,2026-05-01T09:42:01.27Z,2026-05-14,2026-05-14T13:17:15.473Z,vcurvealmcorprates.csv,gwam_dev_ds.inv_ga_typed.alm_curvealmcorprates | Slice: 2026-04-08 09:15:18.790000 to 2026-05-13 16:45:47.950000,ADB,2026-05-15T09:01:25.000424Z
2026-05-13,CNY_Public_A,EOD,ALM,AggregatedSpread,Cash,3m.CNY_Public_A,3m,3m,true,null,0.00373609,null,2026-05-13T16:30:06.197Z,null,0,null,Act/360,SHB,CNY,MODFOLLOWING,CreditSpread,90,null,4344,7065884,1,3,3425,2026-04-30,2026-05-01T09:42:01.27Z,2026-05-14,2026-05-14T13:17:15.473Z,vcurvealmcorprates.csv,gwam_dev_ds.inv_ga_typed.alm_curvealmcorprates | Slice: 2026-04-08 09:15:18.790000 to 2026-05-13 16:45:47.950000,ADB,2026-05-15T09:01:25.000424Z
2026-05-13,CNY_Public_A,EOD,ALM,AggregatedSpread,Bond,3y.CNY_Public_A,3y,3y,true,null,0.00409198,null,2026-05-13T16:30:06.197Z,null,0,null,Act/360,SHB,CNY,MODFOLLOWING,CreditSpread,1080,null,4543,7065884,1,3,3425,2026-04-30,2026-05-01T09:42:01.27Z,2026-05-14,2026-05-14T13:17:15.473Z,vcurvealmcorprates.csv,gwam_dev_ds.inv_ga_typed.alm_curvealmcorprates | Slice: 2026-04-08 09:15:18.790000 to 2026-05-13 16:45:47.950000,ADB,2026-05-15T09:01:25.000424Z
2026-05-13,CNY_Public_A,EOD,ALM,AggregatedSpread,Bond,5y.CNY_Public_A,5y,5y,true,null,0.00418810,null,2026-05-13T16:30:06.197Z,null,0,null,Act/360,SHB,CNY,MODFOLLOWING,CreditSpread,1800,null,4751,7065884,1,3,3425,2026-04-30,2026-05-01T09:42:01.27Z,2026-05-14,2026-05-14T13:17:15.473Z,vcurvealmcorprates.csv,gwam_dev_ds.inv_ga_typed.alm_curvealmcorprates | Slice: 2026-04-08 09:15:18.790000 to 2026-05-13 16:45:47.950000,ADB,2026-05-15T09:01:25.000424Z
2026-05-13,CNY_Public_A,EOD,ALM,AggregatedSpread,Cash,6m.CNY_Public_A,6m,6m,true,null,0.00373609,null,2026-05-13T16:30:06.197Z,null,0,null,Act/360,SHB,CNY,MODFOLLOWING,CreditSpread,180,null,4950,7065884,1,3,3425,2026-04-30,2026-05-01T09:42:01.27Z,2026-05-14,2026-05-14T13:17:15.473Z,vcurvealmcorprates.csv,gwam_dev_ds.inv_ga_typed.alm_curvealmcorprates | Slice: 2026-04-08 09:15:18.790000 to 2026-05-13 16:45:47.950000,ADB,2026-05-15T09:01:25.000424Z
2026-05-13,CNY_Public_A,EOD,ALM,AggregatedSpread,Bond,7y.CNY_Public_A,7y,7y,true,null,0.00412554,null,2026-05-13T16:30:06.197Z,null,0,null,Act/360,SHB,CNY,MODFOLLOWING,CreditSpread,2520,null,5153,7065884,1,3,3425,2026-04-30,2026-05-01T09:42:01.27Z,2026-05-14,2026-05-14T13:17:15.473Z,vcurvealmcorprates.csv,gwam_dev_ds.inv_ga_typed.alm_curvealmcorprates | Slice: 2026-04-08 09:15:18.790000 to 2026-05-13 16:45:47.950000,ADB,2026-05-15T09:01:25.000424Z
2026-05-13,CAD_Provincial_AAA,EOD,ALM,AggregatedSpread,Cash,3m.CAD_Provincial_AAA,3m,3m,true,null,0.00073200,null,2026-05-13T16:30:06.197Z,null,0,Annual,Act/365,TRB,CAD,MODFOLLOWING,CreditSpread,90,null,1018,7066150,1,3,67,2026-04-30,2026-05-01T11:03:54.837Z,2026-05-14,2026-05-14T13:17:15.473Z,vcurvealmcorprates.csv,gwam_dev_ds.inv_ga_typed.alm_curvealmcorprates | Slice: 2026-04-08 09:15:18.790000 to 2026-05-13 16:45:47.950000,ADB,2026-05-15T09:01:25.000424Z
2026-05-13,CAD_Provincial_AAA,EOD,ALM,AggregatedSpread,Cash,6m.CAD_Provincial_AAA,6m,6m,true,null,0.00073200,null,2026-05-13T16:30:06.197Z,null,0,Annual,Act/365,TRB,CAD,MODFOLLOWING,CreditSpread,180,null,1019,7066150,1,3,67,2026-04-30,2026-05-01T11:03:54.837Z,2026-05-14,2026-05-14T13:17:15.473Z,vcurvealmcorprates.csv,gwam_dev_ds.inv_ga_typed.alm_curvealmcorprates | Slice: 2026-04-08 09:15:18.790000 to 2026-05-13 16:45:47.950000,ADB,2026-05-15T09:01:25.000424Z
2026-05-13,CAD_Provincial_AAA,EOD,ALM,AggregatedSpread,Cash,1y.CAD_Provincial_AAA,1y,1y,true,null,0.00073200,null,2026-05-13T16:30:06.197Z,null,0,Annual,Act/365,TRB,CAD,MODFOLLOWING,CreditSpread,360,null,1020,7066150,1,3,67,2026-04-30,2026-05-01T11:03:54.837Z,2026-05-14,2026-05-14T13:17:15.473Z,vcurvealmcorprates.csv,gwam_dev_ds.inv_ga_typed.alm_curvealmcorprates | Slice: 2026-04-08 09:15:18.790000 to 2026-05-13 16:45:47.950000,ADB,2026-05-15T09:01:25.000424Z
2026-05-13,CAD_Provincial_AAA,EOD,ALM,AggregatedSpread,Bond,2y.CAD_Provincial_AAA,2y,2y,true,null,0.00005600,null,2026-05-13T16:30:06.197Z,null,1,Semi Annual,Act/Act,TRB,CAD,MODFOLLOWING,CreditSpread,720,null,1021,7066150,1,3,67,2026-04-30,2026-05-01T11:03:54.837Z,2026-05-14,2026-05-14T13:17:15.473Z,vcurvealmcorprates.csv,gwam_dev_ds.inv_ga_typed.alm_curvealmcorprates | Slice: 2026-04-08 09:15:18.790000 to 2026-05-13 16:45:47.950000,ADB,2026-05-15T09:01:25.000424Z
2026-05-13,CAD_Provincial_AAA,EOD,ALM,AggregatedSpread,Bond,3y.CAD_Provincial_AAA,3y,3y,true,null,0.00059800,null,2026-05-13T16:30:06.197Z,null,1,Semi Annual,Act/Act,TRB,CAD,MODFOLLOWING,CreditSpread,1080,null,1022,7066150,1,3,67,2026-04-30,2026-05-01T11:03:54.837Z,2026-05-14,2026-05-14T13:17:15.473Z,vcurvealmcorprates.csv,gwam_dev_ds.inv_ga_typed.alm_curvealmcorprates | Slice: 2026-04-08 09:15:18.790000 to 2026-05-13 16:45:47.950000,ADB,2026-05-15T09:01:25.000424Z
2026-05-13,CAD_Provincial_AAA,EOD,ALM,AggregatedSpread,Bond,5y.CAD_Provincial_AAA,5y,5y,true,null,0.00185800,null,2026-05-13T16:30:06.197Z,null,1,Semi Annual,Act/Act,TRB,CAD,MODFOLLOWING,CreditSpread,1800,null,1023,7066150,1,3,67,2026-04-30,2026-05-01T11:03:54.837Z,2026-05-14,2026-05-14T13:17:15.473Z,vcurvealmcorprates.csv,gwam_dev_ds.inv_ga_typed.alm_curvealmcorprates | Slice: 2026-04-08 09:15:18.790000 to 2026-05-13 16:45:47.950000,ADB,2026-05-15T09:01:25.000424Z
2026-05-13,CAD_Provincial_AAA,EOD,ALM,AggregatedSpread,Bond,7y.CAD_Provincial_AAA,7y,7y,true,null,0.00289600,null,2026-05-13T16:30:06.197Z,null,1,Semi Annual,Act/Act,TRB,CAD,MODFOLLOWING,CreditSpread,2520,null,1024,7066150,1,3,67,2026-04-30,2026-05-01T11:03:54.837Z,2026-05-14,2026-05-14T13:17:15.473Z,vcurvealmcorprates.csv,gwam_dev_ds.inv_ga_typed.alm_curvealmcorprates | Slice: 2026-04-08 09:15:18.790000 to 2026-05-13 16:45:47.950000,ADB,2026-05-15T09:01:25.000424Z
2026-05-13,CAD_Provincial_AAA,EOD,ALM,AggregatedSpread,Bond,10y.CAD_Provincial_AAA,10y,10y,true,null,0.00491600,null,2026-05-13T16:30:06.197Z,null,1,Semi Annual,Act/Act,TRB,CAD,MODFOLLOWING,CreditSpread,3600,null,1025,7066150,1,3,67,2026-04-30,2026-05-01T11:03:54.837Z,2026-05-14,2026-05-14T13:17:15.473Z,vcurvealmcorprates.csv,gwam_dev_ds.inv_ga_typed.alm_curvealmcorprates | Slice: 2026-04-08 09:15:18.790000 to 2026-05-13 16:45:47.950000,ADB,2026-05-15T09:01:25.000424Z
2026-05-13,CAD_Provincial_AAA,EOD,ALM,AggregatedSpread,Bond,20y.CAD_Provincial_AAA,20y,20y,true,null,0.00826900,null,2026-05-13T16:30:06.197Z,null,1,Semi Annual,Act/Act,TRB,CAD,MODFOLLOWING,CreditSpread,7200,null,1026,7066150,1,3,67,2026-04-30,2026-05-01T11:03:54.837Z,2026-05-14,2026-05-14T13:17:15.473Z,vcurvealmcorprates.csv,gwam_dev_ds.inv_ga_typed.alm_curvealmcorprates | Slice: 2026-04-08 09:15:18.790000 to 2026-05-13 16:45:47.950000,ADB,2026-05-15T09:01:25.000424Z
2026-05-13,CAD_Provincial_AAA,EOD,ALM,AggregatedSpread,Bond,30y.CAD_Provincial_AAA,30y,30y,true,null,0.00808600,null,2026-05-13T16:30:06.197Z,null,1,Semi Annual,Act/Act,TRB,CAD,MODFOLLOWING,CreditSpread,10800,null,1027,7066150,1,3,67,2026-04-30,2026-05-01T11:03:54.837Z,2026-05-14,2026-05-14T13:17:15.473Z,vcurvealmcorprates.csv,gwam_dev_ds.inv_ga_typed.alm_curvealmcorprates | Slice: 2026-04-08 09:15:18.790000 to 2026-05-13 16:45:47.950000,ADB,2026-05-15T09:01:25.000424Z
2026-05-13,EUR_Public_BBB,EOD,ALM,AggregatedSpread,Bond,10y.EUR_Public_BBB,10y,10y,true,null,0.01132652,null,2026-05-13T16:30:06.197Z,null,0,null,Act/360,ECU,EUR,MODFOLLOWING,CreditSpread,3600,null,3329,7068733,1,3,7485,2026-05-01,2026-05-04T10:23:30.133Z,2026-05-14,2026-05-14T13:17:15.473Z,vcurvealmcorprates.csv,gwam_dev_ds.inv_ga_typed.alm_curvealmcorprates | Slice: 2026-04-08 09:15:18.790000 to 2026-05-13 16:45:47.950000,ADB,2026-05-15T09:01:25.000424Z
2026-05-13,EUR_Public_BBB,EOD,ALM,AggregatedSpread,Bond,1y.EUR_Public_BBB,1y,1y,true,null,0.00503532,null,2026-05-13T16:30:06.197Z,null,0,null,Act/360,ECU,EUR,MODFOLLOWING,CreditSpread,360,null,3561,7068733,1,3,7485,2026-05-01,2026-05-04T10:23:30.133Z,2026-05-14,2026-05-14T13:17:15.473Z,vcurvealmcorprates.csv,gwam_dev_ds.inv_ga_typed.alm_curvealmcorprates | Slice: 2026-04-08 09:15:18.790000 to 2026-05-13 16:45:47.950000,ADB,2026-05-15T09:01:25.000424Z
2026-05-13,EUR_Public_BBB,EOD,ALM,AggregatedSpread,Bond,20y.EUR_Public_BBB,20y,20y,true,null,0.01109320,null,2026-05-13T16:30:06.197Z,null,0,null,Act/360,ECU,EUR,MODFOLLOWING,CreditSpread,7200,null,3760,7068733,1,3,7485,2026-05-01,2026-05-04T10:23:30.133Z,2026-05-14,2026-05-14T13:17:15.473Z,vcurvealmcorprates.csv,gwam_dev_ds.inv_ga_typed.alm_curvealmcorprates | Slice: 2026-04-08 09:15:18.790000 to 2026-05-13 16:45:47.950000,ADB,2026-05-15T09:01:25.000424Z
2026-05-13,EUR_Public_BBB,EOD,ALM,AggregatedSpread,Bond,2y.EUR_Public_BBB,2y,2y,true,null,0.00621313,null,2026-05-13T16:30:06.197Z,null,0,null,Act/360,ECU,EUR,MODFOLLOWING,CreditSpread,720,null,3970,7068733,1,3,7485,2026-05-01,2026-05-04T10:23:30.133Z,2026-05-14,2026-05-14T13:17:15.473Z,vcurvealmcorprates.csv,gwam_dev_ds.inv_ga_typed.alm_curvealmcorprates | Slice: 2026-04-08 09:15:18.790000 to 2026-05-13 16:45:47.950000,ADB,2026-05-15T09:01:25.000424Z
2026-05-13,EUR_Public_BBB,EOD,ALM,AggregatedSpread,Bond,30y.EUR_Public_BBB,30y,30y,true,null,0.01109320,null,2026-05-13T16:30:06.197Z,null,0,null,Act/360,ECU,EUR,MODFOLLOWING,CreditSpread,10800,null,4169,7068733,1,3,7485,2026-05-01,2026-05-04T10:23:30.133Z,2026-05-14,2026-05-14T13:17:15.473Z,vcurvealmcorprates.csv,gwam_dev_ds.inv_ga_typed.alm_curvealmcorprates | Slice: 2026-04-08 09:15:18.790000 to 2026-05-13 16:45:47.950000,ADB,2026-05-15T09:01:25.000424Z
2026-05-13,EUR_Public_BBB,EOD,ALM,AggregatedSpread,Cash,3m.EUR_Public_BBB,3m,3m,true,null,0.00503532,null,2026-05-13T16:30:06.197Z,null,0,null,Act/360,ECU,EUR,MODFOLLOWING,CreditSpread,90,null,4368,7068733,1,3,7485,2026-05-01,2026-05-04T10:23:30.133Z,2026-05-14,2026-05-14T13:17:15.473Z,vcurvealmcorprates.csv,gwam_dev_ds.inv_ga_typed.alm_curvealmcorprates | Slice: 2026-04-08 09:15:18.790000 to 2026-05-13 16:45:47.950000,ADB,2026-05-15T09:01:25.000424Z
2026-05-13,EUR_Public_BBB,EOD,ALM,AggregatedSpread,Bond,3y.EUR_Public_BBB,3y,3y,true,null,0.00726415,null,2026-05-13T16:30:06.197Z,null,0,null,Act/360,ECU,EUR,MODFOLLOWING,CreditSpread,1080,null,4567,7068733,1,3,7485,2026-05-01,2026-05-04T10:23:30.133Z,2026-05-14,2026-05-14T13:17:15.473Z,vcurvealmcorprates.csv,gwam_dev_ds.inv_ga_typed.alm_curvealmcorprates | Slice: 2026-04-08 09:15:18.790000 to 2026-05-13 16:45:47.950000,ADB,2026-05-15T09:01:25.000424Z
2026-05-13,EUR_Public_BBB,EOD,ALM,AggregatedSpread,Bond,5y.EUR_Public_BBB,5y,5y,true,null,0.00899798,null,2026-05-13T16:30:06.197Z,null,0,null,Act/360,ECU,EUR,MODFOLLOWING,CreditSpread,1800,null,4775,7068733,1,3,7485,2026-05-01,2026-05-04T10:23:30.133Z,2026-05-14,2026-05-14T13:17:15.473Z,vcurvealmcorprates.csv,gwam_dev_ds.inv_ga_typed.alm_curvealmcorprates | Slice: 2026-04-08 09:15:18.790000 to 2026-05-13 16:45:47.950000,ADB,2026-05-15T09:01:25.000424Z
2026-05-13,EUR_Public_BBB,EOD,ALM,AggregatedSpread,Cash,6m.EUR_Public_BBB,6m,6m,true,null,0.00503532,null,2026-05-13T16:30:06.197Z,null,0,null,Act/360,ECU,EUR,MODFOLLOWING,CreditSpread,180,null,4974,7068733,1,3,7485,2026-05-01,2026-05-04T10:23:30.133Z,2026-05-14,2026-05-14T13:17:15.473Z,vcurvealmcorprates.csv,gwam_dev_ds.inv_ga_typed.alm_curvealmcorprates | Slice: 2026-04-08 09:15:18.790000 to 2026-05-13 16:45:47.950000,ADB,2026-05-15T09:01:25.000424Z
2026-05-13,EUR_Public_BBB,EOD,ALM,AggregatedSpread,Bond,7y.EUR_Public_BBB,7y,7y,true,null,0.01026113,null,2026-05-13T16:30:06.197Z,null,0,null,Act/360,ECU,EUR,MODFOLLOWING,CreditSpread,2520,null,5177,7068733,1,3,7485,2026-05-01,2026-05-04T10:23:30.133Z,2026-05-14,2026-05-14T13:17:15.473Z,vcurvealmcorprates.csv,gwam_dev_ds.inv_ga_typed.alm_curvealmcorprates | Slice: 2026-04-08 09:15:18.790000 to 2026-05-13 16:45:47.950000,ADB,2026-05-15T09:01:25.000424Z
2026-05-13,CAD_Public_BB,EOD,ALM,AggregatedSpread,Cash,3m.CAD_Public_BB,3m,3m,true,null,0.02814022,null,2026-05-13T16:30:06.197Z,null,0,Annual,Act/365,TRB,CAD,MODFOLLOWING,CreditSpread,90,null,1068,7065934,1,3,72,2026-04-30,2026-05-01T10:16:05.473Z,2026-05-14,2026-05-14T13:17:15.473Z,vcurvealmcorprates.csv,gwam_dev_ds.inv_ga_typed.alm_curvealmcorprates | Slice: 2026-04-08 09:15:18.790000 to 2026-05-13 16:45:47.950000,ADB,2026-05-15T09:01:25.000424Z
2026-05-13,CAD_Public_BB,EOD,ALM,AggregatedSpread,Cash,6m.CAD_Public_BB,6m,6m,true,null,0.02814022,null,2026-05-13T16:30:06.197Z,null,0,Annual,Act/365,TRB,CAD,MODFOLLOWING,CreditSpread,180,null,1069,7065934,1,3,72,2026-04-30,2026-05-01T10:16:05.473Z,2026-05-14,2026-05-14T13:17:15.473Z,vcurvealmcorprates.csv,gwam_dev_ds.inv_ga_typed.alm_curvealmcorprates | Slice: 2026-04-08 09:15:18.790000 to 2026-05-13 16:45:47.950000,ADB,2026-05-15T09:01:25.000424Z
2026-05-13,CAD_Public_BB,EOD,ALM,AggregatedSpread,Cash,1y.CAD_Public_BB,1y,1y,true,null,0.02814022,null,2026-05-13T16:30:06.197Z,null,0,Annual,Act/365,TRB,CAD,MODFOLLOWING,CreditSpread,360,null,1070,7065934,1,3,72,2026-04-30,2026-05-01T10:16:05.473Z,2026-05-14,2026-05-14T13:17:15.473Z,vcurvealmcorprates.csv,gwam_dev_ds.inv_ga_typed.alm_curvealmcorprates | Slice: 2026-04-08 09:15:18.790000 to 2026-05-13 16:45:47.950000,ADB,2026-05-15T09:01:25.000424Z
2026-05-13,CAD_Public_BB,EOD,ALM,AggregatedSpread,Bond,2y.CAD_Public_BB,2y,2y,true,null,0.02542442,null,2026-05-13T16:30:06.197Z,null,1,Semi Annual,Act/Act,TRB,CAD,MODFOLLOWING,CreditSpread,720,null,1071,7065934,1,3,72,2026-04-30,2026-05-01T10:16:05.473Z,2026-05-14,2026-05-14T13:17:15.473Z,vcurvealmcorprates.csv,gwam_dev_ds.inv_ga_typed.alm_curvealmcorprates | Slice: 2026-04-08 09:15:18.790000 to 2026-05-13 16:45:47.950000,ADB,2026-05-15T09:01:25.000424Z
2026-05-13,CAD_Public_BB,EOD,ALM,AggregatedSpread,Bond,3y.CAD_Public_BB,3y,3y,true,null,0.02449467,null,2026-05-13T16:30:06.197Z,null,1,Semi Annual,Act/Act,TRB,CAD,MODFOLLOWING,CreditSpread,1080,null,1072,7065934,1,3,72,2026-04-30,2026-05-01T10:16:05.473Z,2026-05-14,2026-05-14T13:17:15.473Z,vcurvealmcorprates.csv,gwam_dev_ds.inv_ga_typed.alm_curvealmcorprates | Slice: 2026-04-08 09:15:18.790000 to 2026-05-13 16:45:47.950000,ADB,2026-05-15T09:01:25.000424Z
2026-05-13,CAD_Public_BB,EOD,ALM,AggregatedSpread,Bond,5y.CAD_Public_BB,5y,5y,true,null,0.02287847,null,2026-05-13T16:30:06.197Z,null,1,Semi Annual,Act/Act,TRB,CAD,MODFOLLOWING,CreditSpread,1800,null,1073,7065934,1,3,72,2026-04-30,2026-05-01T10:16:05.473Z,2026-05-14,2026-05-14T13:17:15.473Z,vcurvealmcorprates.csv,gwam_dev_ds.inv_ga_typed.alm_curvealmcorprates | Slice: 2026-04-08 09:15:18.790000 to 2026-05-13 16:45:47.950000,ADB,2026-05-15T09:01:25.000424Z
2026-05-13,CAD_Public_BB,EOD,ALM,AggregatedSpread,Bond,7y.CAD_Public_BB,7y,7y,true,null,0.02125070,null,2026-05-13T16:30:06.197Z,null,1,Semi Annual,Act/Act,TRB,CAD,MODFOLLOWING,CreditSpread,2520,null,1074,7065934,1,3,72,2026-04-30,2026-05-01T10:16:05.473Z,2026-05-14,2026-05-14T13:17:15.473Z,vcurvealmcorprates.csv,gwam_dev_ds.inv_ga_typed.alm_curvealmcorprates | Slice: 2026-04-08 09:15:18.790000 to 2026-05-13 16:45:47.950000,ADB,2026-05-15T09:01:25.000424Z
2026-05-13,CAD_Public_BB,EOD,ALM,AggregatedSpread,Bond,10y.CAD_Public_BB,10y,10y,true,null,0.01933746,null,2026-05-13T16:30:06.197Z,null,1,Semi Annual,Act/Act,TRB,CAD,MODFOLLOWING,CreditSpread,3600,null,1075,7065934,1,3,72,2026-04-30,2026-05-01T10:16:05.473Z,2026-05-14,2026-05-14T13:17:15.473Z,vcurvealmcorprates.csv,gwam_dev_ds.inv_ga_typed.alm_curvealmcorprates | Slice: 2026-04-08 09:15:18.790000 to 2026-05-13 16:45:47.950000,ADB,2026-05-15T09:01:25.000424Z
2026-05-13,CAD_Public_BB,EOD,ALM,AggregatedSpread,Bond,20y.CAD_Public_BB,20y,20y,true,null,0.01675867,null,2026-05-13T16:30:06.197Z,null,1,Semi Annual,Act/Act,TRB,CAD,MODFOLLOWING,CreditSpread,7200,null,1076,7065934,1,3,72,2026-04-30,2026-05-01T10:16:05.473Z,2026-05-14,2026-05-14T13:17:15.473Z,vcurvealmcorprates.csv,gwam_dev_ds.inv_ga_typed.alm_curvealmcorprates | Slice: 2026-04-08 09:15:18.790000 to 2026-05-13 16:45:47.950000,ADB,2026-05-15T09:01:25.000424Z
2026-05-13,CAD_Public_BB,EOD,ALM,AggregatedSpread,Bond,30y.CAD_Public_BB,30y,30y,true,null,0.01582521,null,2026-05-13T16:30:06.197Z,null,1,Semi Annual,Act/Act,TRB,CAD,MODFOLLOWING,CreditSpread,10800,null,1077,7065934,1,3,72,2026-04-30,2026-05-01T10:16:05.473Z,2026-05-14,2026-05-14T13:17:15.473Z,vcurvealmcorprates.csv,gwam_dev_ds.inv_ga_typed.alm_curvealmcorprates | Slice: 2026-04-08 09:15:18.790000 to 2026-05-13 16:45:47.950000,ADB,2026-05-15T09:01:25.000424Z
2026-05-13,CAD_Public_B+,EOD,ALM,AggregatedSpread,Cash,3m.CAD_Public_B,3m,3m,true,null,0.03172831,null,2026-05-13T16:30:06.197Z,null,0,Annual,Act/365,TRB,CAD,MODFOLLOWING,CreditSpread,90,null,1058,7065941,1,3,9538,2026-04-30,2026-05-01T10:16:05.473Z,2026-05-14,2026-05-14T13:17:15.473Z,vcurvealmcorprates.csv,gwam_dev_ds.inv_ga_typed.alm_curvealmcorprates | Slice: 2026-04-08 09:15:18.790000 to 2026-05-13 16:45:47.950000,ADB,2026-05-15T09:01:25.000424Z
2026-05-13,CAD_Public_B+,EOD,ALM,AggregatedSpread,Cash,6m.CAD_Public_B,6m,6m,true,null,0.03172831,null,2026-05-13T16:30:06.197Z,null,0,Annual,Act/365,TRB,CAD,MODFOLLOWING,CreditSpread,180,null,1059,7065941,1,3,9538,2026-04-30,2026-05-01T10:16:05.473Z,2026-05-14,2026-05-14T13:17:15.473Z,vcurvealmcorprates.csv,gwam_dev_ds.inv_ga_typed.alm_curvealmcorprates | Slice: 2026-04-08 09:15:18.790000 to 2026-05-13 16:45:47.950000,ADB,2026-05-15T09:01:25.000424Z
2026-05-13,CAD_Public_B+,EOD,ALM,AggregatedSpread,Cash,1y.CAD_Public_B,1y,1y,true,null,0.03172831,null,2026-05-13T16:30:06.197Z,null,0,Annual,Act/365,TRB,CAD,MODFOLLOWING,CreditSpread,360,null,1060,7065941,1,3,9538,2026-04-30,2026-05-01T10:16:05.473Z,2026-05-14,2026-05-14T13:17:15.473Z,vcurvealmcorprates.csv,gwam_dev_ds.inv_ga_typed.alm_curvealmcorprates | Slice: 2026-04-08 09:15:18.790000 to 2026-05-13 16:45:47.950000,ADB,2026-05-15T09:01:25.000424Z
2026-05-13,CAD_Public_B+,EOD,ALM,AggregatedSpread,Bond,2y.CAD_Public_B,2y,2y,true,null,0.02799549,null,2026-05-13T16:30:06.197Z,null,1,Semi Annual,Act/Act,TRB,CAD,MODFOLLOWING,CreditSpread,720,null,1061,7065941,1,3,9538,2026-04-30,2026-05-01T10:16:05.473Z,2026-05-14,2026-05-14T13:17:15.473Z,vcurvealmcorprates.csv,gwam_dev_ds.inv_ga_typed.alm_curvealmcorprates | Slice: 2026-04-08 09:15:18.790000 to 2026-05-13 16:45:47.950000,ADB,2026-05-15T09:01:25.000424Z
2026-05-13,CAD_Public_B+,EOD,ALM,AggregatedSpread,Bond,3y.CAD_Public_B,3y,3y,true,null,0.02657313,null,2026-05-13T16:30:06.197Z,null,1,Semi Annual,Act/Act,TRB,CAD,MODFOLLOWING,CreditSpread,1080,null,1062,7065941,1,3,9538,2026-04-30,2026-05-01T10:16:05.473Z,2026-05-14,2026-05-14T13:17:15.473Z,vcurvealmcorprates.csv,gwam_dev_ds.inv_ga_typed.alm_curvealmcorprates | Slice: 2026-04-08 09:15:18.790000 to 2026-05-13 16:45:47.950000,ADB,2026-05-15T09:01:25.000424Z
2026-05-13,CAD_Public_B+,EOD,ALM,AggregatedSpread,Bond,5y.CAD_Public_B,5y,5y,true,null,0.02514583,null,2026-05-13T16:30:06.197Z,null,1,Semi Annual,Act/Act,TRB,CAD,MODFOLLOWING,CreditSpread,1800,null,1063,7065941,1,3,9538,2026-04-30,2026-05-01T10:16:05.473Z,2026-05-14,2026-05-14T13:17:15.473Z,vcurvealmcorprates.csv,gwam_dev_ds.inv_ga_typed.alm_curvealmcorprates | Slice: 2026-04-08 09:15:18.790000 to 2026-05-13 16:45:47.950000,ADB,2026-05-15T09:01:25.000424Z
2026-05-13,CAD_Public_B+,EOD,ALM,AggregatedSpread,Bond,7y.CAD_Public_B,7y,7y,true,null,0.02396367,null,2026-05-13T16:30:06.197Z,null,1,Semi Annual,Act/Act,TRB,CAD,MODFOLLOWING,CreditSpread,2520,null,1064,7065941,1,3,9538,2026-04-30,2026-05-01T10:16:05.473Z,2026-05-14,2026-05-14T13:17:15.473Z,vcurvealmcorprates.csv,gwam_dev_ds.inv_ga_typed.alm_curvealmcorprates | Slice: 2026-04-08 09:15:18.790000 to 2026-05-13 16:45:47.950000,ADB,2026-05-15T09:01:25.000424Z
2026-05-13,CAD_Public_B+,EOD,ALM,AggregatedSpread,Bond,10y.CAD_Public_B,10y,10y,true,null,0.02279749,null,2026-05-13T16:30:06.197Z,null,1,Semi Annual,Act/Act,TRB,CAD,MODFOLLOWING,CreditSpread,3600,null,1065,7065941,1,3,9538,2026-04-30,2026-05-01T10:16:05.473Z,2026-05-14,2026-05-14T13:17:15.473Z,vcurvealmcorprates.csv,gwam_dev_ds.inv_ga_typed.alm_curvealmcorprates | Slice: 2026-04-08 09:15:18.790000 to 2026-05-13 16:45:47.950000,ADB,2026-05-15T09:01:25.000424Z
2026-05-13,CAD_Public_B+,EOD,ALM,AggregatedSpread,Bond,20y.CAD_Public_B,20y,20y,true,null,0.02173319,null,2026-05-13T16:30:06.197Z,null,1,Semi Annual,Act/Act,TRB,CAD,MODFOLLOWING,CreditSpread,7200,null,1066,7065941,1,3,9538,2026-04-30,2026-05-01T10:16:05.473Z,2026-05-14,2026-05-14T13:17:15.473Z,vcurvealmcorprates.csv,gwam_dev_ds.inv_ga_typed.alm_curvealmcorprates | Slice: 2026-04-08 09:15:18.790000 to 2026-05-13 16:45:47.950000,ADB,2026-05-15T09:01:25.000424Z
2026-05-13,CAD_Public_B+,EOD,ALM,AggregatedSpread,Bond,30y.CAD_Public_B,30y,30y,true,null,0.02108645,null,2026-05-13T16:30:06.197Z,null,1,Semi Annual,Act/Act,TRB,CAD,MODFOLLOWING,CreditSpread,10800,null,1067,7065941,1,3,9538,2026-04-30,2026-05-01T10:16:05.473Z,2026-05-14,2026-05-14T13:17:15.473Z,vcurvealmcorprates.csv,gwam_dev_ds.inv_ga_typed.alm_curvealmcorprates | Slice: 2026-04-08 09:15:18.790000 to 2026-05-13 16:45:47.950000,ADB,2026-05-15T09:01:25.000424Z
2026-05-13,ADB_ADB.EXCNY_Public_AA+,EOD,ALM,AggregatedSpread,Bond,3y.ADB_ADB.EXCNY_Public_AA+,3y,3y,true,null,0.00196680,null,2026-05-13T16:30:06.197Z,null,0,null,Act/360,NYB,ADB,MODFOLLOWING,CreditSpread,1080,null,8638,7072959,1,3,9811,2026-05-05,2026-05-06T10:30:46.143Z,2026-05-14,2026-05-14T13:17:15.473Z,vcurvealmcorprates.csv,gwam_dev_ds.inv_ga_typed.alm_curvealmcorprates | Slice: 2026-04-08 09:15:18.790000 to 2026-05-13 16:45:47.950000,ADB,2026-05-15T09:01:25.000424Z
2026-05-13,ADB_ADB.EXCNY_Public_AA+,EOD,ALM,AggregatedSpread,Bond,5y.ADB_ADB.EXCNY_Public_AA+,5y,5y,true,null,0.00148843,null,2026-05-13T16:30:06.197Z,null,0,null,Act/360,NYB,ADB,MODFOLLOWING,CreditSpread,1800,null,8639,7072959,1,3,9811,2026-05-05,2026-05-06T10:30:46.143Z,2026-05-14,2026-05-14T13:17:15.473Z,vcurvealmcorprates.csv,gwam_dev_ds.inv_ga_typed.alm_curvealmcorprates | Slice: 2026-04-08 09:15:18.790000 to 2026-05-13 16:45:47.950000,ADB,2026-05-15T09:01:25.000424Z
2026-05-13,ADB_ADB.EXCNY_Public_AA+,EOD,ALM,AggregatedSpread,Bond,7y.ADB_ADB.EXCNY_Public_AA+,7y,7y,true,null,0.00110822,null,2026-05-13T16:30:06.197Z,null,0,null,Act/360,NYB,ADB,MODFOLLOWING,CreditSpread,2520,null,8640,7072959,1,3,9811,2026-05-05,2026-05-06T10:30:46.143Z,2026-05-14,2026-05-14T13:17:15.473Z,vcurvealmcorprates.csv,gwam_dev_ds.inv_ga_typed.alm_curvealmcorprates | Slice: 2026-04-08 09:15:18.790000 to 2026-05-13 16:45:47.950000,ADB,2026-05-15T09:01:25.000424Z
2026-05-13,ADB_ADB.EXCNY_Public_AA+,EOD,ALM,AggregatedSpread,Bond,10y.ADB_ADB.EXCNY_Public_AA+,10y,10y,true,null,0.00069936,null,2026-05-13T16:30:06.197Z,null,0,null,Act/360,NYB,ADB,MODFOLLOWING,CreditSpread,3600,null,8641,7072959,1,3,9811,2026-05-05,2026-05-06T10:30:46.143Z,2026-05-14,2026-05-14T13:17:15.473Z,vcurvealmcorprates.csv,gwam_dev_ds.inv_ga_typed.alm_curvealmcorprates | Slice: 2026-04-08 09:15:18.790000 to 2026-05-13 16:45:47.950000,ADB,2026-05-15T09:01:25.000424Z
2026-05-13,ADB_ADB.EXCNY_Public_AA+,EOD,ALM,AggregatedSpread,Bond,20y.ADB_ADB.EXCNY_Public_AA+,20y,20y,true,null,-0.00006400,null,2026-05-13T16:30:06.197Z,null,0,null,Act/360,NYB,ADB,MODFOLLOWING,CreditSpread,7200,null,8642,7072959,1,3,9811,2026-05-05,2026-05-06T10:30:46.143Z,2026-05-14,2026-05-14T13:17:15.473Z,vcurvealmcorprates.csv,gwam_dev_ds.inv_ga_typed.alm_curvealmcorprates | Slice: 2026-04-08 09:15:18.790000 to 2026-05-13 16:45:47.950000,ADB,2026-05-15T09:01:25.000424Z
2026-05-13,ADB_ADB.EXCNY_Public_AA+,EOD,ALM,AggregatedSpread,Bond,30y.ADB_ADB.EXCNY_Public_AA+,30y,30y,true,null,-0.00087488,null,2026-05-13T16:30:06.197Z,null,0,null,Act/360,NYB,ADB,MODFOLLOWING,CreditSpread,10800,null,8643,7072959,1,3,9811,2026-05-05,2026-05-06T10:30:46.143Z,2026-05-14,2026-05-14T13:17:15.473Z,vcurvealmcorprates.csv,gwam_dev_ds.inv_ga_typed.alm_curvealmcorprates | Slice: 2026-04-08 09:15:18.790000 to 2026-05-13 16:45:47.950000,ADB,2026-05-15T09:01:25.000424Z
2026-05-13,ADB_ADB.ALL_Public_AA,EOD,ALM,AggregatedSpread,Bond,10y.ADB_ADB.ALL_Public_AA,10y,10y,true,null,0.00076776,null,2026-05-13T16:30:06.197Z,null,0,null,Act/360,NYB,ADB,MODFOLLOWING,CreditSpread,3600,null,3259,7072900,2,3,7443,2026-05-05,2026-05-06T10:22:25.443Z,2026-05-14,2026-05-14T13:17:15.473Z,vcurvealmcorprates.csv,gwam_dev_ds.inv_ga_typed.alm_curvealmcorprates | Slice: 2026-04-08 09:15:18.790000 to 2026-05-13 16:45:47.950000,ADB,2026-05-15T09:01:25.000424Z
2026-05-13,ADB_ADB.ALL_Public_AA,EOD,ALM,AggregatedSpread,Bond,1y.ADB_ADB.ALL_Public_AA,1y,1y,true,null,0.00269248,null,2026-05-13T16:30:06.197Z,null,0,null,Act/360,NYB,ADB,MODFOLLOWING,CreditSpread,360,null,3491,7072900,2,3,7443,2026-05-05,2026-05-06T10:22:25.443Z,2026-05-14,2026-05-14T13:17:15.473Z,vcurvealmcorprates.csv,gwam_dev_ds.inv_ga_typed.alm_curvealmcorprates | Slice: 2026-04-08 09:15:18.790000 to 2026-05-13 16:45:47.950000,ADB,2026-05-15T09:01:25.000424Z
2026-05-13,ADB_ADB.ALL_Public_AA,EOD,ALM,AggregatedSpread,Bond,20y.ADB_ADB.ALL_Public_AA,20y,20y,true,null,0.00015388,null,2026-05-13T16:30:06.197Z,null,0,null,Act/360,NYB,ADB,MODFOLLOWING,CreditSpread,7200,null,3690,7072900,2,3,7443,2026-05-05,2026-05-06T10:22:25.443Z,2026-05-14,2026-05-14T13:17:15.473Z,vcurvealmcorprates.csv,gwam_dev_ds.inv_ga_typed.alm_curvealmcorprates | Slice: 2026-04-08 09:15:18.790000 to 2026-05-13 16:45:47.950000,ADB,2026-05-15T09:01:25.000424Z
2026-05-13,ADB_ADB.ALL_Public_AA,EOD,ALM,AggregatedSpread,Bond,2y.ADB_ADB.ALL_Public_AA,2y,2y,true,null,0.00237363,null,2026-05-13T16:30:06.197Z,null,0,null,Act/360,NYB,ADB,MODFOLLOWING,CreditSpread,720,null,3900,7072900,2,3,7443,2026-05-05,2026-05-06T10:22:25.443Z,2026-05-14,2026-05-14T13:17:15.473Z,vcurvealmcorprates.csv,gwam_dev_ds.inv_ga_typed.alm_curvealmcorprates | Slice: 2026-04-08 09:15:18.790000 to 2026-05-13 16:45:47.950000,ADB,2026-05-15T09:01:25.000424Z
2026-05-13,ADB_ADB.ALL_Public_AA,EOD,ALM,AggregatedSpread,Bond,30y.ADB_ADB.ALL_Public_AA,30y,30y,true,null,-0.00046000,null,2026-05-13T16:30:06.197Z,null,0,null,Act/360,NYB,ADB,MODFOLLOWING,CreditSpread,10800,null,4099,7072900,2,3,7443,2026-05-05,2026-05-06T10:22:25.443Z,2026-05-14,2026-05-14T13:17:15.473Z,vcurvealmcorprates.csv,gwam_dev_ds.inv_ga_typed.alm_curvealmcorprates | Slice: 2026-04-08 09:15:18.790000 to 2026-05-13 16:45:47.950000,ADB,2026-05-15T09:01:25.000424Z
2026-05-13,ADB_ADB.ALL_Public_AA,EOD,ALM,AggregatedSpread,Cash,3m.ADB_ADB.ALL_Public_AA,3m,3m,true,null,0.00269248,null,2026-05-13T16:30:06.197Z,null,0,null,Act/360,NYB,ADB,MODFOLLOWING,CreditSpread,90,null,4298,7072900,2,3,7443,2026-05-05,2026-05-06T10:22:25.443Z,2026-05-14,2026-05-14T13:17:15.473Z,vcurvealmcorprates.csv,gwam_dev_ds.inv_ga_typed.alm_curvealmcorprates | Slice: 2026-04-08 09:15:18.790000 to 2026-05-13 16:45:47.950000,ADB,2026-05-15T09:01:25.000424Z
2026-05-13,ADB_ADB.ALL_Public_AA,EOD,ALM,AggregatedSpread,Bond,3y.ADB_ADB.ALL_Public_AA,3y,3y,true,null,0.00208424,null,2026-05-13T16:30:06.197Z,null,0,null,Act/360,NYB,ADB,MODFOLLOWING,CreditSpread,1080,null,4497,7072900,2,3,7443,2026-05-05,2026-05-06T10:22:25.443Z,2026-05-14,2026-05-14T13:17:15.473Z,vcurvealmcorprates.csv,gwam_dev_ds.inv_ga_typed.alm_curvealmcorprates | Slice: 2026-04-08 09:15:18.790000 to 2026-05-13 16:45:47.950000,ADB,2026-05-15T09:01:25.000424Z
2026-05-13,ADB_ADB.ALL_Public_AA,EOD,ALM,AggregatedSpread,Bond,5y.ADB_ADB.ALL_Public_AA,5y,5y,true,null,0.00158835,null,2026-05-13T16:30:06.197Z,null,0,null,Act/360,NYB,ADB,MODFOLLOWING,CreditSpread,1800,null,4705,7072900,2,3,7443,2026-05-05,2026-05-06T10:22:25.443Z,2026-05-14,2026-05-14T13:17:15.473Z,vcurvealmcorprates.csv,gwam_dev_ds.inv_ga_typed.alm_curvealmcorprates | Slice: 2026-04-08 09:15:18.790000 to 2026-05-13 16:45:47.950000,ADB,2026-05-15T09:01:25.000424Z
2026-05-13,ADB_ADB.ALL_Public_AA,EOD,ALM,AggregatedSpread,Cash,6m.ADB_ADB.ALL_Public_AA,6m,6m,true,null,0.00269248,null,2026-05-13T16:30:06.197Z,null,0,null,Act/360,NYB,ADB,MODFOLLOWING,CreditSpread,180,null,4904,7072900,2,3,7443,2026-05-05,2026-05-06T10:22:25.443Z,2026-05-14,2026-05-14T13:17:15.473Z,vcurvealmcorprates.csv,gwam_dev_ds.inv_ga_typed.alm_curvealmcorprates | Slice: 2026-04-08 09:15:18.790000 to 2026-05-13 16:45:47.950000,ADB,2026-05-15T09:01:25.000424Z
2026-05-13,ADB_ADB.ALL_Public_AA,EOD,ALM,AggregatedSpread,Bond,7y.ADB_ADB.ALL_Public_AA,7y,7y,true,null,0.00119378,null,2026-05-13T16:30:06.197Z,null,0,null,Act/360,NYB,ADB,MODFOLLOWING,CreditSpread,2520,null,5107,7072900,2,3,7443,2026-05-05,2026-05-06T10:22:25.443Z,2026-05-14,2026-05-14T13:17:15.473Z,vcurvealmcorprates.csv,gwam_dev_ds.inv_ga_typed.alm_curvealmcorprates | Slice: 2026-04-08 09:15:18.790000 to 2026-05-13 16:45:47.950000,ADB,2026-05-15T09:01:25.000424Z
2026-05-13,JPY_Public_AAA,EOD,ALM,AggregatedSpread,Cash,3m.JPY_Public_AAA,3m,3m,true,null,0E-8,null,2026-05-13T16:30:06.197Z,null,0,Annual,Act/365,TKB,JPY,MODFOLLOWING,CreditSpread,90,null,1138,7074887,1,3,79,2026-05-01,2026-05-07T10:59:11.313Z,2026-05-14,2026-05-14T13:17:15.473Z,vcurvealmcorprates.csv,gwam_dev_ds.inv_ga_typed.alm_curvealmcorprates | Slice: 2026-04-08 09:15:18.790000 to 2026-05-13 16:45:47.950000,ADB,2026-05-15T09:01:25.000424Z
2026-05-13,JPY_Public_AAA,EOD,ALM,AggregatedSpread,Cash,6m.JPY_Public_AAA,6m,6m,true,null,0E-8,null,2026-05-13T16:30:06.197Z,null,0,Annual,Act/365,TKB,JPY,MODFOLLOWING,CreditSpread,180,null,1139,7074887,1,3,79,2026-05-01,2026-05-07T10:59:11.313Z,2026-05-14,2026-05-14T13:17:15.473Z,vcurvealmcorprates.csv,gwam_dev_ds.inv_ga_typed.alm_curvealmcorprates | Slice: 2026-04-08 09:15:18.790000 to 2026-05-13 16:45:47.950000,ADB,2026-05-15T09:01:25.000424Z
2026-05-13,JPY_Public_AAA,EOD,ALM,AggregatedSpread,Cash,1y.JPY_Public_AAA,1y,1y,true,null,0E-8,null,2026-05-13T16:30:06.197Z,null,1,Semi Annual,NL/365,TKB,JPY,MODFOLLOWING,CreditSpread,360,null,1140,7074887,1,3,79,2026-05-01,2026-05-07T10:59:11.313Z,2026-05-14,2026-05-14T13:17:15.473Z,vcurvealmcorprates.csv,gwam_dev_ds.inv_ga_typed.alm_curvealmcorprates | Slice: 2026-04-08 09:15:18.790000 to 2026-05-13 16:45:47.950000,ADB,2026-05-15T09:01:25.000424Z
2026-05-13,JPY_Public_AAA,EOD,ALM,AggregatedSpread,Bond,2y.JPY_Public_AAA,2y,2y,true,null,0E-8,null,2026-05-13T16:30:06.197Z,null,1,Semi Annual,NL/365,TKB,JPY,MODFOLLOWING,CreditSpread,720,null,1141,7074887,1,3,79,2026-05-01,2026-05-07T10:59:11.313Z,2026-05-14,2026-05-14T13:17:15.473Z,vcurvealmcorprates.csv,gwam_dev_ds.inv_ga_typed.alm_curvealmcorprates | Slice: 2026-04-08 09:15:18.790000 to 2026-05-13 16:45:47.950000,ADB,2026-05-15T09:01:25.000424Z
2026-05-13,JPY_Public_AAA,EOD,ALM,AggregatedSpread,Bond,3y.JPY_Public_AAA,3y,3y,true,null,0E-8,null,2026-05-13T16:30:06.197Z,null,1,Semi Annual,NL/365,TKB,JPY,MODFOLLOWING,CreditSpread,1080,null,1142,7074887,1,3,79,2026-05-01,2026-05-07T10:59:11.313Z,2026-05-14,2026-05-14T13:17:15.473Z,vcurvealmcorprates.csv,gwam_dev_ds.inv_ga_typed.alm_curvealmcorprates | Slice: 2026-04-08 09:15:18.790000 to 2026-05-13 16:45:47.950000,ADB,2026-05-15T09:01:25.000424Z
2026-05-13,USD_Public_CCC-,EOD,ALM,AggregatedSpread,Cash,3m.USD_Public_CCC-,3m,3m,true,null,0.11614257,null,2026-05-13T16:30:06.197Z,null,0,Annual,Act/360,NYB,USD,MODFOLLOWING,CreditSpread,90,null,1454,7072831,2,3,7441,2026-05-05,2026-05-06T09:53:53.443Z,2026-05-14,2026-05-14T13:17:15.473Z,vcurvealmcorprates.csv,gwam_dev_ds.inv_ga_typed.alm_curvealmcorprates | Slice: 2026-04-08 09:15:18.790000 to 2026-05-13 16:45:47.950000,ADB,2026-05-15T09:01:25.000424Z
2026-05-13,USD_Public_CCC-,EOD,ALM,AggregatedSpread,Cash,6m.USD_Public_CCC-,6m,6m,true,null,0.11614257,null,2026-05-13T16:30:06.197Z,null,0,Annual,Act/360,NYB,USD,MODFOLLOWING,CreditSpread,180,null,1455,7072831,2,3,7441,2026-05-05,2026-05-06T09:53:53.443Z,2026-05-14,2026-05-14T13:17:15.473Z,vcurvealmcorprates.csv,gwam_dev_ds.inv_ga_typed.alm_curvealmcorprates | Slice: 2026-04-08 09:15:18.790000 to 2026-05-13 16:45:47.950000,ADB,2026-05-15T09:01:25.000424Z
2026-05-13,USD_Public_CCC-,EOD,ALM,AggregatedSpread,Cash,1y.USD_Public_CCC-,1y,1y,true,null,0.11614257,null,2026-05-13T16:30:06.197Z,null,1,Semi Annual,ACT/ACT,NYB,USD,MODFOLLOWING,CreditSpread,360,null,1456,7072831,2,3,7441,2026-05-05,2026-05-06T09:53:53.443Z,2026-05-14,2026-05-14T13:17:15.473Z,vcurvealmcorprates.csv,gwam_dev_ds.inv_ga_typed.alm_curvealmcorprates | Slice: 2026-04-08 09:15:18.790000 to 2026-05-13 16:45:47.950000,ADB,2026-05-15T09:01:25.000424Z
2026-05-13,USD_Public_CCC-,EOD,ALM,AggregatedSpread,Bond,2y.USD_Public_CCC-,2y,2y,true,null,0.12279424,null,2026-05-13T16:30:06.197Z,null,1,Semi Annual,ACT/ACT,NYB,USD,MODFOLLOWING,CreditSpread,720,null,1457,7072831,2,3,7441,2026-05-05,2026-05-06T09:53:53.443Z,2026-05-14,2026-05-14T13:17:15.473Z,vcurvealmcorprates.csv,gwam_dev_ds.inv_ga_typed.alm_curvealmcorprates | Slice: 2026-04-08 09:15:18.790000 to 2026-05-13 16:45:47.950000,ADB,2026-05-15T09:01:25.000424Z
2026-05-13,USD_Public_CCC-,EOD,ALM,AggregatedSpread,Bond,3y.USD_Public_CCC-,3y,3y,true,null,0.12729998,null,2026-05-13T16:30:06.197Z,null,1,Semi Annual,ACT/ACT,NYB,USD,MODFOLLOWING,CreditSpread,1080,null,1458,7072831,2,3,7441,2026-05-05,2026-05-06T09:53:53.443Z,2026-05-14,2026-05-14T13:17:15.473Z,vcurvealmcorprates.csv,gwam_dev_ds.inv_ga_typed.alm_curvealmcorprates | Slice: 2026-04-08 09:15:18.790000 to 2026-05-13 16:45:47.950000,ADB,2026-05-15T09:01:25.000424Z
2026-05-13,USD_Public_CCC-,EOD,ALM,AggregatedSpread,Bond,5y.USD_Public_CCC-,5y,5y,true,null,0.12990459,null,2026-05-13T16:30:06.197Z,null,1,Semi Annual,ACT/ACT,NYB,USD,MODFOLLOWING,CreditSpread,1800,null,1459,7072831,2,3,7441,2026-05-05,2026-05-06T09:53:53.443Z,2026-05-14,2026-05-14T13:17:15.473Z,vcurvealmcorprates.csv,gwam_dev_ds.inv_ga_typed.alm_curvealmcorprates | Slice: 2026-04-08 09:15:18.790000 to 2026-05-13 16:45:47.950000,ADB,2026-05-15T09:01:25.000424Z
2026-05-13,USD_Public_CCC-,EOD,ALM,AggregatedSpread,Bond,7y.USD_Public_CCC-,7y,7y,true,null,0.12401819,null,2026-05-13T16:30:06.197Z,null,1,Semi Annual,ACT/ACT,NYB,USD,MODFOLLOWING,CreditSpread,2520,null,1460,7072831,2,3,7441,2026-05-05,2026-05-06T09:53:53.443Z,2026-05-14,2026-05-14T13:17:15.473Z,vcurvealmcorprates.csv,gwam_dev_ds.inv_ga_typed.alm_curvealmcorprates | Slice: 2026-04-08 09:15:18.790000 to 2026-05-13 16:45:47.950000,ADB,2026-05-15T09:01:25.000424Z
2026-05-13,USD_Public_CCC-,EOD,ALM,AggregatedSpread,Bond,10y.USD_Public_CCC-,10y,10y,true,null,0.09940314,null,2026-05-13T16:30:06.197Z,null,1,Semi Annual,ACT/ACT,NYB,USD,MODFOLLOWING,CreditSpread,3600,null,1461,7072831,2,3,7441,2026-05-05,2026-05-06T09:53:53.443Z,2026-05-14,2026-05-14T13:17:15.473Z,vcurvealmcorprates.csv,gwam_dev_ds.inv_ga_typed.alm_curvealmcorprates | Slice: 2026-04-08 09:15:18.790000 to 2026-05-13 16:45:47.950000,ADB,2026-05-15T09:01:25.000424Z
2026-05-13,USD_Public_CCC-,EOD,ALM,AggregatedSpread,Bond,20y.USD_Public_CCC-,20y,20y,true,null,0.09940314,null,2026-05-13T16:30:06.197Z,null,1,Semi Annual,ACT/ACT,NYB,USD,MODFOLLOWING,CreditSpread,7200,null,1462,7072831,2,3,7441,2026-05-05,2026-05-06T09:53:53.443Z,2026-05-14,2026-05-14T13:17:15.473Z,vcurvealmcorprates.csv,gwam_dev_ds.inv_ga_typed.alm_curvealmcorprates | Slice: 2026-04-08 09:15:18.790000 to 2026-05-13 16:45:47.950000,ADB,2026-05-15T09:01:25.000424Z
2026-05-13,USD_Public_CCC-,EOD,ALM,AggregatedSpread,Bond,30y.USD_Public_CCC-,30y,30y,true,null,0.09940314,null,2026-05-13T16:30:06.197Z,null,1,Semi Annual,ACT/ACT,NYB,USD,MODFOLLOWING,CreditSpread,10800,null,1463,7072831,2,3,7441,2026-05-05,2026-05-06T09:53:53.443Z,2026-05-14,2026-05-14T13:17:15.473Z,vcurvealmcorprates.csv,gwam_dev_ds.inv_ga_typed.alm_curvealmcorprates | Slice: 2026-04-08 09:15:18.790000 to 2026-05-13 16:45:47.950000,ADB,2026-05-15T09:01:25.000424Z
2026-05-13,USD_Public_BB+,EOD,ALM,AggregatedSpread,Cash,3m.USD_Public_BB+,3m,3m,true,null,0.00880555,null,2026-05-13T16:30:06.197Z,null,0,Annual,Act/360,NYB,USD,MODFOLLOWING,CreditSpread,90,null,1388,7072824,2,3,7434,2026-05-05,2026-05-06T09:53:53.443Z,2026-05-14,2026-05-14T13:17:15.473Z,vcurvealmcorprates.csv,gwam_dev_ds.inv_ga_typed.alm_curvealmcorprates | Slice: 2026-04-08 09:15:18.790000 to 2026-05-13 16:45:47.950000,ADB,2026-05-15T09:01:25.000424Z
2026-05-13,USD_Public_BB+,EOD,ALM,AggregatedSpread,Cash,6m.USD_Public_BB+,6m,6m,true,null,0.00880555,null,2026-05-13T16:30:06.197Z,null,0,Annual,Act/360,NYB,USD,MODFOLLOWING,CreditSpread,180,null,1389,7072824,2,3,7434,2026-05-05,2026-05-06T09:53:53.443Z,2026-05-14,2026-05-14T13:17:15.473Z,vcurvealmcorprates.csv,gwam_dev_ds.inv_ga_typed.alm_curvealmcorprates | Slice: 2026-04-08 09:15:18.790000 to 2026-05-13 16:45:47.950000,ADB,2026-05-15T09:01:25.000424Z
2026-05-13,USD_Public_BB+,EOD,ALM,AggregatedSpread,Cash,1y.USD_Public_BB+,1y,1y,true,null,0.00880555,null,2026-05-13T16:30:06.197Z,null,1,Semi Annual,ACT/ACT,NYB,USD,MODFOLLOWING,CreditSpread,360,null,1390,7072824,2,3,7434,2026-05-05,2026-05-06T09:53:53.443Z,2026-05-14,2026-05-14T13:17:15.473Z,vcurvealmcorprates.csv,gwam_dev_ds.inv_ga_typed.alm_curvealmcorprates | Slice: 2026-04-08 09:15:18.790000 to 2026-05-13 16:45:47.950000,ADB,2026-05-15T09:01:25.000424Z
2026-05-13,USD_Public_BB+,EOD,ALM,AggregatedSpread,Bond,2y.USD_Public_BB+,2y,2y,true,null,0.01043218,null,2026-05-13T16:30:06.197Z,null,1,Semi Annual,ACT/ACT,NYB,USD,MODFOLLOWING,CreditSpread,720,null,1391,7072824,2,3,7434,2026-05-05,2026-05-06T09:53:53.443Z,2026-05-14,2026-05-14T13:17:15.473Z,vcurvealmcorprates.csv,gwam_dev_ds.inv_ga_typed.alm_curvealmcorprates | Slice: 2026-04-08 09:15:18.790000 to 2026-05-13 16:45:47.950000,ADB,2026-05-15T09:01:25.000424Z
2026-05-13,USD_Public_BB+,EOD,ALM,AggregatedSpread,Bond,3y.USD_Public_BB+,3y,3y,true,null,0.01191714,null,2026-05-13T16:30:06.197Z,null,1,Semi Annual,ACT/ACT,NYB,USD,MODFOLLOWING,CreditSpread,1080,null,1392,7072824,2,3,7434,2026-05-05,2026-05-06T09:53:53.443Z,2026-05-14,2026-05-14T13:17:15.473Z,vcurvealmcorprates.csv,gwam_dev_ds.inv_ga_typed.alm_curvealmcorprates | Slice: 2026-04-08 09:15:18.790000 to 2026-05-13 16:45:47.950000,ADB,2026-05-15T09:01:25.000424Z
2026-05-13,USD_Public_BB+,EOD,ALM,AggregatedSpread,Bond,5y.USD_Public_BB+,5y,5y,true,null,0.01449294,null,2026-05-13T16:30:06.197Z,null,1,Semi Annual,ACT/ACT,NYB,USD,MODFOLLOWING,CreditSpread,1800,null,1393,7072824,2,3,7434,2026-05-05,2026-05-06T09:53:53.443Z,2026-05-14,2026-05-14T13:17:15.473Z,vcurvealmcorprates.csv,gwam_dev_ds.inv_ga_typed.alm_curvealmcorprates | Slice: 2026-04-08 09:15:18.790000 to 2026-05-13 16:45:47.950000,ADB,2026-05-15T09:01:25.000424Z
2026-05-13,USD_Public_BB+,EOD,ALM,AggregatedSpread,Bond,7y.USD_Public_BB+,7y,7y,true,null,0.01659475,null,2026-05-13T16:30:06.197Z,null,1,Semi Annual,ACT/ACT,NYB,USD,MODFOLLOWING,CreditSpread,2520,null,1394,7072824,2,3,7434,2026-05-05,2026-05-06T09:53:53.443Z,2026-05-14,2026-05-14T13:17:15.473Z,vcurvealmcorprates.csv,gwam_dev_ds.inv_ga_typed.alm_curvealmcorprates | Slice: 2026-04-08 09:15:18.790000 to 2026-05-13 16:45:47.950000,ADB,2026-05-15T09:01:25.000424Z
2026-05-13,USD_Public_BB+,EOD,ALM,AggregatedSpread,Bond,10y.USD_Public_BB+,10y,10y,true,null,0.01899390,null,2026-05-13T16:30:06.197Z,null,1,Semi Annual,ACT/ACT,NYB,USD,MODFOLLOWING,CreditSpread,3600,null,1395,7072824,2,3,7434,2026-05-05,2026-05-06T09:53:53.443Z,2026-05-14,2026-05-14T13:17:15.473Z,vcurvealmcorprates.csv,gwam_dev_ds.inv_ga_typed.alm_curvealmcorprates | Slice: 2026-04-08 09:15:18.790000 to 2026-05-13 16:45:47.950000,ADB,2026-05-15T09:01:25.000424Z
2026-05-13,USD_Public_BB+,EOD,ALM,AggregatedSpread,Bond,20y.USD_Public_BB+,20y,20y,true,null,0.01899390,null,2026-05-13T16:30:06.197Z,null,1,Semi Annual,ACT/ACT,NYB,USD,MODFOLLOWING,CreditSpread,7200,null,1396,7072824,2,3,7434,2026-05-05,2026-05-06T09:53:53.443Z,2026-05-14,2026-05-14T13:17:15.473Z,vcurvealmcorprates.csv,gwam_dev_ds.inv_ga_typed.alm_curvealmcorprates | Slice: 2026-04-08 09:15:18.790000 to 2026-05-13 16:45:47.950000,ADB,2026-05-15T09:01:25.000424Z
2026-05-13,USD_Public_BB+,EOD,ALM,AggregatedSpread,Bond,30y.USD_Public_BB+,30y,30y,true,null,0.01899390,null,2026-05-13T16:30:06.197Z,null,1,Semi Annual,ACT/ACT,NYB,USD,MODFOLLOWING,CreditSpread,10800,null,1397,7072824,2,3,7434,2026-05-05,2026-05-06T09:53:53.443Z,2026-05-14,2026-05-14T13:17:15.473Z,vcurvealmcorprates.csv,gwam_dev_ds.inv_ga_typed.alm_curvealmcorprates | Slice: 2026-04-08 09:15:18.790000 to 2026-05-13 16:45:47.950000,ADB,2026-05-15T09:01:25.000424Z
2026-05-13,AUD_Public_AA,EOD,ALM,AggregatedSpread,Bond,10y.AUD_Public_AA,10y,10y,true,null,0.00802465,null,2026-05-13T16:30:06.197Z,null,0,null,Act/360,SYB,AUD,MODFOLLOWING,CreditSpread,3600,null,3296,7072857,1,3,3402,2026-05-05,2026-05-06T09:54:02.3Z,2026-05-14,2026-05-14T13:17:15.473Z,vcurvealmcorprates.csv,gwam_dev_ds.inv_ga_typed.alm_curvealmcorprates | Slice: 2026-04-08 09:15:18.790000 to 2026-05-13 16:45:47.950000,ADB,2026-05-15T09:01:25.000424Z
2026-05-13,AUD_Public_AA,EOD,ALM,AggregatedSpread,Bond,1y.AUD_Public_AA,1y,1y,true,null,0.00664265,null,2026-05-13T16:30:06.197Z,null,0,null,Act/360,SYB,AUD,MODFOLLOWING,CreditSpread,360,null,3528,7072857,1,3,3402,2026-05-05,2026-05-06T09:54:02.3Z,2026-05-14,2026-05-14T13:17:15.473Z,vcurvealmcorprates.csv,gwam_dev_ds.inv_ga_typed.alm_curvealmcorprates | Slice: 2026-04-08 09:15:18.790000 to 2026-05-13 16:45:47.950000,ADB,2026-05-15T09:01:25.000424Z
2026-05-13,AUD_Public_AA,EOD,ALM,AggregatedSpread,Bond,20y.AUD_Public_AA,20y,20y,true,null,0.00802465,null,2026-05-13T16:30:06.197Z,null,0,null,Act/360,SYB,AUD,MODFOLLOWING,CreditSpread,7200,null,3727,7072857,1,3,3402,2026-05-05,2026-05-06T09:54:02.3Z,2026-05-14,2026-05-14T13:17:15.473Z,vcurvealmcorprates.csv,gwam_dev_ds.inv_ga_typed.alm_curvealmcorprates | Slice: 2026-04-08 09:15:18.790000 to 2026-05-13 16:45:47.950000,ADB,2026-05-15T09:01:25.000424Z
2026-05-13,AUD_Public_AA,EOD,ALM,AggregatedSpread,Bond,2y.AUD_Public_AA,2y,2y,true,null,0.00664144,null,2026-05-13T16:30:06.197Z,null,0,null,Act/360,SYB,AUD,MODFOLLOWING,CreditSpread,720,null,3937,7072857,1,3,3402,2026-05-05,2026-05-06T09:54:02.3Z,2026-05-14,2026-05-14T13:17:15.473Z,vcurvealmcorprates.csv,gwam_dev_ds.inv_ga_typed.alm_curvealmcorprates | Slice: 2026-04-08 09:15:18.790000 to 2026-05-13 16:45:47.950000,ADB,2026-05-15T09:01:25.000424Z
2026-05-13,AUD_Public_AA,EOD,ALM,AggregatedSpread,Bond,30y.AUD_Public_AA,30y,30y,true,null,0.00802465,null,2026-05-13T16:30:06.197Z,null,0,null,Act/360,SYB,AUD,MODFOLLOWING,CreditSpread,10800,null,4136,7072857,1,3,3402,2026-05-05,2026-05-06T09:54:02.3Z,2026-05-14,2026-05-14T13:17:15.473Z,vcurvealmcorprates.csv,gwam_dev_ds.inv_ga_typed.alm_curvealmcorprates | Slice: 2026-04-08 09:15:18.790000 to 2026-05-13 16:45:47.950000,ADB,2026-05-15T09:01:25.000424Z
2026-05-13,AUD_Public_AA,EOD,ALM,AggregatedSpread,Cash,3m.AUD_Public_AA,3m,3m,true,null,0.00664265,null,2026-05-13T16:30:06.197Z,null,0,null,Act/360,SYB,AUD,MODFOLLOWING,CreditSpread,90,null,4335,7072857,1,3,3402,2026-05-05,2026-05-06T09:54:02.3Z,2026-05-14,2026-05-14T13:17:15.473Z,vcurvealmcorprates.csv,gwam_dev_ds.inv_ga_typed.alm_curvealmcorprates | Slice: 2026-04-08 09:15:18.790000 to 2026-05-13 16:45:47.950000,ADB,2026-05-15T09:01:25.000424Z
2026-05-13,AUD_Public_AA,EOD,ALM,AggregatedSpread,Bond,3y.AUD_Public_AA,3y,3y,true,null,0.00669253,null,2026-05-13T16:30:06.197Z,null,0,null,Act/360,SYB,AUD,MODFOLLOWING,CreditSpread,1080,null,4534,7072857,1,3,3402,2026-05-05,2026-05-06T09:54:02.3Z,2026-05-14,2026-05-14T13:17:15.473Z,vcurvealmcorprates.csv,gwam_dev_ds.inv_ga_typed.alm_curvealmcorprates | Slice: 2026-04-08 09:15:18.790000 to 2026-05-13 16:45:47.950000,ADB,2026-05-15T09:01:25.000424Z
2026-05-13,AUD_Public_AA,EOD,ALM,AggregatedSpread,Bond,5y.AUD_Public_AA,5y,5y,true,null,0.00692829,null,2026-05-13T16:30:06.197Z,null,0,null,Act/360,SYB,AUD,MODFOLLOWING,CreditSpread,1800,null,4742,7072857,1,3,3402,2026-05-05,2026-05-06T09:54:02.3Z,2026-05-14,2026-05-14T13:17:15.473Z,vcurvealmcorprates.csv,gwam_dev_ds.inv_ga_typed.alm_curvealmcorprates | Slice: 2026-04-08 09:15:18.790000 to 2026-05-13 16:45:47.950000,ADB,2026-05-15T09:01:25.000424Z
2026-05-13,AUD_Public_AA,EOD,ALM,AggregatedSpread,Cash,6m.AUD_Public_AA,6m,6m,true,null,0.00664265,null,2026-05-13T16:30:06.197Z,null,0,null,Act/360,SYB,AUD,MODFOLLOWING,CreditSpread,180,null,4941,7072857,1,3,3402,2026-05-05,2026-05-06T09:54:02.3Z,2026-05-14,2026-05-14T13:17:15.473Z,vcurvealmcorprates.csv,gwam_dev_ds.inv_ga_typed.alm_curvealmcorprates | Slice: 2026-04-08 09:15:18.790000 to 2026-05-13 16:45:47.950000,ADB,2026-05-15T09:01:25.000424Z
2026-05-13,AUD_Public_AA,EOD,ALM,AggregatedSpread,Bond,7y.AUD_Public_AA,7y,7y,true,null,0.00730326,null,2026-05-13T16:30:06.197Z,null,0,null,Act/360,SYB,AUD,MODFOLLOWING,CreditSpread,2520,null,5144,7072857,1,3,3402,2026-05-05,2026-05-06T09:54:02.3Z,2026-05-14,2026-05-14T13:17:15.473Z,vcurvealmcorprates.csv,gwam_dev_ds.inv_ga_typed.alm_curvealmcorprates | Slice: 2026-04-08 09:15:18.790000 to 2026-05-13 16:45:47.950000,ADB,2026-05-15T09:01:25.000424Z
2026-05-13,ADB_ADB.ALL_Public_BBB+,EOD,ALM,AggregatedSpread,Cash,3m.ADB_ADB.ALL_Public_BBB+,3m,3m,true,null,0.00569977,null,2026-05-13T16:30:06.197Z,null,0,null,Act/360,NYB,ADB,MODFOLLOWING,CreditSpread,90,null,8474,7072907,1,3,9795,2026-05-05,2026-05-06T10:22:25.443Z,2026-05-14,2026-05-14T13:17:15.473Z,vcurvealmcorprates.csv,gwam_dev_ds.inv_ga_typed.alm_curvealmcorprates | Slice: 2026-04-08 09:15:18.790000 to 2026-05-13 16:45:47.950000,ADB,2026-05-15T09:01:25.000424Z
2026-05-13,ADB_ADB.ALL_Public_BBB+,EOD,ALM,AggregatedSpread,Cash,6m.ADB_ADB.ALL_Public_BBB+,6m,6m,true,null,0.00569977,null,2026-05-13T16:30:06.197Z,null,0,null,Act/360,NYB,ADB,MODFOLLOWING,CreditSpread,180,null,8475,7072907,1,3,9795,2026-05-05,2026-05-06T10:22:25.443Z,2026-05-14,2026-05-14T13:17:15.473Z,vcurvealmcorprates.csv,gwam_dev_ds.inv_ga_typed.alm_curvealmcorprates | Slice: 2026-04-08 09:15:18.790000 to 2026-05-13 16:45:47.950000,ADB,2026-05-15T09:01:25.000424Z
2026-05-13,ADB_ADB.ALL_Public_BBB+,EOD,ALM,AggregatedSpread,Bond,1y.ADB_ADB.ALL_Public_BBB+,1y,1y,true,null,0.00569977,null,2026-05-13T16:30:06.197Z,null,0,null,Act/360,NYB,ADB,MODFOLLOWING,CreditSpread,360,null,8476,7072907,1,3,9795,2026-05-05,2026-05-06T10:22:25.443Z,2026-05-14,2026-05-14T13:17:15.473Z,vcurvealmcorprates.csv,gwam_dev_ds.inv_ga_typed.alm_curvealmcorprates | Slice: 2026-04-08 09:15:18.790000 to 2026-05-13 16:45:47.950000,ADB,2026-05-15T09:01:25.000424Z
2026-05-13,ADB_ADB.ALL_Public_BBB+,EOD,ALM,AggregatedSpread,Bond,2y.ADB_ADB.ALL_Public_BBB+,2y,2y,true,null,0.00592138,null,2026-05-13T16:30:06.197Z,null,0,null,Act/360,NYB,ADB,MODFOLLOWING,CreditSpread,720,null,8477,7072907,1,3,9795,2026-05-05,2026-05-06T10:22:25.443Z,2026-05-14,2026-05-14T13:17:15.473Z,vcurvealmcorprates.csv,gwam_dev_ds.inv_ga_typed.alm_curvealmcorprates | Slice: 2026-04-08 09:15:18.790000 to 2026-05-13 16:45:47.950000,ADB,2026-05-15T09:01:25.000424Z
2026-05-13,ADB_ADB.ALL_Public_BBB+,EOD,ALM,AggregatedSpread,Bond,3y.ADB_ADB.ALL_Public_BBB+,3y,3y,true,null,0.00618011,null,2026-05-13T16:30:06.197Z,null,0,null,Act/360,NYB,ADB,MODFOLLOWING,CreditSpread,1080,null,8478,7072907,1,3,9795,2026-05-05,2026-05-06T10:22:25.443Z,2026-05-14,2026-05-14T13:17:15.473Z,vcurvealmcorprates.csv,gwam_dev_ds.inv_ga_typed.alm_curvealmcorprates | Slice: 2026-04-08 09:15:18.790000 to 2026-05-13 16:45:47.950000,ADB,2026-05-15T09:01:25.000424Z
2026-05-13,ADB_ADB.ALL_Public_BBB+,EOD,ALM,AggregatedSpread,Bond,5y.ADB_ADB.ALL_Public_BBB+,5y,5y,true,null,0.00665771,null,2026-05-13T16:30:06.197Z,null,0,null,Act/360,NYB,ADB,MODFOLLOWING,CreditSpread,1800,null,8479,7072907,1,3,9795,2026-05-05,2026-05-06T10:22:25.443Z,2026-05-14,2026-05-14T13:17:15.473Z,vcurvealmcorprates.csv,gwam_dev_ds.inv_ga_typed.alm_curvealmcorprates | Slice: 2026-04-08 09:15:18.790000 to 2026-05-13 16:45:47.950000,ADB,2026-05-15T09:01:25.000424Z
2026-05-13,ADB_ADB.ALL_Public_BBB+,EOD,ALM,AggregatedSpread,Bond,7y.ADB_ADB.ALL_Public_BBB+,7y,7y,true,null,0.00715887,null,2026-05-13T16:30:06.197Z,null,0,null,Act/360,NYB,ADB,MODFOLLOWING,CreditSpread,2520,null,8480,7072907,1,3,9795,2026-05-05,2026-05-06T10:22:25.443Z,2026-05-14,2026-05-14T13:17:15.473Z,vcurvealmcorprates.csv,gwam_dev_ds.inv_ga_typed.alm_curvealmcorprates | Slice: 2026-04-08 09:15:18.790000 to 2026-05-13 16:45:47.950000,ADB,2026-05-15T09:01:25.000424Z
2026-05-13,ADB_ADB.ALL_Public_BBB+,EOD,ALM,AggregatedSpread,Bond,10y.ADB_ADB.ALL_Public_BBB+,10y,10y,true,null,0.00782036,null,2026-05-13T16:30:06.197Z,null,0,null,Act/360,NYB,ADB,MODFOLLOWING,CreditSpread,3600,null,8481,7072907,1,3,9795,2026-05-05,2026-05-06T10:22:25.443Z,2026-05-14,2026-05-14T13:17:15.473Z,vcurvealmcorprates.csv,gwam_dev_ds.inv_ga_typed.alm_curvealmcorprates | Slice: 2026-04-08 09:15:18.790000 to 2026-05-13 16:45:47.950000,ADB,2026-05-15T09:01:25.000424Z
2026-05-13,ADB_ADB.ALL_Public_BBB+,EOD,ALM,AggregatedSpread,Bond,20y.ADB_ADB.ALL_Public_BBB+,20y,20y,true,null,0.00784636,null,2026-05-13T16:30:06.197Z,null,0,null,Act/360,NYB,ADB,MODFOLLOWING,CreditSpread,7200,null,8482,7072907,1,3,9795,2026-05-05,2026-05-06T10:22:25.443Z,2026-05-14,2026-05-14T13:17:15.473Z,vcurvealmcorprates.csv,gwam_dev_ds.inv_ga_typed.alm_curvealmcorprates | Slice: 2026-04-08 09:15:18.790000 to 2026-05-13 16:45:47.950000,ADB,2026-05-15T09:01:25.000424Z
2026-05-13,ADB_ADB.ALL_Public_BBB+,EOD,ALM,AggregatedSpread,Bond,30y.ADB_ADB.ALL_Public_BBB+,30y,30y,true,null,0.00798837,null,2026-05-13T16:30:06.197Z,null,0,null,Act/360,NYB,ADB,MODFOLLOWING,CreditSpread,10800,null,8483,7072907,1,3,9795,2026-05-05,2026-05-06T10:22:25.443Z,2026-05-14,2026-05-14T13:17:15.473Z,vcurvealmcorprates.csv,gwam_dev_ds.inv_ga_typed.alm_curvealmcorprates | Slice: 2026-04-08 09:15:18.790000 to 2026-05-13 16:45:47.950000,ADB,2026-05-15T09:01:25.000424Z
2026-05-13,ADB_ADB.EXCNY_Public_A+,EOD,ALM,AggregatedSpread,Cash,3m.ADB_ADB.EXCNY_Public_A+,3m,3m,true,null,0.00455053,null,2026-05-13T16:30:06.197Z,null,0,null,Act/360,NYB,ADB,MODFOLLOWING,CreditSpread,90,null,8614,7072957,1,3,9809,2026-05-05,2026-05-06T10:30:46.143Z,2026-05-14,2026-05-14T13:17:15.473Z,vcurvealmcorprates.csv,gwam_dev_ds.inv_ga_typed.alm_curvealmcorprates | Slice: 2026-04-08 09:15:18.790000 to 2026-05-13 16:45:47.950000,ADB,2026-05-15T09:01:25.000424Z
2026-05-13,ADB_ADB.EXCNY_Public_A+,EOD,ALM,AggregatedSpread,Cash,6m.ADB_ADB.EXCNY_Public_A+,6m,6m,true,null,0.00455053,null,2026-05-13T16:30:06.197Z,null,0,null,Act/360,NYB,ADB,MODFOLLOWING,CreditSpread,180,null,8615,7072957,1,3,9809,2026-05-05,2026-05-06T10:30:46.143Z,2026-05-14,2026-05-14T13:17:15.473Z,vcurvealmcorprates.csv,gwam_dev_ds.inv_ga_typed.alm_curvealmcorprates | Slice: 2026-04-08 09:15:18.790000 to 2026-05-13 16:45:47.950000,ADB,2026-05-15T09:01:25.000424Z
2026-05-13,ADB_ADB.EXCNY_Public_A+,EOD,ALM,AggregatedSpread,Bond,1y.ADB_ADB.EXCNY_Public_A+,1y,1y,true,null,0.00455053,null,2026-05-13T16:30:06.197Z,null,0,null,Act/360,NYB,ADB,MODFOLLOWING,CreditSpread,360,null,8616,7072957,1,3,9809,2026-05-05,2026-05-06T10:30:46.143Z,2026-05-14,2026-05-14T13:17:15.473Z,vcurvealmcorprates.csv,gwam_dev_ds.inv_ga_typed.alm_curvealmcorprates | Slice: 2026-04-08 09:15:18.790000 to 2026-05-13 16:45:47.950000,ADB,2026-05-15T09:01:25.000424Z
2026-05-13,ADB_ADB.EXCNY_Public_A+,EOD,ALM,AggregatedSpread,Bond,2y.ADB_ADB.EXCNY_Public_A+,2y,2y,true,null,0.00448164,null,2026-05-13T16:30:06.197Z,null,0,null,Act/360,NYB,ADB,MODFOLLOWING,CreditSpread,720,null,8617,7072957,1,3,9809,2026-05-05,2026-05-06T10:30:46.143Z,2026-05-14,2026-05-14T13:17:15.473Z,vcurvealmcorprates.csv,gwam_dev_ds.inv_ga_typed.alm_curvealmcorprates | Slice: 2026-04-08 09:15:18.790000 to 2026-05-13 16:45:47.950000,ADB,2026-05-15T09:01:25.000424Z
2026-05-13,ADB_ADB.EXCNY_Public_A+,EOD,ALM,AggregatedSpread,Bond,3y.ADB_ADB.EXCNY_Public_A+,3y,3y,true,null,0.00440122,null,2026-05-13T16:30:06.197Z,null,0,null,Act/360,NYB,ADB,MODFOLLOWING,CreditSpread,1080,null,8618,7072957,1,3,9809,2026-05-05,2026-05-06T10:30:46.143Z,2026-05-14,2026-05-14T13:17:15.473Z,vcurvealmcorprates.csv,gwam_dev_ds.inv_ga_typed.alm_curvealmcorprates | Slice: 2026-04-08 09:15:18.790000 to 2026-05-13 16:45:47.950000,ADB,2026-05-15T09:01:25.000424Z
2026-05-13,ADB_ADB.EXCNY_Public_A+,EOD,ALM,AggregatedSpread,Bond,5y.ADB_ADB.EXCNY_Public_A+,5y,5y,true,null,0.00438653,null,2026-05-13T16:30:06.197Z,null,0,null,Act/360,NYB,ADB,MODFOLLOWING,CreditSpread,1800,null,8619,7072957,1,3,9809,2026-05-05,2026-05-06T10:30:46.143Z,2026-05-14,2026-05-14T13:17:15.473Z,vcurvealmcorprates.csv,gwam_dev_ds.inv_ga_typed.alm_curvealmcorprates | Slice: 2026-04-08 09:15:18.790000 to 2026-05-13 16:45:47.950000,ADB,2026-05-15T09:01:25.000424Z
2026-05-13,ADB_ADB.EXCNY_Public_A+,EOD,ALM,AggregatedSpread,Bond,7y.ADB_ADB.EXCNY_Public_A+,7y,7y,true,null,0.00438711,null,2026-05-13T16:30:06.197Z,null,0,null,Act/360,NYB,ADB,MODFOLLOWING,CreditSpread,2520,null,8620,7072957,1,3,9809,2026-05-05,2026-05-06T10:30:46.143Z,2026-05-14,2026-05-14T13:17:15.473Z,vcurvealmcorprates.csv,gwam_dev_ds.inv_ga_typed.alm_curvealmcorprates | Slice: 2026-04-08 09:15:18.790000 to 2026-05-13 16:45:47.950000,ADB,2026-05-15T09:01:25.000424Z
2026-05-13,ADB_ADB.EXCNY_Public_A+,EOD,ALM,AggregatedSpread,Bond,10y.ADB_ADB.EXCNY_Public_A+,10y,10y,true,null,0.00441426,null,2026-05-13T16:30:06.197Z,null,0,null,Act/360,NYB,ADB,MODFOLLOWING,CreditSpread,3600,null,8621,7072957,1,3,9809,2026-05-05,2026-05-06T10:30:46.143Z,2026-05-14,2026-05-14T13:17:15.473Z,vcurvealmcorprates.csv,gwam_dev_ds.inv_ga_typed.alm_curvealmcorprates | Slice: 2026-04-08 09:15:18.790000 to 2026-05-13 16:45:47.950000,ADB,2026-05-15T09:01:25.000424Z
2026-05-13,ADB_ADB.EXCNY_Public_A+,EOD,ALM,AggregatedSpread,Bond,20y.ADB_ADB.EXCNY_Public_A+,20y,20y,true,null,0.00493374,null,2026-05-13T16:30:06.197Z,null,0,null,Act/360,NYB,ADB,MODFOLLOWING,CreditSpread,7200,null,8622,7072957,1,3,9809,2026-05-05,2026-05-06T10:30:46.143Z,2026-05-14,2026-05-14T13:17:15.473Z,vcurvealmcorprates.csv,gwam_dev_ds.inv_ga_typed.alm_curvealmcorprates | Slice: 2026-04-08 09:15:18.790000 to 2026-05-13 16:45:47.950000,ADB,2026-05-15T09:01:25.000424Z
2026-05-13,ADB_ADB.EXCNY_Public_A+,EOD,ALM,AggregatedSpread,Bond,30y.ADB_ADB.EXCNY_Public_A+,30y,30y,true,null,0.00553265,null,2026-05-13T16:30:06.197Z,null,0,null,Act/360,NYB,ADB,MODFOLLOWING,CreditSpread,10800,null,8623,7072957,1,3,9809,2026-05-05,2026-05-06T10:30:46.143Z,2026-05-14,2026-05-14T13:17:15.473Z,vcurvealmcorprates.csv,gwam_dev_ds.inv_ga_typed.alm_curvealmcorprates | Slice: 2026-04-08 09:15:18.790000 to 2026-05-13 16:45:47.950000,ADB,2026-05-15T09:01:25.000424Z
2026-05-13,USD_Public_CCC,EOD,ALM,AggregatedSpread,Cash,3m.USD_Public_CCC,3m,3m,true,null,0.06023836,null,2026-05-13T16:30:06.197Z,null,0,Annual,Act/360,NYB,USD,MODFOLLOWING,CreditSpread,90,null,1434,7072829,2,3,7439,2026-05-05,2026-05-06T09:53:53.443Z,2026-05-14,2026-05-14T13:17:15.473Z,vcurvealmcorprates.csv,gwam_dev_ds.inv_ga_typed.alm_curvealmcorprates | Slice: 2026-04-08 09:15:18.790000 to 2026-05-13 16:45:47.950000,ADB,2026-05-15T09:01:25.000424Z
2026-05-13,USD_Public_CCC,EOD,ALM,AggregatedSpread,Cash,6m.USD_Public_CCC,6m,6m,true,null,0.06023836,null,2026-05-13T16:30:06.197Z,null,0,Annual,Act/360,NYB,USD,MODFOLLOWING,CreditSpread,180,null,1435,7072829,2,3,7439,2026-05-05,2026-05-06T09:53:53.443Z,2026-05-14,2026-05-14T13:17:15.473Z,vcurvealmcorprates.csv,gwam_dev_ds.inv_ga_typed.alm_curvealmcorprates | Slice: 2026-04-08 09:15:18.790000 to 2026-05-13 16:45:47.950000,ADB,2026-05-15T09:01:25.000424Z
2026-05-13,USD_Public_CCC,EOD,ALM,AggregatedSpread,Cash,1y.USD_Public_CCC,1y,1y,true,null,0.06023836,null,2026-05-13T16:30:06.197Z,null,1,Semi Annual,ACT/ACT,NYB,USD,MODFOLLOWING,CreditSpread,360,null,1436,7072829,2,3,7439,2026-05-05,2026-05-06T09:53:53.443Z,2026-05-14,2026-05-14T13:17:15.473Z,vcurvealmcorprates.csv,gwam_dev_ds.inv_ga_typed.alm_curvealmcorprates | Slice: 2026-04-08 09:15:18.790000 to 2026-05-13 16:45:47.950000,ADB,2026-05-15T09:01:25.000424Z
2026-05-13,USD_Public_CCC,EOD,ALM,AggregatedSpread,Bond,2y.USD_Public_CCC,2y,2y,true,null,0.06567691,null,2026-05-13T16:30:06.197Z,null,1,Semi Annual,ACT/ACT,NYB,USD,MODFOLLOWING,CreditSpread,720,null,1437,7072829,2,3,7439,2026-05-05,2026-05-06T09:53:53.443Z,2026-05-14,2026-05-14T13:17:15.473Z,vcurvealmcorprates.csv,gwam_dev_ds.inv_ga_typed.alm_curvealmcorprates | Slice: 2026-04-08 09:15:18.790000 to 2026-05-13 16:45:47.950000,ADB,2026-05-15T09:01:25.000424Z
2026-05-13,USD_Public_CCC,EOD,ALM,AggregatedSpread,Bond,3y.USD_Public_CCC,3y,3y,true,null,0.06941087,null,2026-05-13T16:30:06.197Z,null,1,Semi Annual,ACT/ACT,NYB,USD,MODFOLLOWING,CreditSpread,1080,null,1438,7072829,2,3,7439,2026-05-05,2026-05-06T09:53:53.443Z,2026-05-14,2026-05-14T13:17:15.473Z,vcurvealmcorprates.csv,gwam_dev_ds.inv_ga_typed.alm_curvealmcorprates | Slice: 2026-04-08 09:15:18.790000 to 2026-05-13 16:45:47.950000,ADB,2026-05-15T09:01:25.000424Z
2026-05-13,USD_Public_CCC,EOD,ALM,AggregatedSpread,Bond,5y.USD_Public_CCC,5y,5y,true,null,0.07179591,null,2026-05-13T16:30:06.197Z,null,1,Semi Annual,ACT/ACT,NYB,USD,MODFOLLOWING,CreditSpread,1800,null,1439,7072829,2,3,7439,2026-05-05,2026-05-06T09:53:53.443Z,2026-05-14,2026-05-14T13:17:15.473Z,vcurvealmcorprates.csv,gwam_dev_ds.inv_ga_typed.alm_curvealmcorprates | Slice: 2026-04-08 09:15:18.790000 to 2026-05-13 16:45:47.950000,ADB,2026-05-15T09:01:25.000424Z
2026-05-13,USD_Public_CCC,EOD,ALM,AggregatedSpread,Bond,7y.USD_Public_CCC,7y,7y,true,null,0.06745525,null,2026-05-13T16:30:06.197Z,null,1,Semi Annual,ACT/ACT,NYB,USD,MODFOLLOWING,CreditSpread,2520,null,1440,7072829,2,3,7439,2026-05-05,2026-05-06T09:53:53.443Z,2026-05-14,2026-05-14T13:17:15.473Z,vcurvealmcorprates.csv,gwam_dev_ds.inv_ga_typed.alm_curvealmcorprates | Slice: 2026-04-08 09:15:18.790000 to 2026-05-13 16:45:47.950000,ADB,2026-05-15T09:01:25.000424Z
2026-05-13,USD_Public_CCC,EOD,ALM,AggregatedSpread,Bond,20y.USD_Public_CCC,20y,20y,true,null,0.04846879,null,2026-05-13T16:30:06.197Z,null,1,Semi Annual,ACT/ACT,NYB,USD,MODFOLLOWING,CreditSpread,7200,null,1442,7072829,2,3,7439,2026-05-05,2026-05-06T09:53:53.443Z,2026-05-14,2026-05-14T13:17:15.473Z,vcurvealmcorprates.csv,gwam_dev_ds.inv_ga_typed.alm_curvealmcorprates | Slice: 2026-04-08 09:15:18.790000 to 2026-05-13 16:45:47.950000,ADB,2026-05-15T09:01:25.000424Z
2026-05-13,USD_Public_CCC,EOD,ALM,AggregatedSpread,Bond,30y.USD_Public_CCC,30y,30y,true,null,0.04846879,null,2026-05-13T16:30:06.197Z,null,1,Semi Annual,ACT/ACT,NYB,USD,MODFOLLOWING,CreditSpread,10800,null,1443,7072829,2,3,7439,2026-05-05,2026-05-06T09:53:53.443Z,2026-05-14,2026-05-14T13:17:15.473Z,vcurvealmcorprates.csv,gwam_dev_ds.inv_ga_typed.alm_curvealmcorprates | Slice: 2026-04-08 09:15:18.790000 to 2026-05-13 16:45:47.950000,ADB,2026-05-15T09:01:25.000424Z
2026-05-13,CAD_Public_CCC-,EOD,ALM,AggregatedSpread,Cash,3m.CAD_Public_CCC,3m,3m,true,null,0.03940984,null,2026-05-13T16:30:06.197Z,null,0,Annual,Act/365,TRB,CAD,MODFOLLOWING,CreditSpread,90,null,1088,7065944,1,3,9541,2026-04-30,2026-05-01T10:16:05.473Z,2026-05-14,2026-05-14T13:17:15.473Z,vcurvealmcorprates.csv,gwam_dev_ds.inv_ga_typed.alm_curvealmcorprates | Slice: 2026-04-08 09:15:18.790000 to 2026-05-13 16:45:47.950000,ADB,2026-05-15T09:01:25.000424Z
2026-05-13,CAD_Public_CCC-,EOD,ALM,AggregatedSpread,Cash,6m.CAD_Public_CCC,6m,6m,true,null,0.03940984,null,2026-05-13T16:30:06.197Z,null,0,Annual,Act/365,TRB,CAD,MODFOLLOWING,CreditSpread,180,null,1089,7065944,1,3,9541,2026-04-30,2026-05-01T10:16:05.473Z,2026-05-14,2026-05-14T13:17:15.473Z,vcurvealmcorprates.csv,gwam_dev_ds.inv_ga_typed.alm_curvealmcorprates | Slice: 2026-04-08 09:15:18.790000 to 2026-05-13 16:45:47.950000,ADB,2026-05-15T09:01:25.000424Z
2026-05-13,CAD_Public_CCC-,EOD,ALM,AggregatedSpread,Cash,1y.CAD_Public_CCC,1y,1y,true,null,0.03940984,null,2026-05-13T16:30:06.197Z,null,0,Annual,Act/365,TRB,CAD,MODFOLLOWING,CreditSpread,360,null,1090,7065944,1,3,9541,2026-04-30,2026-05-01T10:16:05.473Z,2026-05-14,2026-05-14T13:17:15.473Z,vcurvealmcorprates.csv,gwam_dev_ds.inv_ga_typed.alm_curvealmcorprates | Slice: 2026-04-08 09:15:18.790000 to 2026-05-13 16:45:47.950000,ADB,2026-05-15T09:01:25.000424Z
2026-05-13,CAD_Public_CCC-,EOD,ALM,AggregatedSpread,Bond,2y.CAD_Public_CCC,2y,2y,true,null,0.03669404,null,2026-05-13T16:30:06.197Z,null,1,Semi Annual,Act/Act,TRB,CAD,MODFOLLOWING,CreditSpread,720,null,1091,7065944,1,3,9541,2026-04-30,2026-05-01T10:16:05.473Z,2026-05-14,2026-05-14T13:17:15.473Z,vcurvealmcorprates.csv,gwam_dev_ds.inv_ga_typed.alm_curvealmcorprates | Slice: 2026-04-08 09:15:18.790000 to 2026-05-13 16:45:47.950000,ADB,2026-05-15T09:01:25.000424Z
2026-05-13,CAD_Public_CCC-,EOD,ALM,AggregatedSpread,Bond,3y.CAD_Public_CCC,3y,3y,true,null,0.03576429,null,2026-05-13T16:30:06.197Z,null,1,Semi Annual,Act/Act,TRB,CAD,MODFOLLOWING,CreditSpread,1080,null,1092,7065944,1,3,9541,2026-04-30,2026-05-01T10:16:05.473Z,2026-05-14,2026-05-14T13:17:15.473Z,vcurvealmcorprates.csv,gwam_dev_ds.inv_ga_typed.alm_curvealmcorprates | Slice: 2026-04-08 09:15:18.790000 to 2026-05-13 16:45:47.950000,ADB,2026-05-15T09:01:25.000424Z
2026-05-13,CAD_Public_CCC-,EOD,ALM,AggregatedSpread,Bond,5y.CAD_Public_CCC,5y,5y,true,null,0.03414809,null,2026-05-13T16:30:06.197Z,null,1,Semi Annual,Act/Act,TRB,CAD,MODFOLLOWING,CreditSpread,1800,null,1093,7065944,1,3,9541,2026-04-30,2026-05-01T10:16:05.473Z,2026-05-14,2026-05-14T13:17:15.473Z,vcurvealmcorprates.csv,gwam_dev_ds.inv_ga_typed.alm_curvealmcorprates | Slice: 2026-04-08 09:15:18.790000 to 2026-05-13 16:45:47.950000,ADB,2026-05-15T09:01:25.000424Z
2026-05-13,CAD_Public_CCC-,EOD,ALM,AggregatedSpread,Bond,7y.CAD_Public_CCC,7y,7y,true,null,0.03252032,null,2026-05-13T16:30:06.197Z,null,1,Semi Annual,Act/Act,TRB,CAD,MODFOLLOWING,CreditSpread,2520,null,1094,7065944,1,3,9541,2026-04-30,2026-05-01T10:16:05.473Z,2026-05-14,2026-05-14T13:17:15.473Z,vcurvealmcorprates.csv,gwam_dev_ds.inv_ga_typed.alm_curvealmcorprates | Slice: 2026-04-08 09:15:18.790000 to 2026-05-13 16:45:47.950000,ADB,2026-05-15T09:01:25.000424Z
2026-05-13,CAD_Public_CCC-,EOD,ALM,AggregatedSpread,Bond,10y.CAD_Public_CCC,10y,10y,true,null,0.03060708,null,2026-05-13T16:30:06.197Z,null,1,Semi Annual,Act/Act,TRB,CAD,MODFOLLOWING,CreditSpread,3600,null,1095,7065944,1,3,9541,2026-04-30,2026-05-01T10:16:05.473Z,2026-05-14,2026-05-14T13:17:15.473Z,vcurvealmcorprates.csv,gwam_dev_ds.inv_ga_typed.alm_curvealmcorprates | Slice: 2026-04-08 09:15:18.790000 to 2026-05-13 16:45:47.950000,ADB,2026-05-15T09:01:25.000424Z
2026-05-13,CAD_Public_CCC-,EOD,ALM,AggregatedSpread,Bond,20y.CAD_Public_CCC,20y,20y,true,null,0.02802829,null,2026-05-13T16:30:06.197Z,null,1,Semi Annual,Act/Act,TRB,CAD,MODFOLLOWING,CreditSpread,7200,null,1096,7065944,1,3,9541,2026-04-30,2026-05-01T10:16:05.473Z,2026-05-14,2026-05-14T13:17:15.473Z,vcurvealmcorprates.csv,gwam_dev_ds.inv_ga_typed.alm_curvealmcorprates | Slice: 2026-04-08 09:15:18.790000 to 2026-05-13 16:45:47.950000,ADB,2026-05-15T09:01:25.000424Z
2026-05-13,CAD_Public_CCC-,EOD,ALM,AggregatedSpread,Bond,30y.CAD_Public_CCC,30y,30y,true,null,0.02709483,null,2026-05-13T16:30:06.197Z,null,1,Semi Annual,Act/Act,TRB,CAD,MODFOLLOWING,CreditSpread,10800,null,1097,7065944,1,3,9541,2026-04-30,2026-05-01T10:16:05.473Z,2026-05-14,2026-05-14T13:17:15.473Z,vcurvealmcorprates.csv,gwam_dev_ds.inv_ga_typed.alm_curvealmcorprates | Slice: 2026-04-08 09:15:18.790000 to 2026-05-13 16:45:47.950000,ADB,2026-05-15T09:01:25.000424Z
2026-05-13,CNY_Public_BB+,EOD,ALM,AggregatedSpread,Bond,10y.CNY_Public_BB+,10y,10y,true,null,0.01212699,null,2026-05-13T16:30:06.197Z,null,0,null,Act/360,SHB,CNY,MODFOLLOWING,CreditSpread,3600,null,3308,7065887,1,3,3428,2026-04-30,2026-05-01T09:42:01.27Z,2026-05-14,2026-05-14T13:17:15.473Z,vcurvealmcorprates.csv,gwam_dev_ds.inv_ga_typed.alm_curvealmcorprates | Slice: 2026-04-08 09:15:18.790000 to 2026-05-13 16:45:47.950000,ADB,2026-05-15T09:01:25.000424Z
2026-05-13,CNY_Public_BB+,EOD,ALM,AggregatedSpread,Bond,1y.CNY_Public_BB+,1y,1y,true,null,0.01230918,null,2026-05-13T16:30:06.197Z,null,0,null,Act/360,SHB,CNY,MODFOLLOWING,CreditSpread,360,null,3540,7065887,1,3,3428,2026-04-30,2026-05-01T09:42:01.27Z,2026-05-14,2026-05-14T13:17:15.473Z,vcurvealmcorprates.csv,gwam_dev_ds.inv_ga_typed.alm_curvealmcorprates | Slice: 2026-04-08 09:15:18.790000 to 2026-05-13 16:45:47.950000,ADB,2026-05-15T09:01:25.000424Z
2026-05-13,CNY_Public_BB+,EOD,ALM,AggregatedSpread,Bond,20y.CNY_Public_BB+,20y,20y,true,null,0.01212699,null,2026-05-13T16:30:06.197Z,null,0,null,Act/360,SHB,CNY,MODFOLLOWING,CreditSpread,7200,null,3739,7065887,1,3,3428,2026-04-30,2026-05-01T09:42:01.27Z,2026-05-14,2026-05-14T13:17:15.473Z,vcurvealmcorprates.csv,gwam_dev_ds.inv_ga_typed.alm_curvealmcorprates | Slice: 2026-04-08 09:15:18.790000 to 2026-05-13 16:45:47.950000,ADB,2026-05-15T09:01:25.000424Z
2026-05-13,CNY_Public_BB+,EOD,ALM,AggregatedSpread,Bond,2y.CNY_Public_BB+,2y,2y,true,null,0.01239762,null,2026-05-13T16:30:06.197Z,null,0,null,Act/360,SHB,CNY,MODFOLLOWING,CreditSpread,720,null,3949,7065887,1,3,3428,2026-04-30,2026-05-01T09:42:01.27Z,2026-05-14,2026-05-14T13:17:15.473Z,vcurvealmcorprates.csv,gwam_dev_ds.inv_ga_typed.alm_curvealmcorprates | Slice: 2026-04-08 09:15:18.790000 to 2026-05-13 16:45:47.950000,ADB,2026-05-15T09:01:25.000424Z
2026-05-13,CNY_Public_BB+,EOD,ALM,AggregatedSpread,Bond,30y.CNY_Public_BB+,30y,30y,true,null,0.01212699,null,2026-05-13T16:30:06.197Z,null,0,null,Act/360,SHB,CNY,MODFOLLOWING,CreditSpread,10800,null,4148,7065887,1,3,3428,2026-04-30,2026-05-01T09:42:01.27Z,2026-05-14,2026-05-14T13:17:15.473Z,vcurvealmcorprates.csv,gwam_dev_ds.inv_ga_typed.alm_curvealmcorprates | Slice: 2026-04-08 09:15:18.790000 to 2026-05-13 16:45:47.950000,ADB,2026-05-15T09:01:25.000424Z
2026-05-13,SGD_Public_AAA,EOD,ALM,AggregatedSpread,Bond,10y.SGD_Public_AAA,10y,10y,true,null,0.00241900,null,2026-05-13T16:30:06.197Z,null,0,null,Act/360,SIB,SGD,MODFOLLOWING,CreditSpread,3600,null,3436,7066001,1,3,3539,2026-04-30,2026-05-01T10:22:42Z,2026-05-14,2026-05-14T13:17:15.473Z,vcurvealmcorprates.csv,gwam_dev_ds.inv_ga_typed.alm_curvealmcorprates | Slice: 2026-04-08 09:15:18.790000 to 2026-05-13 16:45:47.950000,ADB,2026-05-15T09:01:25.000424Z
2026-05-13,SGD_Public_AAA,EOD,ALM,AggregatedSpread,Bond,1y.SGD_Public_AAA,1y,1y,true,null,0.00113500,null,2026-05-13T16:30:06.197Z,null,0,null,Act/360,SIB,SGD,MODFOLLOWING,CreditSpread,360,null,3667,7066001,1,3,3539,2026-04-30,2026-05-01T10:22:42Z,2026-05-14,2026-05-14T13:17:15.473Z,vcurvealmcorprates.csv,gwam_dev_ds.inv_ga_typed.alm_curvealmcorprates | Slice: 2026-04-08 09:15:18.790000 to 2026-05-13 16:45:47.950000,ADB,2026-05-15T09:01:25.000424Z
2026-05-13,CNY_Public_BB+,EOD,ALM,AggregatedSpread,Cash,3m.CNY_Public_BB+,3m,3m,true,null,0.01230918,null,2026-05-13T16:30:06.197Z,null,0,null,Act/360,SHB,CNY,MODFOLLOWING,CreditSpread,90,null,4347,7065887,1,3,3428,2026-04-30,2026-05-01T09:42:01.27Z,2026-05-14,2026-05-14T13:17:15.473Z,vcurvealmcorprates.csv,gwam_dev_ds.inv_ga_typed.alm_curvealmcorprates | Slice: 2026-04-08 09:15:18.790000 to 2026-05-13 16:45:47.950000,ADB,2026-05-15T09:01:25.000424Z
2026-05-13,CNY_Public_BB+,EOD,ALM,AggregatedSpread,Bond,3y.CNY_Public_BB+,3y,3y,true,null,0.01242941,null,2026-05-13T16:30:06.197Z,null,0,null,Act/360,SHB,CNY,MODFOLLOWING,CreditSpread,1080,null,4546,7065887,1,3,3428,2026-04-30,2026-05-01T09:42:01.27Z,2026-05-14,2026-05-14T13:17:15.473Z,vcurvealmcorprates.csv,gwam_dev_ds.inv_ga_typed.alm_curvealmcorprates | Slice: 2026-04-08 09:15:18.790000 to 2026-05-13 16:45:47.950000,ADB,2026-05-15T09:01:25.000424Z
2026-05-13,CNY_Public_BB+,EOD,ALM,AggregatedSpread,Bond,5y.CNY_Public_BB+,5y,5y,true,null,0.01237357,null,2026-05-13T16:30:06.197Z,null,0,null,Act/360,SHB,CNY,MODFOLLOWING,CreditSpread,1800,null,4754,7065887,1,3,3428,2026-04-30,2026-05-01T09:42:01.27Z,2026-05-14,2026-05-14T13:17:15.473Z,vcurvealmcorprates.csv,gwam_dev_ds.inv_ga_typed.alm_curvealmcorprates | Slice: 2026-04-08 09:15:18.790000 to 2026-05-13 16:45:47.950000,ADB,2026-05-15T09:01:25.000424Z
2026-05-13,CNY_Public_BB+,EOD,ALM,AggregatedSpread,Cash,6m.CNY_Public_BB+,6m,6m,true,null,0.01230918,null,2026-05-13T16:30:06.197Z,null,0,null,Act/360,SHB,CNY,MODFOLLOWING,CreditSpread,180,null,4953,7065887,1,3,3428,2026-04-30,2026-05-01T09:42:01.27Z,2026-05-14,2026-05-14T13:17:15.473Z,vcurvealmcorprates.csv,gwam_dev_ds.inv_ga_typed.alm_curvealmcorprates | Slice: 2026-04-08 09:15:18.790000 to 2026-05-13 16:45:47.950000,ADB,2026-05-15T09:01:25.000424Z
2026-05-13,CNY_Public_BB+,EOD,ALM,AggregatedSpread,Bond,7y.CNY_Public_BB+,7y,7y,true,null,0.01224274,null,2026-05-13T16:30:06.197Z,null,0,null,Act/360,SHB,CNY,MODFOLLOWING,CreditSpread,2520,null,5156,7065887,1,3,3428,2026-04-30,2026-05-01T09:42:01.27Z,2026-05-14,2026-05-14T13:17:15.473Z,vcurvealmcorprates.csv,gwam_dev_ds.inv_ga_typed.alm_curvealmcorprates | Slice: 2026-04-08 09:15:18.790000 to 2026-05-13 16:45:47.950000,ADB,2026-05-15T09:01:25.000424Z
2026-05-13,SGD_Public_AAA,EOD,ALM,AggregatedSpread,Bond,20y.SGD_Public_AAA,20y,20y,true,null,0.00337000,null,2026-05-13T16:30:06.197Z,null,0,null,Act/360,SIB,SGD,MODFOLLOWING,CreditSpread,7200,null,3867,7066001,1,3,3539,2026-04-30,2026-05-01T10:22:42Z,2026-05-14,2026-05-14T13:17:15.473Z,vcurvealmcorprates.csv,gwam_dev_ds.inv_ga_typed.alm_curvealmcorprates | Slice: 2026-04-08 09:15:18.790000 to 2026-05-13 16:45:47.950000,ADB,2026-05-15T09:01:25.000424Z
2026-05-13,SGD_Public_AAA,EOD,ALM,AggregatedSpread,Bond,2y.SGD_Public_AAA,2y,2y,true,null,0.00113500,null,2026-05-13T16:30:06.197Z,null,0,null,Act/360,SIB,SGD,MODFOLLOWING,CreditSpread,720,null,4077,7066001,1,3,3539,2026-04-30,2026-05-01T10:22:42Z,2026-05-14,2026-05-14T13:17:15.473Z,vcurvealmcorprates.csv,gwam_dev_ds.inv_ga_typed.alm_curvealmcorprates | Slice: 2026-04-08 09:15:18.790000 to 2026-05-13 16:45:47.950000,ADB,2026-05-15T09:01:25.000424Z
2026-05-13,SGD_Public_AAA,EOD,ALM,AggregatedSpread,Bond,30y.SGD_Public_AAA,30y,30y,true,null,0.00361000,null,2026-05-13T16:30:06.197Z,null,0,null,Act/360,SIB,SGD,MODFOLLOWING,CreditSpread,10800,null,4276,7066001,1,3,3539,2026-04-30,2026-05-01T10:22:42Z,2026-05-14,2026-05-14T13:17:15.473Z,vcurvealmcorprates.csv,gwam_dev_ds.inv_ga_typed.alm_curvealmcorprates | Slice: 2026-04-08 09:15:18.790000 to 2026-05-13 16:45:47.950000,ADB,2026-05-15T09:01:25.000424Z
2026-05-13,SGD_Public_AAA,EOD,ALM,AggregatedSpread,Cash,3m.SGD_Public_AAA,3m,3m,true,null,0.00113500,null,2026-05-13T16:30:06.197Z,null,0,null,Act/360,SIB,SGD,MODFOLLOWING,CreditSpread,90,null,4475,7066001,1,3,3539,2026-04-30,2026-05-01T10:22:42Z,2026-05-14,2026-05-14T13:17:15.473Z,vcurvealmcorprates.csv,gwam_dev_ds.inv_ga_typed.alm_curvealmcorprates | Slice: 2026-04-08 09:15:18.790000 to 2026-05-13 16:45:47.950000,ADB,2026-05-15T09:01:25.000424Z
2026-05-13,SGD_Public_AAA,EOD,ALM,AggregatedSpread,Bond,3y.SGD_Public_AAA,3y,3y,true,null,0.00304667,null,2026-05-13T16:30:06.197Z,null,0,null,Act/360,SIB,SGD,MODFOLLOWING,CreditSpread,1080,null,4674,7066001,1,3,3539,2026-04-30,2026-05-01T10:22:42Z,2026-05-14,2026-05-14T13:17:15.473Z,vcurvealmcorprates.csv,gwam_dev_ds.inv_ga_typed.alm_curvealmcorprates | Slice: 2026-04-08 09:15:18.790000 to 2026-05-13 16:45:47.950000,ADB,2026-05-15T09:01:25.000424Z
2026-05-13,SGD_Public_AAA,EOD,ALM,AggregatedSpread,Bond,5y.SGD_Public_AAA,5y,5y,true,null,0.00304667,null,2026-05-13T16:30:06.197Z,null,0,null,Act/360,SIB,SGD,MODFOLLOWING,CreditSpread,1800,null,4882,7066001,1,3,3539,2026-04-30,2026-05-01T10:22:42Z,2026-05-14,2026-05-14T13:17:15.473Z,vcurvealmcorprates.csv,gwam_dev_ds.inv_ga_typed.alm_curvealmcorprates | Slice: 2026-04-08 09:15:18.790000 to 2026-05-13 16:45:47.950000,ADB,2026-05-15T09:01:25.000424Z
2026-05-13,SGD_Public_AAA,EOD,ALM,AggregatedSpread,Cash,6m.SGD_Public_AAA,6m,6m,true,null,0.00113500,null,2026-05-13T16:30:06.197Z,null,0,null,Act/360,SIB,SGD,MODFOLLOWING,CreditSpread,180,null,5081,7066001,1,3,3539,2026-04-30,2026-05-01T10:22:42Z,2026-05-14,2026-05-14T13:17:15.473Z,vcurvealmcorprates.csv,gwam_dev_ds.inv_ga_typed.alm_curvealmcorprates | Slice: 2026-04-08 09:15:18.790000 to 2026-05-13 16:45:47.950000,ADB,2026-05-15T09:01:25.000424Z
2026-05-13,SGD_Public_AAA,EOD,ALM,AggregatedSpread,Bond,7y.SGD_Public_AAA,7y,7y,true,null,0.00241900,null,2026-05-13T16:30:06.197Z,null,0,null,Act/360,SIB,SGD,MODFOLLOWING,CreditSpread,2520,null,5284,7066001,1,3,3539,2026-04-30,2026-05-01T10:22:42Z,2026-05-14,2026-05-14T13:17:15.473Z,vcurvealmcorprates.csv,gwam_dev_ds.inv_ga_typed.alm_curvealmcorprates | Slice: 2026-04-08 09:15:18.790000 to 2026-05-13 16:45:47.950000,ADB,2026-05-15T09:01:25.000424Z
2026-05-13,IDR_Public_B+,EOD,ALM,AggregatedSpread,Bond,10y.IDR_Public_B+,10y,10y,true,null,0.02100000,null,2026-05-13T16:30:06.197Z,null,0,null,Act/360,JAB,IDR,MODFOLLOWING,CreditSpread,3600,null,3368,7065963,1,3,3485,2026-04-30,2026-05-01T10:22:10.877Z,2026-05-14,2026-05-14T13:17:15.473Z,vcurvealmcorprates.csv,gwam_dev_ds.inv_ga_typed.alm_curvealmcorprates | Slice: 2026-04-08 09:15:18.790000 to 2026-05-13 16:45:47.950000,ADB,2026-05-15T09:01:25.000424Z
2026-05-13,MYR_Public_BB,EOD,ALM,AggregatedSpread,Bond,3y.MYR_Public_BB,3y,3y,true,null,0.00420000,null,2026-05-13T16:45:47.95Z,null,0,null,Act/360,KLB,MYR,MODFOLLOWING,CreditSpread,1080,null,1575,7207361,3,3,8579,2026-05-13,2026-05-13T16:45:03.88Z,2026-05-14,2026-05-14T13:17:15.473Z,vcurvealmcorprates.csv,gwam_dev_ds.inv_ga_typed.alm_curvealmcorprates | Slice: 2026-04-08 09:15:18.790000 to 2026-05-13 16:45:47.950000,ADB,2026-05-15T09:01:25.000424Z
2026-05-13,MYR_Public_BB,EOD,ALM,AggregatedSpread,Bond,5y.MYR_Public_BB,5y,5y,true,null,0.00340000,null,2026-05-13T16:45:47.95Z,null,0,null,Act/360,KLB,MYR,MODFOLLOWING,CreditSpread,1800,null,1576,7207361,3,3,8579,2026-05-13,2026-05-13T16:45:03.88Z,2026-05-14,2026-05-14T13:17:15.473Z,vcurvealmcorprates.csv,gwam_dev_ds.inv_ga_typed.alm_curvealmcorprates | Slice: 2026-04-08 09:15:18.790000 to 2026-05-13 16:45:47.950000,ADB,2026-05-15T09:01:25.000424Z
2026-05-13,MYR_Public_BB,EOD,ALM,AggregatedSpread,Bond,7y.MYR_Public_BB,7y,7y,true,null,0.00318000,null,2026-05-13T16:45:47.95Z,null,0,null,Act/360,KLB,MYR,MODFOLLOWING,CreditSpread,2520,null,1577,7207361,3,3,8579,2026-05-13,2026-05-13T16:45:03.88Z,2026-05-14,2026-05-14T13:17:15.473Z,vcurvealmcorprates.csv,gwam_dev_ds.inv_ga_typed.alm_curvealmcorprates | Slice: 2026-04-08 09:15:18.790000 to 2026-05-13 16:45:47.950000,ADB,2026-05-15T09:01:25.000424Z
2026-05-13,MYR_Public_BB,EOD,ALM,AggregatedSpread,Bond,10y.MYR_Public_BB,10y,10y,true,null,0.00283000,null,2026-05-13T16:45:47.95Z,null,0,null,Act/360,KLB,MYR,MODFOLLOWING,CreditSpread,3600,null,1578,7207361,3,3,8579,2026-05-13,2026-05-13T16:45:03.88Z,2026-05-14,2026-05-14T13:17:15.473Z,vcurvealmcorprates.csv,gwam_dev_ds.inv_ga_typed.alm_curvealmcorprates | Slice: 2026-04-08 09:15:18.790000 to 2026-05-13 16:45:47.950000,ADB,2026-05-15T09:01:25.000424Z
2026-05-13,MYR_Public_BB,EOD,ALM,AggregatedSpread,Bond,20y.MYR_Public_BB,20y,20y,true,null,0.00187000,null,2026-05-13T16:45:47.95Z,null,0,null,Act/360,KLB,MYR,MODFOLLOWING,CreditSpread,7200,null,1579,7207361,3,3,8579,2026-05-13,2026-05-13T16:45:03.88Z,2026-05-14,2026-05-14T13:17:15.473Z,vcurvealmcorprates.csv,gwam_dev_ds.inv_ga_typed.alm_curvealmcorprates | Slice: 2026-04-08 09:15:18.790000 to 2026-05-13 16:45:47.950000,ADB,2026-05-15T09:01:25.000424Z
2026-05-13,MYR_Public_BB,EOD,ALM,AggregatedSpread,Bond,30y.MYR_Public_BB,30y,30y,true,null,0.00187000,null,2026-05-13T16:45:47.95Z,null,0,null,Act/360,KLB,MYR,MODFOLLOWING,CreditSpread,10800,null,1580,7207361,3,3,8579,2026-05-13,2026-05-13T16:45:03.88Z,2026-05-14,2026-05-14T13:17:15.473Z,vcurvealmcorprates.csv,gwam_dev_ds.inv_ga_typed.alm_curvealmcorprates | Slice: 2026-04-08 09:15:18.790000 to 2026-05-13 16:45:47.950000,ADB,2026-05-15T09:01:25.000424Z
2026-05-13,MYR_Public_BB,EOD,ALM,AggregatedSpread,Bond,15y.MYR_Public_BB,15y,15y,true,null,0.00178000,null,2026-05-13T16:45:47.95Z,null,0,null,Act/360,KLB,MYR,MODFOLLOWING,CreditSpread,5400,null,3466,7207361,3,3,8579,2026-05-13,2026-05-13T16:45:03.88Z,2026-05-14,2026-05-14T13:17:15.473Z,vcurvealmcorprates.csv,gwam_dev_ds.inv_ga_typed.alm_curvealmcorprates | Slice: 2026-04-08 09:15:18.790000 to 2026-05-13 16:45:47.950000,ADB,2026-05-15T09:01:25.000424Z
2026-05-13,MYR_Public_BB,EOD,ALM,AggregatedSpread,Cash,1m.MYR_Public_BB_V3,1m,3y,true,null,0.00420000,null,2026-05-13T16:45:47.95Z,null,0,null,Act/360,KLB,MYR,MODFOLLOWING,CreditSpread,30,null,7446,7207361,3,3,8579,2026-05-13,2026-05-13T16:45:03.88Z,2026-05-14,2026-05-14T13:17:15.473Z,vcurvealmcorprates.csv,gwam_dev_ds.inv_ga_typed.alm_curvealmcorprates | Slice: 2026-04-08 09:15:18.790000 to 2026-05-13 16:45:47.950000,ADB,2026-05-15T09:01:25.000424Z
2026-05-13,MYR_Public_BB,EOD,ALM,AggregatedSpread,Cash,3m.MYR_Public_BB_V3,3m,3y,true,null,0.00420000,null,2026-05-13T16:45:47.95Z,null,0,null,Act/360,KLB,MYR,MODFOLLOWING,CreditSpread,90,null,7449,7207361,3,3,8579,2026-05-13,2026-05-13T16:45:03.88Z,2026-05-14,2026-05-14T13:17:15.473Z,vcurvealmcorprates.csv,gwam_dev_ds.inv_ga_typed.alm_curvealmcorprates | Slice: 2026-04-08 09:15:18.790000 to 2026-05-13 16:45:47.950000,ADB,2026-05-15T09:01:25.000424Z
2026-05-13,IDR_Public_B+,EOD,ALM,AggregatedSpread,Bond,1y.IDR_Public_B+,1y,1y,true,null,0.02100000,null,2026-05-13T16:30:06.197Z,null,0,null,Act/360,JAB,IDR,MODFOLLOWING,CreditSpread,360,null,3600,7065963,1,3,3485,2026-04-30,2026-05-01T10:22:10.877Z,2026-05-14,2026-05-14T13:17:15.473Z,vcurvealmcorprates.csv,gwam_dev_ds.inv_ga_typed.alm_curvealmcorprates | Slice: 2026-04-08 09:15:18.790000 to 2026-05-13 16:45:47.950000,ADB,2026-05-15T09:01:25.000424Z
2026-05-13,IDR_Public_B+,EOD,ALM,AggregatedSpread,Bond,20y.IDR_Public_B+,20y,20y,true,null,0.02100000,null,2026-05-13T16:30:06.197Z,null,0,null,Act/360,JAB,IDR,MODFOLLOWING,CreditSpread,7200,null,3799,7065963,1,3,3485,2026-04-30,2026-05-01T10:22:10.877Z,2026-05-14,2026-05-14T13:17:15.473Z,vcurvealmcorprates.csv,gwam_dev_ds.inv_ga_typed.alm_curvealmcorprates | Slice: 2026-04-08 09:15:18.790000 to 2026-05-13 16:45:47.950000,ADB,2026-05-15T09:01:25.000424Z
2026-05-13,IDR_Public_B+,EOD,ALM,AggregatedSpread,Bond,2y.IDR_Public_B+,2y,2y,true,null,0.02100000,null,2026-05-13T16:30:06.197Z,null,0,null,Act/360,JAB,IDR,MODFOLLOWING,CreditSpread,720,null,4009,7065963,1,3,3485,2026-04-30,2026-05-01T10:22:10.877Z,2026-05-14,2026-05-14T13:17:15.473Z,vcurvealmcorprates.csv,gwam_dev_ds.inv_ga_typed.alm_curvealmcorprates | Slice: 2026-04-08 09:15:18.790000 to 2026-05-13 16:45:47.950000,ADB,2026-05-15T09:01:25.000424Z
2026-05-13,IDR_Public_B+,EOD,ALM,AggregatedSpread,Bond,30y.IDR_Public_B+,30y,30y,true,null,0.02100000,null,2026-05-13T16:30:06.197Z,null,0,null,Act/360,JAB,IDR,MODFOLLOWING,CreditSpread,10800,null,4208,7065963,1,3,3485,2026-04-30,2026-05-01T10:22:10.877Z,2026-05-14,2026-05-14T13:17:15.473Z,vcurvealmcorprates.csv,gwam_dev_ds.inv_ga_typed.alm_curvealmcorprates | Slice: 2026-04-08 09:15:18.790000 to 2026-05-13 16:45:47.950000,ADB,2026-05-15T09:01:25.000424Z
2026-05-13,IDR_Public_B+,EOD,ALM,AggregatedSpread,Cash,3m.IDR_Public_B+,3m,3m,true,null,0.02100000,null,2026-05-13T16:30:06.197Z,null,0,null,Act/360,JAB,IDR,MODFOLLOWING,CreditSpread,90,null,4407,7065963,1,3,3485,2026-04-30,2026-05-01T10:22:10.877Z,2026-05-14,2026-05-14T13:17:15.473Z,vcurvealmcorprates.csv,gwam_dev_ds.inv_ga_typed.alm_curvealmcorprates | Slice: 2026-04-08 09:15:18.790000 to 2026-05-13 16:45:47.950000,ADB,2026-05-15T09:01:25.000424Z
2026-05-13,IDR_Public_B+,EOD,ALM,AggregatedSpread,Bond,3y.IDR_Public_B+,3y,3y,true,null,0.02100000,null,2026-05-13T16:30:06.197Z,null,0,null,Act/360,JAB,IDR,MODFOLLOWING,CreditSpread,1080,null,4606,7065963,1,3,3485,2026-04-30,2026-05-01T10:22:10.877Z,2026-05-14,2026-05-14T13:17:15.473Z,vcurvealmcorprates.csv,gwam_dev_ds.inv_ga_typed.alm_curvealmcorprates | Slice: 2026-04-08 09:15:18.790000 to 2026-05-13 16:45:47.950000,ADB,2026-05-15T09:01:25.000424Z
2026-05-13,IDR_Public_B+,EOD,ALM,AggregatedSpread,Bond,5y.IDR_Public_B+,5y,5y,true,null,0.02100000,null,2026-05-13T16:30:06.197Z,null,0,null,Act/360,JAB,IDR,MODFOLLOWING,CreditSpread,1800,null,4814,7065963,1,3,3485,2026-04-30,2026-05-01T10:22:10.877Z,2026-05-14,2026-05-14T13:17:15.473Z,vcurvealmcorprates.csv,gwam_dev_ds.inv_ga_typed.alm_curvealmcorprates | Slice: 2026-04-08 09:15:18.790000 to 2026-05-13 16:45:47.950000,ADB,2026-05-15T09:01:25.000424Z
2026-05-13,IDR_Public_B+,EOD,ALM,AggregatedSpread,Cash,6m.IDR_Public_B+,6m,6m,true,null,0.02100000,null,2026-05-13T16:30:06.197Z,null,0,null,Act/360,JAB,IDR,MODFOLLOWING,CreditSpread,180,null,5013,7065963,1,3,3485,2026-04-30,2026-05-01T10:22:10.877Z,2026-05-14,2026-05-14T13:17:15.473Z,vcurvealmcorprates.csv,gwam_dev_ds.inv_ga_typed.alm_curvealmcorprates | Slice: 2026-04-08 09:15:18.790000 to 2026-05-13 16:45:47.950000,ADB,2026-05-15T09:01:25.000424Z
2026-05-13,IDR_Public_B+,EOD,ALM,AggregatedSpread,Bond,7y.IDR_Public_B+,7y,7y,true,null,0.02100000,null,2026-05-13T16:30:06.197Z,null,0,null,Act/360,JAB,IDR,MODFOLLOWING,CreditSpread,2520,null,5216,7065963,1,3,3485,2026-04-30,2026-05-01T10:22:10.877Z,2026-05-14,2026-05-14T13:17:15.473Z,vcurvealmcorprates.csv,gwam_dev_ds.inv_ga_typed.alm_curvealmcorprates | Slice: 2026-04-08 09:15:18.790000 to 2026-05-13 16:45:47.950000,ADB,2026-05-15T09:01:25.000424Z
2026-05-13,USD_Public_A-,EOD,ALM,AggregatedSpread,Cash,1y.USD_Public_A-,1y,1y,true,null,0.00320887,null,2026-05-13T16:30:06.197Z,null,1,Semi Annual,ACT/ACT,NYB,USD,MODFOLLOWING,CreditSpread,360,null,1304,7072815,2,3,7425,2026-05-05,2026-05-06T09:53:53.443Z,2026-05-14,2026-05-14T13:17:15.473Z,vcurvealmcorprates.csv,gwam_dev_ds.inv_ga_typed.alm_curvealmcorprates | Slice: 2026-04-08 09:15:18.790000 to 2026-05-13 16:45:47.950000,ADB,2026-05-15T09:01:25.000424Z
2026-05-13,USD_Public_A-,EOD,ALM,AggregatedSpread,Bond,2y.USD_Public_A-,2y,2y,true,null,0.00393287,null,2026-05-13T16:30:06.197Z,null,1,Semi Annual,ACT/ACT,NYB,USD,MODFOLLOWING,CreditSpread,720,null,1305,7072815,2,3,7425,2026-05-05,2026-05-06T09:53:53.443Z,2026-05-14,2026-05-14T13:17:15.473Z,vcurvealmcorprates.csv,gwam_dev_ds.inv_ga_typed.alm_curvealmcorprates | Slice: 2026-04-08 09:15:18.790000 to 2026-05-13 16:45:47.950000,ADB,2026-05-15T09:01:25.000424Z
2026-05-13,USD_Public_A-,EOD,ALM,AggregatedSpread,Bond,3y.USD_Public_A-,3y,3y,true,null,0.00459051,null,2026-05-13T16:30:06.197Z,null,1,Semi Annual,ACT/ACT,NYB,USD,MODFOLLOWING,CreditSpread,1080,null,1306,7072815,2,3,7425,2026-05-05,2026-05-06T09:53:53.443Z,2026-05-14,2026-05-14T13:17:15.473Z,vcurvealmcorprates.csv,gwam_dev_ds.inv_ga_typed.alm_curvealmcorprates | Slice: 2026-04-08 09:15:18.790000 to 2026-05-13 16:45:47.950000,ADB,2026-05-15T09:01:25.000424Z
2026-05-13,USD_Public_A-,EOD,ALM,AggregatedSpread,Bond,5y.USD_Public_A-,5y,5y,true,null,0.00571919,null,2026-05-13T16:30:06.197Z,null,1,Semi Annual,ACT/ACT,NYB,USD,MODFOLLOWING,CreditSpread,1800,null,1307,7072815,2,3,7425,2026-05-05,2026-05-06T09:53:53.443Z,2026-05-14,2026-05-14T13:17:15.473Z,vcurvealmcorprates.csv,gwam_dev_ds.inv_ga_typed.alm_curvealmcorprates | Slice: 2026-04-08 09:15:18.790000 to 2026-05-13 16:45:47.950000,ADB,2026-05-15T09:01:25.000424Z
2026-05-13,USD_Public_A-,EOD,ALM,AggregatedSpread,Bond,7y.USD_Public_A-,7y,7y,true,null,0.00661984,null,2026-05-13T16:30:06.197Z,null,1,Semi Annual,ACT/ACT,NYB,USD,MODFOLLOWING,CreditSpread,2520,null,1308,7072815,2,3,7425,2026-05-05,2026-05-06T09:53:53.443Z,2026-05-14,2026-05-14T13:17:15.473Z,vcurvealmcorprates.csv,gwam_dev_ds.inv_ga_typed.alm_curvealmcorprates | Slice: 2026-04-08 09:15:18.790000 to 2026-05-13 16:45:47.950000,ADB,2026-05-15T09:01:25.000424Z
2026-05-13,USD_Public_A-,EOD,ALM,AggregatedSpread,Bond,10y.USD_Public_A-,10y,10y,true,null,0.00759776,null,2026-05-13T16:30:06.197Z,null,1,Semi Annual,ACT/ACT,NYB,USD,MODFOLLOWING,CreditSpread,3600,null,1309,7072815,2,3,7425,2026-05-05,2026-05-06T09:53:53.443Z,2026-05-14,2026-05-14T13:17:15.473Z,vcurvealmcorprates.csv,gwam_dev_ds.inv_ga_typed.alm_curvealmcorprates | Slice: 2026-04-08 09:15:18.790000 to 2026-05-13 16:45:47.950000,ADB,2026-05-15T09:01:25.000424Z
2026-05-13,USD_Public_A-,EOD,ALM,AggregatedSpread,Bond,20y.USD_Public_A-,20y,20y,true,null,0.00812286,null,2026-05-13T16:30:06.197Z,null,1,Semi Annual,ACT/ACT,NYB,USD,MODFOLLOWING,CreditSpread,7200,null,1310,7072815,2,3,7425,2026-05-05,2026-05-06T09:53:53.443Z,2026-05-14,2026-05-14T13:17:15.473Z,vcurvealmcorprates.csv,gwam_dev_ds.inv_ga_typed.alm_curvealmcorprates | Slice: 2026-04-08 09:15:18.790000 to 2026-05-13 16:45:47.950000,ADB,2026-05-15T09:01:25.000424Z
2026-05-13,USD_Public_A-,EOD,ALM,AggregatedSpread,Bond,30y.USD_Public_A-,30y,30y,true,null,0.00864796,null,2026-05-13T16:30:06.197Z,null,1,Semi Annual,ACT/ACT,NYB,USD,MODFOLLOWING,CreditSpread,10800,null,1311,7072815,2,3,7425,2026-05-05,2026-05-06T09:53:53.443Z,2026-05-14,2026-05-14T13:17:15.473Z,vcurvealmcorprates.csv,gwam_dev_ds.inv_ga_typed.alm_curvealmcorprates | Slice: 2026-04-08 09:15:18.790000 to 2026-05-13 16:45:47.950000,ADB,2026-05-15T09:01:25.000424Z
2026-05-13,USD_Public_A-,EOD,ALM,AggregatedSpread,Cash,3m.USD_Public_A-,3m,3m,true,null,0.00320887,null,2026-05-13T16:30:06.197Z,null,1,Annual,Act/360,NYB,USD,MODFOLLOWING,CreditSpread,90,null,1522,7072815,2,3,7425,2026-05-05,2026-05-06T09:53:53.443Z,2026-05-14,2026-05-14T13:17:15.473Z,vcurvealmcorprates.csv,gwam_dev_ds.inv_ga_typed.alm_curvealmcorprates | Slice: 2026-04-08 09:15:18.790000 to 2026-05-13 16:45:47.950000,ADB,2026-05-15T09:01:25.000424Z
2026-05-13,USD_Public_A-,EOD,ALM,AggregatedSpread,Cash,6m.USD_Public_A-,6m,6m,true,null,0.00320887,null,2026-05-13T16:30:06.197Z,null,1,Annual,Act/360,NYB,USD,MODFOLLOWING,CreditSpread,180,null,1526,7072815,2,3,7425,2026-05-05,2026-05-06T09:53:53.443Z,2026-05-14,2026-05-14T13:17:15.473Z,vcurvealmcorprates.csv,gwam_dev_ds.inv_ga_typed.alm_curvealmcorprates | Slice: 2026-04-08 09:15:18.790000 to 2026-05-13 16:45:47.950000,ADB,2026-05-15T09:01:25.000424Z
2026-05-13,MYR_Public_BB,EOD,ALM,AggregatedSpread,Cash,6m.MYR_Public_BB_V3,6m,3y,true,null,0.00420000,null,2026-05-13T16:45:47.95Z,null,0,null,Act/360,KLB,MYR,MODFOLLOWING,CreditSpread,180,null,7452,7207361,3,3,8579,2026-05-13,2026-05-13T16:45:03.88Z,2026-05-14,2026-05-14T13:17:15.473Z,vcurvealmcorprates.csv,gwam_dev_ds.inv_ga_typed.alm_curvealmcorprates | Slice: 2026-04-08 09:15:18.790000 to 2026-05-13 16:45:47.950000,ADB,2026-05-15T09:01:25.000424Z
2026-05-13,MYR_Public_BB,EOD,ALM,AggregatedSpread,Bond,1y.MYR_Public_BB_V3,1y,3y,true,null,0.00420000,null,2026-05-13T16:45:47.95Z,null,0,null,Act/360,KLB,MYR,MODFOLLOWING,CreditSpread,360,null,7454,7207361,3,3,8579,2026-05-13,2026-05-13T16:45:03.88Z,2026-05-14,2026-05-14T13:17:15.473Z,vcurvealmcorprates.csv,gwam_dev_ds.inv_ga_typed.alm_curvealmcorprates | Slice: 2026-04-08 09:15:18.790000 to 2026-05-13 16:45:47.950000,ADB,2026-05-15T09:01:25.000424Z
2026-05-13,MYR_Public_BB,EOD,ALM,AggregatedSpread,Bond,2y.MYR_Public_BB_V3,2y,3y,true,null,0.00420000,null,2026-05-13T16:45:47.95Z,null,0,null,Act/360,KLB,MYR,MODFOLLOWING,CreditSpread,720,null,7458,7207361,3,3,8579,2026-05-13,2026-05-13T16:45:03.88Z,2026-05-14,2026-05-14T13:17:15.473Z,vcurvealmcorprates.csv,gwam_dev_ds.inv_ga_typed.alm_curvealmcorprates | Slice: 2026-04-08 09:15:18.790000 to 2026-05-13 16:45:47.950000,ADB,2026-05-15T09:01:25.000424Z
2026-05-13,CAD_Public_AA+,EOD,ALM,AggregatedSpread,Cash,3m.CAD_Public_AA,3m,3m,true,null,0.00086300,null,2026-05-13T16:30:06.197Z,null,0,Annual,Act/365,TRB,CAD,MODFOLLOWING,CreditSpread,90,null,1038,7066153,1,3,9530,2026-04-30,2026-05-01T11:03:54.837Z,2026-05-14,2026-05-14T13:17:15.473Z,vcurvealmcorprates.csv,gwam_dev_ds.inv_ga_typed.alm_curvealmcorprates | Slice: 2026-04-08 09:15:18.790000 to 2026-05-13 16:45:47.950000,ADB,2026-05-15T09:01:25.000424Z
2026-05-13,CAD_Public_AA+,EOD,ALM,AggregatedSpread,Cash,6m.CAD_Public_AA,6m,6m,true,null,0.00086300,null,2026-05-13T16:30:06.197Z,null,0,Annual,Act/365,TRB,CAD,MODFOLLOWING,CreditSpread,180,null,1039,7066153,1,3,9530,2026-04-30,2026-05-01T11:03:54.837Z,2026-05-14,2026-05-14T13:17:15.473Z,vcurvealmcorprates.csv,gwam_dev_ds.inv_ga_typed.alm_curvealmcorprates | Slice: 2026-04-08 09:15:18.790000 to 2026-05-13 16:45:47.950000,ADB,2026-05-15T09:01:25.000424Z
2026-05-13,CAD_Public_AA+,EOD,ALM,AggregatedSpread,Cash,1y.CAD_Public_AA,1y,1y,true,null,0.00086300,null,2026-05-13T16:30:06.197Z,null,0,Annual,Act/365,TRB,CAD,MODFOLLOWING,CreditSpread,360,null,1040,7066153,1,3,9530,2026-04-30,2026-05-01T11:03:54.837Z,2026-05-14,2026-05-14T13:17:15.473Z,vcurvealmcorprates.csv,gwam_dev_ds.inv_ga_typed.alm_curvealmcorprates | Slice: 2026-04-08 09:15:18.790000 to 2026-05-13 16:45:47.950000,ADB,2026-05-15T09:01:25.000424Z
2026-05-13,CAD_Public_AA+,EOD,ALM,AggregatedSpread,Bond,2y.CAD_Public_AA,2y,2y,true,null,0.00027800,null,2026-05-13T16:30:06.197Z,null,1,Semi Annual,Act/Act,TRB,CAD,MODFOLLOWING,CreditSpread,720,null,1041,7066153,1,3,9530,2026-04-30,2026-05-01T11:03:54.837Z,2026-05-14,2026-05-14T13:17:15.473Z,vcurvealmcorprates.csv,gwam_dev_ds.inv_ga_typed.alm_curvealmcorprates | Slice: 2026-04-08 09:15:18.790000 to 2026-05-13 16:45:47.950000,ADB,2026-05-15T09:01:25.000424Z
2026-05-13,CAD_Public_AA+,EOD,ALM,AggregatedSpread,Bond,3y.CAD_Public_AA,3y,3y,true,null,0.00068300,null,2026-05-13T16:30:06.197Z,null,1,Semi Annual,Act/Act,TRB,CAD,MODFOLLOWING,CreditSpread,1080,null,1042,7066153,1,3,9530,2026-04-30,2026-05-01T11:03:54.837Z,2026-05-14,2026-05-14T13:17:15.473Z,vcurvealmcorprates.csv,gwam_dev_ds.inv_ga_typed.alm_curvealmcorprates | Slice: 2026-04-08 09:15:18.790000 to 2026-05-13 16:45:47.950000,ADB,2026-05-15T09:01:25.000424Z
2026-05-13,CAD_Public_AA+,EOD,ALM,AggregatedSpread,Bond,5y.CAD_Public_AA,5y,5y,true,null,0.00166200,null,2026-05-13T16:30:06.197Z,null,1,Semi Annual,Act/Act,TRB,CAD,MODFOLLOWING,CreditSpread,1800,null,1043,7066153,1,3,9530,2026-04-30,2026-05-01T11:03:54.837Z,2026-05-14,2026-05-14T13:17:15.473Z,vcurvealmcorprates.csv,gwam_dev_ds.inv_ga_typed.alm_curvealmcorprates | Slice: 2026-04-08 09:15:18.790000 to 2026-05-13 16:45:47.950000,ADB,2026-05-15T09:01:25.000424Z
2026-05-13,CAD_Public_AA+,EOD,ALM,AggregatedSpread,Bond,7y.CAD_Public_AA,7y,7y,true,null,0.00251400,null,2026-05-13T16:30:06.197Z,null,1,Semi Annual,Act/Act,TRB,CAD,MODFOLLOWING,CreditSpread,2520,null,1044,7066153,1,3,9530,2026-04-30,2026-05-01T11:03:54.837Z,2026-05-14,2026-05-14T13:17:15.473Z,vcurvealmcorprates.csv,gwam_dev_ds.inv_ga_typed.alm_curvealmcorprates | Slice: 2026-04-08 09:15:18.790000 to 2026-05-13 16:45:47.950000,ADB,2026-05-15T09:01:25.000424Z
2026-05-13,CAD_Public_AA+,EOD,ALM,AggregatedSpread,Bond,10y.CAD_Public_AA,10y,10y,true,null,0.00430700,null,2026-05-13T16:30:06.197Z,null,1,Semi Annual,Act/Act,TRB,CAD,MODFOLLOWING,CreditSpread,3600,null,1045,7066153,1,3,9530,2026-04-30,2026-05-01T11:03:54.837Z,2026-05-14,2026-05-14T13:17:15.473Z,vcurvealmcorprates.csv,gwam_dev_ds.inv_ga_typed.alm_curvealmcorprates | Slice: 2026-04-08 09:15:18.790000 to 2026-05-13 16:45:47.950000,ADB,2026-05-15T09:01:25.000424Z
2026-05-13,CAD_Public_AA+,EOD,ALM,AggregatedSpread,Bond,20y.CAD_Public_AA,20y,20y,true,null,0.00776900,null,2026-05-13T16:30:06.197Z,null,1,Semi Annual,Act/Act,TRB,CAD,MODFOLLOWING,CreditSpread,7200,null,1046,7066153,1,3,9530,2026-04-30,2026-05-01T11:03:54.837Z,2026-05-14,2026-05-14T13:17:15.473Z,vcurvealmcorprates.csv,gwam_dev_ds.inv_ga_typed.alm_curvealmcorprates | Slice: 2026-04-08 09:15:18.790000 to 2026-05-13 16:45:47.950000,ADB,2026-05-15T09:01:25.000424Z
2026-05-13,CAD_Public_AA+,EOD,ALM,AggregatedSpread,Bond,30y.CAD_Public_AA,30y,30y,true,null,0.00709300,null,2026-05-13T16:30:06.197Z,null,1,Semi Annual,Act/Act,TRB,CAD,MODFOLLOWING,CreditSpread,10800,null,1047,7066153,1,3,9530,2026-04-30,2026-05-01T11:03:54.837Z,2026-05-14,2026-05-14T13:17:15.473Z,vcurvealmcorprates.csv,gwam_dev_ds.inv_ga_typed.alm_curvealmcorprates | Slice: 2026-04-08 09:15:18.790000 to 2026-05-13 16:45:47.950000,ADB,2026-05-15T09:01:25.000424Z
2026-05-13,ADB_ADB.CNY_Public_A,EOD,ALM,AggregatedSpread,Bond,10y.ADB_ADB.CNY_Public_A,10y,10y,true,null,0.00260456,null,2026-05-13T16:30:06.197Z,null,0,null,Act/360,NYB,ADB,MODFOLLOWING,CreditSpread,3600,null,3265,7072917,2,3,7449,2026-05-05,2026-05-06T10:30:37.44Z,2026-05-14,2026-05-14T13:17:15.473Z,vcurvealmcorprates.csv,gwam_dev_ds.inv_ga_typed.alm_curvealmcorprates | Slice: 2026-04-08 09:15:18.790000 to 2026-05-13 16:45:47.950000,ADB,2026-05-15T09:01:25.000424Z
2026-05-13,ADB_ADB.CNY_Public_A,EOD,ALM,AggregatedSpread,Bond,1y.ADB_ADB.CNY_Public_A,1y,1y,true,null,0.00302844,null,2026-05-13T16:30:06.197Z,null,0,null,Act/360,NYB,ADB,MODFOLLOWING,CreditSpread,360,null,3497,7072917,2,3,7449,2026-05-05,2026-05-06T10:30:37.44Z,2026-05-14,2026-05-14T13:17:15.473Z,vcurvealmcorprates.csv,gwam_dev_ds.inv_ga_typed.alm_curvealmcorprates | Slice: 2026-04-08 09:15:18.790000 to 2026-05-13 16:45:47.950000,ADB,2026-05-15T09:01:25.000424Z
2026-05-13,ADB_ADB.CNY_Public_A,EOD,ALM,AggregatedSpread,Bond,20y.ADB_ADB.CNY_Public_A,20y,20y,true,null,0.00201895,null,2026-05-13T16:30:06.197Z,null,0,null,Act/360,NYB,ADB,MODFOLLOWING,CreditSpread,7200,null,3696,7072917,2,3,7449,2026-05-05,2026-05-06T10:30:37.44Z,2026-05-14,2026-05-14T13:17:15.473Z,vcurvealmcorprates.csv,gwam_dev_ds.inv_ga_typed.alm_curvealmcorprates | Slice: 2026-04-08 09:15:18.790000 to 2026-05-13 16:45:47.950000,ADB,2026-05-15T09:01:25.000424Z
2026-05-13,ADB_ADB.CNY_Public_A,EOD,ALM,AggregatedSpread,Bond,2y.ADB_ADB.CNY_Public_A,2y,2y,true,null,0.00279777,null,2026-05-13T16:30:06.197Z,null,0,null,Act/360,NYB,ADB,MODFOLLOWING,CreditSpread,720,null,3906,7072917,2,3,7449,2026-05-05,2026-05-06T10:30:37.44Z,2026-05-14,2026-05-14T13:17:15.473Z,vcurvealmcorprates.csv,gwam_dev_ds.inv_ga_typed.alm_curvealmcorprates | Slice: 2026-04-08 09:15:18.790000 to 2026-05-13 16:45:47.950000,ADB,2026-05-15T09:01:25.000424Z
2026-05-13,ADB_ADB.CNY_Public_A,EOD,ALM,AggregatedSpread,Bond,30y.ADB_ADB.CNY_Public_A,30y,30y,true,null,0.00143333,null,2026-05-13T16:30:06.197Z,null,0,null,Act/360,NYB,ADB,MODFOLLOWING,CreditSpread,10800,null,4105,7072917,2,3,7449,2026-05-05,2026-05-06T10:30:37.44Z,2026-05-14,2026-05-14T13:17:15.473Z,vcurvealmcorprates.csv,gwam_dev_ds.inv_ga_typed.alm_curvealmcorprates | Slice: 2026-04-08 09:15:18.790000 to 2026-05-13 16:45:47.950000,ADB,2026-05-15T09:01:25.000424Z
2026-05-13,ADB_ADB.CNY_Public_A,EOD,ALM,AggregatedSpread,Cash,3m.ADB_ADB.CNY_Public_A,3m,3m,true,null,0.00302844,null,2026-05-13T16:30:06.197Z,null,0,null,Act/360,NYB,ADB,MODFOLLOWING,CreditSpread,90,null,4304,7072917,2,3,7449,2026-05-05,2026-05-06T10:30:37.44Z,2026-05-14,2026-05-14T13:17:15.473Z,vcurvealmcorprates.csv,gwam_dev_ds.inv_ga_typed.alm_curvealmcorprates | Slice: 2026-04-08 09:15:18.790000 to 2026-05-13 16:45:47.950000,ADB,2026-05-15T09:01:25.000424Z
2026-05-13,ADB_ADB.CNY_Public_A,EOD,ALM,AggregatedSpread,Bond,3y.ADB_ADB.CNY_Public_A,3y,3y,true,null,0.00262111,null,2026-05-13T16:30:06.197Z,null,0,null,Act/360,NYB,ADB,MODFOLLOWING,CreditSpread,1080,null,4503,7072917,2,3,7449,2026-05-05,2026-05-06T10:30:37.44Z,2026-05-14,2026-05-14T13:17:15.473Z,vcurvealmcorprates.csv,gwam_dev_ds.inv_ga_typed.alm_curvealmcorprates | Slice: 2026-04-08 09:15:18.790000 to 2026-05-13 16:45:47.950000,ADB,2026-05-15T09:01:25.000424Z
2026-05-13,ADB_ADB.CNY_Public_A,EOD,ALM,AggregatedSpread,Bond,5y.ADB_ADB.CNY_Public_A,5y,5y,true,null,0.00241590,null,2026-05-13T16:30:06.197Z,null,0,null,Act/360,NYB,ADB,MODFOLLOWING,CreditSpread,1800,null,4711,7072917,2,3,7449,2026-05-05,2026-05-06T10:30:37.44Z,2026-05-14,2026-05-14T13:17:15.473Z,vcurvealmcorprates.csv,gwam_dev_ds.inv_ga_typed.alm_curvealmcorprates | Slice: 2026-04-08 09:15:18.790000 to 2026-05-13 16:45:47.950000,ADB,2026-05-15T09:01:25.000424Z
2026-05-13,ADB_ADB.CNY_Public_A,EOD,ALM,AggregatedSpread,Cash,6m.ADB_ADB.CNY_Public_A,6m,6m,true,null,0.00302844,null,2026-05-13T16:30:06.197Z,null,0,null,Act/360,NYB,ADB,MODFOLLOWING,CreditSpread,180,null,4910,7072917,2,3,7449,2026-05-05,2026-05-06T10:30:37.44Z,2026-05-14,2026-05-14T13:17:15.473Z,vcurvealmcorprates.csv,gwam_dev_ds.inv_ga_typed.alm_curvealmcorprates | Slice: 2026-04-08 09:15:18.790000 to 2026-05-13 16:45:47.950000,ADB,2026-05-15T09:01:25.000424Z
2026-05-13,ADB_ADB.CNY_Public_A,EOD,ALM,AggregatedSpread,Bond,7y.ADB_ADB.CNY_Public_A,7y,7y,true,null,0.00238499,null,2026-05-13T16:30:06.197Z,null,0,null,Act/360,NYB,ADB,MODFOLLOWING,CreditSpread,2520,null,5113,7072917,2,3,7449,2026-05-05,2026-05-06T10:30:37.44Z,2026-05-14,2026-05-14T13:17:15.473Z,vcurvealmcorprates.csv,gwam_dev_ds.inv_ga_typed.alm_curvealmcorprates | Slice: 2026-04-08 09:15:18.790000 to 2026-05-13 16:45:47.950000,ADB,2026-05-15T09:01:25.000424Z
2026-05-13,USD_Public_CCC+,EOD,ALM,AggregatedSpread,Cash,3m.USD_Public_CCC+,3m,3m,true,null,0.03193269,null,2026-05-13T16:30:06.197Z,null,0,Annual,Act/360,NYB,USD,MODFOLLOWING,CreditSpread,90,null,1444,7072830,2,3,7440,2026-05-05,2026-05-06T09:53:53.443Z,2026-05-14,2026-05-14T13:17:15.473Z,vcurvealmcorprates.csv,gwam_dev_ds.inv_ga_typed.alm_curvealmcorprates | Slice: 2026-04-08 09:15:18.790000 to 2026-05-13 16:45:47.950000,ADB,2026-05-15T09:01:25.000424Z
2026-05-13,USD_Public_CCC+,EOD,ALM,AggregatedSpread,Cash,6m.USD_Public_CCC+,6m,6m,true,null,0.03193269,null,2026-05-13T16:30:06.197Z,null,0,Annual,Act/360,NYB,USD,MODFOLLOWING,CreditSpread,180,null,1445,7072830,2,3,7440,2026-05-05,2026-05-06T09:53:53.443Z,2026-05-14,2026-05-14T13:17:15.473Z,vcurvealmcorprates.csv,gwam_dev_ds.inv_ga_typed.alm_curvealmcorprates | Slice: 2026-04-08 09:15:18.790000 to 2026-05-13 16:45:47.950000,ADB,2026-05-15T09:01:25.000424Z
2026-05-13,USD_Public_CCC+,EOD,ALM,AggregatedSpread,Cash,1y.USD_Public_CCC+,1y,1y,true,null,0.03193269,null,2026-05-13T16:30:06.197Z,null,1,Semi Annual,ACT/ACT,NYB,USD,MODFOLLOWING,CreditSpread,360,null,1446,7072830,2,3,7440,2026-05-05,2026-05-06T09:53:53.443Z,2026-05-14,2026-05-14T13:17:15.473Z,vcurvealmcorprates.csv,gwam_dev_ds.inv_ga_typed.alm_curvealmcorprates | Slice: 2026-04-08 09:15:18.790000 to 2026-05-13 16:45:47.950000,ADB,2026-05-15T09:01:25.000424Z
2026-05-13,USD_Public_CCC+,EOD,ALM,AggregatedSpread,Bond,2y.USD_Public_CCC+,2y,2y,true,null,0.03610424,null,2026-05-13T16:30:06.197Z,null,1,Semi Annual,ACT/ACT,NYB,USD,MODFOLLOWING,CreditSpread,720,null,1447,7072830,2,3,7440,2026-05-05,2026-05-06T09:53:53.443Z,2026-05-14,2026-05-14T13:17:15.473Z,vcurvealmcorprates.csv,gwam_dev_ds.inv_ga_typed.alm_curvealmcorprates | Slice: 2026-04-08 09:15:18.790000 to 2026-05-13 16:45:47.950000,ADB,2026-05-15T09:01:25.000424Z
2026-05-13,USD_Public_CCC+,EOD,ALM,AggregatedSpread,Bond,3y.USD_Public_CCC+,3y,3y,true,null,0.03905749,null,2026-05-13T16:30:06.197Z,null,1,Semi Annual,ACT/ACT,NYB,USD,MODFOLLOWING,CreditSpread,1080,null,1448,7072830,2,3,7440,2026-05-05,2026-05-06T09:53:53.443Z,2026-05-14,2026-05-14T13:17:15.473Z,vcurvealmcorprates.csv,gwam_dev_ds.inv_ga_typed.alm_curvealmcorprates | Slice: 2026-04-08 09:15:18.790000 to 2026-05-13 16:45:47.950000,ADB,2026-05-15T09:01:25.000424Z
2026-05-13,USD_Public_CCC+,EOD,ALM,AggregatedSpread,Bond,5y.USD_Public_CCC+,5y,5y,true,null,0.04134003,null,2026-05-13T16:30:06.197Z,null,1,Semi Annual,ACT/ACT,NYB,USD,MODFOLLOWING,CreditSpread,1800,null,1449,7072830,2,3,7440,2026-05-05,2026-05-06T09:53:53.443Z,2026-05-14,2026-05-14T13:17:15.473Z,vcurvealmcorprates.csv,gwam_dev_ds.inv_ga_typed.alm_curvealmcorprates | Slice: 2026-04-08 09:15:18.790000 to 2026-05-13 16:45:47.950000,ADB,2026-05-15T09:01:25.000424Z
2026-05-13,USD_Public_CCC+,EOD,ALM,AggregatedSpread,Bond,7y.USD_Public_CCC+,7y,7y,true,null,0.03884210,null,2026-05-13T16:30:06.197Z,null,1,Semi Annual,ACT/ACT,NYB,USD,MODFOLLOWING,CreditSpread,2520,null,1450,7072830,2,3,7440,2026-05-05,2026-05-06T09:53:53.443Z,2026-05-14,2026-05-14T13:17:15.473Z,vcurvealmcorprates.csv,gwam_dev_ds.inv_ga_typed.alm_curvealmcorprates | Slice: 2026-04-08 09:15:18.790000 to 2026-05-13 16:45:47.950000,ADB,2026-05-15T09:01:25.000424Z
2026-05-13,USD_Public_CCC+,EOD,ALM,AggregatedSpread,Bond,10y.USD_Public_CCC+,10y,10y,true,null,0.02626702,null,2026-05-13T16:30:06.197Z,null,1,Semi Annual,ACT/ACT,NYB,USD,MODFOLLOWING,CreditSpread,3600,null,1451,7072830,2,3,7440,2026-05-05,2026-05-06T09:53:53.443Z,2026-05-14,2026-05-14T13:17:15.473Z,vcurvealmcorprates.csv,gwam_dev_ds.inv_ga_typed.alm_curvealmcorprates | Slice: 2026-04-08 09:15:18.790000 to 2026-05-13 16:45:47.950000,ADB,2026-05-15T09:01:25.000424Z
2026-05-13,USD_Public_CCC+,EOD,ALM,AggregatedSpread,Bond,20y.USD_Public_CCC+,20y,20y,true,null,0.02626702,null,2026-05-13T16:30:06.197Z,null,1,Semi Annual,ACT/ACT,NYB,USD,MODFOLLOWING,CreditSpread,7200,null,1452,7072830,2,3,7440,2026-05-05,2026-05-06T09:53:53.443Z,2026-05-14,2026-05-14T13:17:15.473Z,vcurvealmcorprates.csv,gwam_dev_ds.inv_ga_typed.alm_curvealmcorprates | Slice: 2026-04-08 09:15:18.790000 to 2026-05-13 16:45:47.950000,ADB,2026-05-15T09:01:25.000424Z
2026-05-13,USD_Public_CCC+,EOD,ALM,AggregatedSpread,Bond,30y.USD_Public_CCC+,30y,30y,true,null,0.02626702,null,2026-05-13T16:30:06.197Z,null,1,Semi Annual,ACT/ACT,NYB,USD,MODFOLLOWING,CreditSpread,10800,null,1453,7072830,2,3,7440,2026-05-05,2026-05-06T09:53:53.443Z,2026-05-14,2026-05-14T13:17:15.473Z,vcurvealmcorprates.csv,gwam_dev_ds.inv_ga_typed.alm_curvealmcorprates | Slice: 2026-04-08 09:15:18.790000 to 2026-05-13 16:45:47.950000,ADB,2026-05-15T09:01:25.000424Z
2026-05-13,ADB_ADB.EXCNY_Public_A,EOD,ALM,AggregatedSpread,Bond,10y.ADB_ADB.EXCNY_Public_A,10y,10y,true,null,0.00475062,null,2026-05-13T16:30:06.197Z,null,0,null,Act/360,NYB,ADB,MODFOLLOWING,CreditSpread,3600,null,3269,7072944,2,3,7453,2026-05-05,2026-05-06T10:30:46.143Z,2026-05-14,2026-05-14T13:17:15.473Z,vcurvealmcorprates.csv,gwam_dev_ds.inv_ga_typed.alm_curvealmcorprates | Slice: 2026-04-08 09:15:18.790000 to 2026-05-13 16:45:47.950000,ADB,2026-05-15T09:01:25.000424Z
2026-05-13,ADB_ADB.EXCNY_Public_A,EOD,ALM,AggregatedSpread,Bond,1y.ADB_ADB.EXCNY_Public_A,1y,1y,true,null,0.00463104,null,2026-05-13T16:30:06.197Z,null,0,null,Act/360,NYB,ADB,MODFOLLOWING,CreditSpread,360,null,3501,7072944,2,3,7453,2026-05-05,2026-05-06T10:30:46.143Z,2026-05-14,2026-05-14T13:17:15.473Z,vcurvealmcorprates.csv,gwam_dev_ds.inv_ga_typed.alm_curvealmcorprates | Slice: 2026-04-08 09:15:18.790000 to 2026-05-13 16:45:47.950000,ADB,2026-05-15T09:01:25.000424Z
2026-05-13,ADB_ADB.EXCNY_Public_A,EOD,ALM,AggregatedSpread,Bond,20y.ADB_ADB.EXCNY_Public_A,20y,20y,true,null,0.00535031,null,2026-05-13T16:30:06.197Z,null,0,null,Act/360,NYB,ADB,MODFOLLOWING,CreditSpread,7200,null,3700,7072944,2,3,7453,2026-05-05,2026-05-06T10:30:46.143Z,2026-05-14,2026-05-14T13:17:15.473Z,vcurvealmcorprates.csv,gwam_dev_ds.inv_ga_typed.alm_curvealmcorprates | Slice: 2026-04-08 09:15:18.790000 to 2026-05-13 16:45:47.950000,ADB,2026-05-15T09:01:25.000424Z
2026-05-13,ADB_ADB.EXCNY_Public_A,EOD,ALM,AggregatedSpread,Bond,2y.ADB_ADB.EXCNY_Public_A,2y,2y,true,null,0.00461305,null,2026-05-13T16:30:06.197Z,null,0,null,Act/360,NYB,ADB,MODFOLLOWING,CreditSpread,720,null,3910,7072944,2,3,7453,2026-05-05,2026-05-06T10:30:46.143Z,2026-05-14,2026-05-14T13:17:15.473Z,vcurvealmcorprates.csv,gwam_dev_ds.inv_ga_typed.alm_curvealmcorprates | Slice: 2026-04-08 09:15:18.790000 to 2026-05-13 16:45:47.950000,ADB,2026-05-15T09:01:25.000424Z
2026-05-13,ADB_ADB.EXCNY_Public_A,EOD,ALM,AggregatedSpread,Bond,30y.ADB_ADB.EXCNY_Public_A,30y,30y,true,null,0.00595000,null,2026-05-13T16:30:06.197Z,null,0,null,Act/360,NYB,ADB,MODFOLLOWING,CreditSpread,10800,null,4109,7072944,2,3,7453,2026-05-05,2026-05-06T10:30:46.143Z,2026-05-14,2026-05-14T13:17:15.473Z,vcurvealmcorprates.csv,gwam_dev_ds.inv_ga_typed.alm_curvealmcorprates | Slice: 2026-04-08 09:15:18.790000 to 2026-05-13 16:45:47.950000,ADB,2026-05-15T09:01:25.000424Z
2026-05-13,ADB_ADB.EXCNY_Public_A,EOD,ALM,AggregatedSpread,Cash,3m.ADB_ADB.EXCNY_Public_A,3m,3m,true,null,0.00463104,null,2026-05-13T16:30:06.197Z,null,0,null,Act/360,NYB,ADB,MODFOLLOWING,CreditSpread,90,null,4308,7072944,2,3,7453,2026-05-05,2026-05-06T10:30:46.143Z,2026-05-14,2026-05-14T13:17:15.473Z,vcurvealmcorprates.csv,gwam_dev_ds.inv_ga_typed.alm_curvealmcorprates | Slice: 2026-04-08 09:15:18.790000 to 2026-05-13 16:45:47.950000,ADB,2026-05-15T09:01:25.000424Z
2026-05-13,ADB_ADB.EXCNY_Public_A,EOD,ALM,AggregatedSpread,Bond,3y.ADB_ADB.EXCNY_Public_A,3y,3y,true,null,0.00460458,null,2026-05-13T16:30:06.197Z,null,0,null,Act/360,NYB,ADB,MODFOLLOWING,CreditSpread,1080,null,4507,7072944,2,3,7453,2026-05-05,2026-05-06T10:30:46.143Z,2026-05-14,2026-05-14T13:17:15.473Z,vcurvealmcorprates.csv,gwam_dev_ds.inv_ga_typed.alm_curvealmcorprates | Slice: 2026-04-08 09:15:18.790000 to 2026-05-13 16:45:47.950000,ADB,2026-05-15T09:01:25.000424Z
2026-05-13,ADB_ADB.EXCNY_Public_A,EOD,ALM,AggregatedSpread,Bond,5y.ADB_ADB.EXCNY_Public_A,5y,5y,true,null,0.00461326,null,2026-05-13T16:30:06.197Z,null,0,null,Act/360,NYB,ADB,MODFOLLOWING,CreditSpread,1800,null,4715,7072944,2,3,7453,2026-05-05,2026-05-06T10:30:46.143Z,2026-05-14,2026-05-14T13:17:15.473Z,vcurvealmcorprates.csv,gwam_dev_ds.inv_ga_typed.alm_curvealmcorprates | Slice: 2026-04-08 09:15:18.790000 to 2026-05-13 16:45:47.950000,ADB,2026-05-15T09:01:25.000424Z
2026-05-13,ADB_ADB.EXCNY_Public_A,EOD,ALM,AggregatedSpread,Cash,6m.ADB_ADB.EXCNY_Public_A,6m,6m,true,null,0.00463104,null,2026-05-13T16:30:06.197Z,null,0,null,Act/360,NYB,ADB,MODFOLLOWING,CreditSpread,180,null,4914,7072944,2,3,7453,2026-05-05,2026-05-06T10:30:46.143Z,2026-05-14,2026-05-14T13:17:15.473Z,vcurvealmcorprates.csv,gwam_dev_ds.inv_ga_typed.alm_curvealmcorprates | Slice: 2026-04-08 09:15:18.790000 to 2026-05-13 16:45:47.950000,ADB,2026-05-15T09:01:25.000424Z
2026-05-13,ADB_ADB.EXCNY_Public_A,EOD,ALM,AggregatedSpread,Bond,7y.ADB_ADB.EXCNY_Public_A,7y,7y,true,null,0.00465128,null,2026-05-13T16:30:06.197Z,null,0,null,Act/360,NYB,ADB,MODFOLLOWING,CreditSpread,2520,null,5117,7072944,2,3,7453,2026-05-05,2026-05-06T10:30:46.143Z,2026-05-14,2026-05-14T13:17:15.473Z,vcurvealmcorprates.csv,gwam_dev_ds.inv_ga_typed.alm_curvealmcorprates | Slice: 2026-04-08 09:15:18.790000 to 2026-05-13 16:45:47.950000,ADB,2026-05-15T09:01:25.000424Z
2026-05-13,JPY_Public_CCC,EOD,ALM,AggregatedSpread,Cash,3m.JPY_Public_CCC,3m,3m,true,null,0.01354037,null,2026-05-13T16:30:06.197Z,null,0,Annual,Act/365,TKB,JPY,MODFOLLOWING,CreditSpread,90,null,1178,7074891,2,3,3317,2026-05-01,2026-05-07T10:59:11.313Z,2026-05-14,2026-05-14T13:17:15.473Z,vcurvealmcorprates.csv,gwam_dev_ds.inv_ga_typed.alm_curvealmcorprates | Slice: 2026-04-08 09:15:18.790000 to 2026-05-13 16:45:47.950000,ADB,2026-05-15T09:01:25.000424Z
2026-05-13,JPY_Public_CCC,EOD,ALM,AggregatedSpread,Cash,6m.JPY_Public_CCC,6m,6m,true,null,0.01364037,null,2026-05-13T16:30:06.197Z,null,0,Annual,Act/365,TKB,JPY,MODFOLLOWING,CreditSpread,180,null,1179,7074891,2,3,3317,2026-05-01,2026-05-07T10:59:11.313Z,2026-05-14,2026-05-14T13:17:15.473Z,vcurvealmcorprates.csv,gwam_dev_ds.inv_ga_typed.alm_curvealmcorprates | Slice: 2026-04-08 09:15:18.790000 to 2026-05-13 16:45:47.950000,ADB,2026-05-15T09:01:25.000424Z
2026-05-13,JPY_Public_CCC,EOD,ALM,AggregatedSpread,Cash,1y.JPY_Public_CCC,1y,1y,true,null,0.01374037,null,2026-05-13T16:30:06.197Z,null,1,Semi Annual,NL/365,TKB,JPY,MODFOLLOWING,CreditSpread,360,null,1180,7074891,2,3,3317,2026-05-01,2026-05-07T10:59:11.313Z,2026-05-14,2026-05-14T13:17:15.473Z,vcurvealmcorprates.csv,gwam_dev_ds.inv_ga_typed.alm_curvealmcorprates | Slice: 2026-04-08 09:15:18.790000 to 2026-05-13 16:45:47.950000,ADB,2026-05-15T09:01:25.000424Z
2026-05-13,JPY_Public_CCC,EOD,ALM,AggregatedSpread,Bond,2y.JPY_Public_CCC,2y,2y,true,null,0.01181303,null,2026-05-13T16:30:06.197Z,null,1,Semi Annual,NL/365,TKB,JPY,MODFOLLOWING,CreditSpread,720,null,1181,7074891,2,3,3317,2026-05-01,2026-05-07T10:59:11.313Z,2026-05-14,2026-05-14T13:17:15.473Z,vcurvealmcorprates.csv,gwam_dev_ds.inv_ga_typed.alm_curvealmcorprates | Slice: 2026-04-08 09:15:18.790000 to 2026-05-13 16:45:47.950000,ADB,2026-05-15T09:01:25.000424Z
2026-05-13,JPY_Public_CCC,EOD,ALM,AggregatedSpread,Bond,3y.JPY_Public_CCC,3y,3y,true,null,0.01353385,null,2026-05-13T16:30:06.197Z,null,1,Semi Annual,NL/365,TKB,JPY,MODFOLLOWING,CreditSpread,1080,null,1182,7074891,2,3,3317,2026-05-01,2026-05-07T10:59:11.313Z,2026-05-14,2026-05-14T13:17:15.473Z,vcurvealmcorprates.csv,gwam_dev_ds.inv_ga_typed.alm_curvealmcorprates | Slice: 2026-04-08 09:15:18.790000 to 2026-05-13 16:45:47.950000,ADB,2026-05-15T09:01:25.000424Z
2026-05-13,JPY_Public_CCC,EOD,ALM,AggregatedSpread,Bond,5y.JPY_Public_CCC,5y,5y,true,null,0.01171343,null,2026-05-13T16:30:06.197Z,null,1,Semi Annual,NL/365,TKB,JPY,MODFOLLOWING,CreditSpread,1800,null,1183,7074891,2,3,3317,2026-05-01,2026-05-07T10:59:11.313Z,2026-05-14,2026-05-14T13:17:15.473Z,vcurvealmcorprates.csv,gwam_dev_ds.inv_ga_typed.alm_curvealmcorprates | Slice: 2026-04-08 09:15:18.790000 to 2026-05-13 16:45:47.950000,ADB,2026-05-15T09:01:25.000424Z
2026-05-13,JPY_Public_CCC,EOD,ALM,AggregatedSpread,Bond,7y.JPY_Public_CCC,7y,7y,true,null,0.01048440,null,2026-05-13T16:30:06.197Z,null,1,Semi Annual,NL/365,TKB,JPY,MODFOLLOWING,CreditSpread,2520,null,1184,7074891,2,3,3317,2026-05-01,2026-05-07T10:59:11.313Z,2026-05-14,2026-05-14T13:17:15.473Z,vcurvealmcorprates.csv,gwam_dev_ds.inv_ga_typed.alm_curvealmcorprates | Slice: 2026-04-08 09:15:18.790000 to 2026-05-13 16:45:47.950000,ADB,2026-05-15T09:01:25.000424Z
2026-05-13,JPY_Public_CCC,EOD,ALM,AggregatedSpread,Bond,10y.JPY_Public_CCC,10y,10y,true,null,0.00998440,null,2026-05-13T16:30:06.197Z,null,1,Semi Annual,NL/365,TKB,JPY,MODFOLLOWING,CreditSpread,3600,null,1185,7074891,2,3,3317,2026-05-01,2026-05-07T10:59:11.313Z,2026-05-14,2026-05-14T13:17:15.473Z,vcurvealmcorprates.csv,gwam_dev_ds.inv_ga_typed.alm_curvealmcorprates | Slice: 2026-04-08 09:15:18.790000 to 2026-05-13 16:45:47.950000,ADB,2026-05-15T09:01:25.000424Z
2026-05-13,JPY_Public_CCC,EOD,ALM,AggregatedSpread,Bond,20y.JPY_Public_CCC,20y,20y,true,null,0.01388361,null,2026-05-13T16:30:06.197Z,null,1,Semi Annual,NL/365,TKB,JPY,MODFOLLOWING,CreditSpread,7200,null,1186,7074891,2,3,3317,2026-05-01,2026-05-07T10:59:11.313Z,2026-05-14,2026-05-14T13:17:15.473Z,vcurvealmcorprates.csv,gwam_dev_ds.inv_ga_typed.alm_curvealmcorprates | Slice: 2026-04-08 09:15:18.790000 to 2026-05-13 16:45:47.950000,ADB,2026-05-15T09:01:25.000424Z
2026-05-13,JPY_Public_CCC,EOD,ALM,AggregatedSpread,Bond,30y.JPY_Public_CCC,30y,30y,true,null,0.01538361,null,2026-05-13T16:30:06.197Z,null,1,Semi Annual,NL/365,TKB,JPY,MODFOLLOWING,CreditSpread,10800,null,1187,7074891,2,3,3317,2026-05-01,2026-05-07T10:59:11.313Z,2026-05-14,2026-05-14T13:17:15.473Z,vcurvealmcorprates.csv,gwam_dev_ds.inv_ga_typed.alm_curvealmcorprates | Slice: 2026-04-08 09:15:18.790000 to 2026-05-13 16:45:47.950000,ADB,2026-05-15T09:01:25.000424Z
2026-05-13,HKD_Public_AA,EOD,ALM,AggregatedSpread,Bond,10y.HKD_Public_AA,10y,10y,true,null,0.00373425,null,2026-05-13T16:30:06.197Z,null,0,null,Act/360,HKB,HKD,MODFOLLOWING,CreditSpread,3600,null,3360,7068941,2,3,8621,2026-05-01,2026-05-04T11:30:32.993Z,2026-05-14,2026-05-14T13:17:15.473Z,vcurvealmcorprates.csv,gwam_dev_ds.inv_ga_typed.alm_curvealmcorprates | Slice: 2026-04-08 09:15:18.790000 to 2026-05-13 16:45:47.950000,ADB,2026-05-15T09:01:25.000424Z
2026-05-13,HKD_Public_AA,EOD,ALM,AggregatedSpread,Bond,1y.HKD_Public_AA,1y,1y,true,null,0.00435868,null,2026-05-13T16:30:06.197Z,null,0,null,Act/360,HKB,HKD,MODFOLLOWING,CreditSpread,360,null,3592,7068941,2,3,8621,2026-05-01,2026-05-04T11:30:32.993Z,2026-05-14,2026-05-14T13:17:15.473Z,vcurvealmcorprates.csv,gwam_dev_ds.inv_ga_typed.alm_curvealmcorprates | Slice: 2026-04-08 09:15:18.790000 to 2026-05-13 16:45:47.950000,ADB,2026-05-15T09:01:25.000424Z
2026-05-13,HKD_Public_AA,EOD,ALM,AggregatedSpread,Bond,20y.HKD_Public_AA,20y,20y,true,null,0.00373425,null,2026-05-13T16:30:06.197Z,null,0,null,Act/360,HKB,HKD,MODFOLLOWING,CreditSpread,7200,null,3791,7068941,2,3,8621,2026-05-01,2026-05-04T11:30:32.993Z,2026-05-14,2026-05-14T13:17:15.473Z,vcurvealmcorprates.csv,gwam_dev_ds.inv_ga_typed.alm_curvealmcorprates | Slice: 2026-04-08 09:15:18.790000 to 2026-05-13 16:45:47.950000,ADB,2026-05-15T09:01:25.000424Z
2026-05-13,HKD_Public_AA,EOD,ALM,AggregatedSpread,Bond,2y.HKD_Public_AA,2y,2y,true,null,0.00418501,null,2026-05-13T16:30:06.197Z,null,0,null,Act/360,HKB,HKD,MODFOLLOWING,CreditSpread,720,null,4001,7068941,2,3,8621,2026-05-01,2026-05-04T11:30:32.993Z,2026-05-14,2026-05-14T13:17:15.473Z,vcurvealmcorprates.csv,gwam_dev_ds.inv_ga_typed.alm_curvealmcorprates | Slice: 2026-04-08 09:15:18.790000 to 2026-05-13 16:45:47.950000,ADB,2026-05-15T09:01:25.000424Z
2026-05-13,HKD_Public_AA,EOD,ALM,AggregatedSpread,Bond,30y.HKD_Public_AA,30y,30y,true,null,0.00373425,null,2026-05-13T16:30:06.197Z,null,0,null,Act/360,HKB,HKD,MODFOLLOWING,CreditSpread,10800,null,4200,7068941,2,3,8621,2026-05-01,2026-05-04T11:30:32.993Z,2026-05-14,2026-05-14T13:17:15.473Z,vcurvealmcorprates.csv,gwam_dev_ds.inv_ga_typed.alm_curvealmcorprates | Slice: 2026-04-08 09:15:18.790000 to 2026-05-13 16:45:47.950000,ADB,2026-05-15T09:01:25.000424Z
2026-05-13,HKD_Public_AA,EOD,ALM,AggregatedSpread,Cash,3m.HKD_Public_AA,3m,3m,true,null,0.00435868,null,2026-05-13T16:30:06.197Z,null,0,null,Act/360,HKB,HKD,MODFOLLOWING,CreditSpread,90,null,4399,7068941,2,3,8621,2026-05-01,2026-05-04T11:30:32.993Z,2026-05-14,2026-05-14T13:17:15.473Z,vcurvealmcorprates.csv,gwam_dev_ds.inv_ga_typed.alm_curvealmcorprates | Slice: 2026-04-08 09:15:18.790000 to 2026-05-13 16:45:47.950000,ADB,2026-05-15T09:01:25.000424Z
2026-05-13,HKD_Public_AA,EOD,ALM,AggregatedSpread,Bond,3y.HKD_Public_AA,3y,3y,true,null,0.00465680,null,2026-05-13T16:30:06.197Z,null,0,null,Act/360,HKB,HKD,MODFOLLOWING,CreditSpread,1080,null,4598,7068941,2,3,8621,2026-05-01,2026-05-04T11:30:32.993Z,2026-05-14,2026-05-14T13:17:15.473Z,vcurvealmcorprates.csv,gwam_dev_ds.inv_ga_typed.alm_curvealmcorprates | Slice: 2026-04-08 09:15:18.790000 to 2026-05-13 16:45:47.950000,ADB,2026-05-15T09:01:25.000424Z
2026-05-13,HKD_Public_AA,EOD,ALM,AggregatedSpread,Bond,5y.HKD_Public_AA,5y,5y,true,null,0.00523317,null,2026-05-13T16:30:06.197Z,null,0,null,Act/360,HKB,HKD,MODFOLLOWING,CreditSpread,1800,null,4806,7068941,2,3,8621,2026-05-01,2026-05-04T11:30:32.993Z,2026-05-14,2026-05-14T13:17:15.473Z,vcurvealmcorprates.csv,gwam_dev_ds.inv_ga_typed.alm_curvealmcorprates | Slice: 2026-04-08 09:15:18.790000 to 2026-05-13 16:45:47.950000,ADB,2026-05-15T09:01:25.000424Z
2026-05-13,HKD_Public_AA,EOD,ALM,AggregatedSpread,Cash,6m.HKD_Public_AA,6m,6m,true,null,0.00435868,null,2026-05-13T16:30:06.197Z,null,0,null,Act/360,HKB,HKD,MODFOLLOWING,CreditSpread,180,null,5005,7068941,2,3,8621,2026-05-01,2026-05-04T11:30:32.993Z,2026-05-14,2026-05-14T13:17:15.473Z,vcurvealmcorprates.csv,gwam_dev_ds.inv_ga_typed.alm_curvealmcorprates | Slice: 2026-04-08 09:15:18.790000 to 2026-05-13 16:45:47.950000,ADB,2026-05-15T09:01:25.000424Z
2026-05-13,HKD_Public_AA,EOD,ALM,AggregatedSpread,Bond,7y.HKD_Public_AA,7y,7y,true,null,0.00500772,null,2026-05-13T16:30:06.197Z,null,0,null,Act/360,HKB,HKD,MODFOLLOWING,CreditSpread,2520,null,5208,7068941,2,3,8621,2026-05-01,2026-05-04T11:30:32.993Z,2026-05-14,2026-05-14T13:17:15.473Z,vcurvealmcorprates.csv,gwam_dev_ds.inv_ga_typed.alm_curvealmcorprates | Slice: 2026-04-08 09:15:18.790000 to 2026-05-13 16:45:47.950000,ADB,2026-05-15T09:01:25.000424Z
2026-05-13,ADB_ADB.ALL_Public_AA-,EOD,ALM,AggregatedSpread,Cash,3m.ADB_ADB.ALL_Public_AA-,3m,3m,true,null,0.00273506,null,2026-05-13T16:30:06.197Z,null,0,null,Act/360,NYB,ADB,MODFOLLOWING,CreditSpread,90,null,8464,7072904,1,3,9792,2026-05-05,2026-05-06T10:22:25.443Z,2026-05-14,2026-05-14T13:17:15.473Z,vcurvealmcorprates.csv,gwam_dev_ds.inv_ga_typed.alm_curvealmcorprates | Slice: 2026-04-08 09:15:18.790000 to 2026-05-13 16:45:47.950000,ADB,2026-05-15T09:01:25.000424Z
2026-05-13,ADB_ADB.ALL_Public_AA-,EOD,ALM,AggregatedSpread,Cash,6m.ADB_ADB.ALL_Public_AA-,6m,6m,true,null,0.00273506,null,2026-05-13T16:30:06.197Z,null,0,null,Act/360,NYB,ADB,MODFOLLOWING,CreditSpread,180,null,8465,7072904,1,3,9792,2026-05-05,2026-05-06T10:22:25.443Z,2026-05-14,2026-05-14T13:17:15.473Z,vcurvealmcorprates.csv,gwam_dev_ds.inv_ga_typed.alm_curvealmcorprates | Slice: 2026-04-08 09:15:18.790000 to 2026-05-13 16:45:47.950000,ADB,2026-05-15T09:01:25.000424Z
2026-05-13,ADB_ADB.ALL_Public_AA-,EOD,ALM,AggregatedSpread,Bond,1y.ADB_ADB.ALL_Public_AA-,1y,1y,true,null,0.00273506,null,2026-05-13T16:30:06.197Z,null,0,null,Act/360,NYB,ADB,MODFOLLOWING,CreditSpread,360,null,8466,7072904,1,3,9792,2026-05-05,2026-05-06T10:22:25.443Z,2026-05-14,2026-05-14T13:17:15.473Z,vcurvealmcorprates.csv,gwam_dev_ds.inv_ga_typed.alm_curvealmcorprates | Slice: 2026-04-08 09:15:18.790000 to 2026-05-13 16:45:47.950000,ADB,2026-05-15T09:01:25.000424Z
2026-05-13,ADB_ADB.ALL_Public_AA-,EOD,ALM,AggregatedSpread,Bond,2y.ADB_ADB.ALL_Public_AA-,2y,2y,true,null,0.00243919,null,2026-05-13T16:30:06.197Z,null,0,null,Act/360,NYB,ADB,MODFOLLOWING,CreditSpread,720,null,8467,7072904,1,3,9792,2026-05-05,2026-05-06T10:22:25.443Z,2026-05-14,2026-05-14T13:17:15.473Z,vcurvealmcorprates.csv,gwam_dev_ds.inv_ga_typed.alm_curvealmcorprates | Slice: 2026-04-08 09:15:18.790000 to 2026-05-13 16:45:47.950000,ADB,2026-05-15T09:01:25.000424Z
2026-05-13,ADB_ADB.ALL_Public_AA-,EOD,ALM,AggregatedSpread,Bond,3y.ADB_ADB.ALL_Public_AA-,3y,3y,true,null,0.00217603,null,2026-05-13T16:30:06.197Z,null,0,null,Act/360,NYB,ADB,MODFOLLOWING,CreditSpread,1080,null,8468,7072904,1,3,9792,2026-05-05,2026-05-06T10:22:25.443Z,2026-05-14,2026-05-14T13:17:15.473Z,vcurvealmcorprates.csv,gwam_dev_ds.inv_ga_typed.alm_curvealmcorprates | Slice: 2026-04-08 09:15:18.790000 to 2026-05-13 16:45:47.950000,ADB,2026-05-15T09:01:25.000424Z
2026-05-13,ADB_ADB.ALL_Public_AA-,EOD,ALM,AggregatedSpread,Bond,5y.ADB_ADB.ALL_Public_AA-,5y,5y,true,null,0.00170474,null,2026-05-13T16:30:06.197Z,null,0,null,Act/360,NYB,ADB,MODFOLLOWING,CreditSpread,1800,null,8469,7072904,1,3,9792,2026-05-05,2026-05-06T10:22:25.443Z,2026-05-14,2026-05-14T13:17:15.473Z,vcurvealmcorprates.csv,gwam_dev_ds.inv_ga_typed.alm_curvealmcorprates | Slice: 2026-04-08 09:15:18.790000 to 2026-05-13 16:45:47.950000,ADB,2026-05-15T09:01:25.000424Z
2026-05-13,ADB_ADB.ALL_Public_AA-,EOD,ALM,AggregatedSpread,Bond,7y.ADB_ADB.ALL_Public_AA-,7y,7y,true,null,0.00133399,null,2026-05-13T16:30:06.197Z,null,0,null,Act/360,NYB,ADB,MODFOLLOWING,CreditSpread,2520,null,8470,7072904,1,3,9792,2026-05-05,2026-05-06T10:22:25.443Z,2026-05-14,2026-05-14T13:17:15.473Z,vcurvealmcorprates.csv,gwam_dev_ds.inv_ga_typed.alm_curvealmcorprates | Slice: 2026-04-08 09:15:18.790000 to 2026-05-13 16:45:47.950000,ADB,2026-05-15T09:01:25.000424Z
2026-05-13,ADB_ADB.ALL_Public_AA-,EOD,ALM,AggregatedSpread,Bond,10y.ADB_ADB.ALL_Public_AA-,10y,10y,true,null,0.00093528,null,2026-05-13T16:30:06.197Z,null,0,null,Act/360,NYB,ADB,MODFOLLOWING,CreditSpread,3600,null,8471,7072904,1,3,9792,2026-05-05,2026-05-06T10:22:25.443Z,2026-05-14,2026-05-14T13:17:15.473Z,vcurvealmcorprates.csv,gwam_dev_ds.inv_ga_typed.alm_curvealmcorprates | Slice: 2026-04-08 09:15:18.790000 to 2026-05-13 16:45:47.950000,ADB,2026-05-15T09:01:25.000424Z
2026-05-13,ADB_ADB.ALL_Public_AA-,EOD,ALM,AggregatedSpread,Bond,20y.ADB_ADB.ALL_Public_AA-,20y,20y,true,null,0.00035975,null,2026-05-13T16:30:06.197Z,null,0,null,Act/360,NYB,ADB,MODFOLLOWING,CreditSpread,7200,null,8472,7072904,1,3,9792,2026-05-05,2026-05-06T10:22:25.443Z,2026-05-14,2026-05-14T13:17:15.473Z,vcurvealmcorprates.csv,gwam_dev_ds.inv_ga_typed.alm_curvealmcorprates | Slice: 2026-04-08 09:15:18.790000 to 2026-05-13 16:45:47.950000,ADB,2026-05-15T09:01:25.000424Z
2026-05-13,ADB_ADB.ALL_Public_AA-,EOD,ALM,AggregatedSpread,Bond,30y.ADB_ADB.ALL_Public_AA-,30y,30y,true,null,-0.00024102,null,2026-05-13T16:30:06.197Z,null,0,null,Act/360,NYB,ADB,MODFOLLOWING,CreditSpread,10800,null,8473,7072904,1,3,9792,2026-05-05,2026-05-06T10:22:25.443Z,2026-05-14,2026-05-14T13:17:15.473Z,vcurvealmcorprates.csv,gwam_dev_ds.inv_ga_typed.alm_curvealmcorprates | Slice: 2026-04-08 09:15:18.790000 to 2026-05-13 16:45:47.950000,ADB,2026-05-15T09:01:25.000424Z
2026-05-13,ADB_ADB.ALL_Public_BBB-,EOD,ALM,AggregatedSpread,Cash,3m.ADB_ADB.ALL_Public_BBB-,3m,3m,true,null,0.00668669,null,2026-05-13T16:30:06.197Z,null,0,null,Act/360,NYB,ADB,MODFOLLOWING,CreditSpread,90,null,8484,7072906,1,3,9794,2026-05-05,2026-05-06T10:22:25.443Z,2026-05-14,2026-05-14T13:17:15.473Z,vcurvealmcorprates.csv,gwam_dev_ds.inv_ga_typed.alm_curvealmcorprates | Slice: 2026-04-08 09:15:18.790000 to 2026-05-13 16:45:47.950000,ADB,2026-05-15T09:01:25.000424Z
2026-05-13,ADB_ADB.ALL_Public_BBB-,EOD,ALM,AggregatedSpread,Cash,6m.ADB_ADB.ALL_Public_BBB-,6m,6m,true,null,0.00668669,null,2026-05-13T16:30:06.197Z,null,0,null,Act/360,NYB,ADB,MODFOLLOWING,CreditSpread,180,null,8485,7072906,1,3,9794,2026-05-05,2026-05-06T10:22:25.443Z,2026-05-14,2026-05-14T13:17:15.473Z,vcurvealmcorprates.csv,gwam_dev_ds.inv_ga_typed.alm_curvealmcorprates | Slice: 2026-04-08 09:15:18.790000 to 2026-05-13 16:45:47.950000,ADB,2026-05-15T09:01:25.000424Z
2026-05-13,ADB_ADB.ALL_Public_BBB-,EOD,ALM,AggregatedSpread,Bond,1y.ADB_ADB.ALL_Public_BBB-,1y,1y,true,null,0.00668669,null,2026-05-13T16:30:06.197Z,null,0,null,Act/360,NYB,ADB,MODFOLLOWING,CreditSpread,360,null,8486,7072906,1,3,9794,2026-05-05,2026-05-06T10:22:25.443Z,2026-05-14,2026-05-14T13:17:15.473Z,vcurvealmcorprates.csv,gwam_dev_ds.inv_ga_typed.alm_curvealmcorprates | Slice: 2026-04-08 09:15:18.790000 to 2026-05-13 16:45:47.950000,ADB,2026-05-15T09:01:25.000424Z
2026-05-13,ADB_ADB.ALL_Public_BBB-,EOD,ALM,AggregatedSpread,Bond,2y.ADB_ADB.ALL_Public_BBB-,2y,2y,true,null,0.00720244,null,2026-05-13T16:30:06.197Z,null,0,null,Act/360,NYB,ADB,MODFOLLOWING,CreditSpread,720,null,8487,7072906,1,3,9794,2026-05-05,2026-05-06T10:22:25.443Z,2026-05-14,2026-05-14T13:17:15.473Z,vcurvealmcorprates.csv,gwam_dev_ds.inv_ga_typed.alm_curvealmcorprates | Slice: 2026-04-08 09:15:18.790000 to 2026-05-13 16:45:47.950000,ADB,2026-05-15T09:01:25.000424Z
2026-05-13,ADB_ADB.ALL_Public_BBB-,EOD,ALM,AggregatedSpread,Bond,3y.ADB_ADB.ALL_Public_BBB-,3y,3y,true,null,0.00762478,null,2026-05-13T16:30:06.197Z,null,0,null,Act/360,NYB,ADB,MODFOLLOWING,CreditSpread,1080,null,8488,7072906,1,3,9794,2026-05-05,2026-05-06T10:22:25.443Z,2026-05-14,2026-05-14T13:17:15.473Z,vcurvealmcorprates.csv,gwam_dev_ds.inv_ga_typed.alm_curvealmcorprates | Slice: 2026-04-08 09:15:18.790000 to 2026-05-13 16:45:47.950000,ADB,2026-05-15T09:01:25.000424Z
2026-05-13,ADB_ADB.ALL_Public_BBB-,EOD,ALM,AggregatedSpread,Bond,5y.ADB_ADB.ALL_Public_BBB-,5y,5y,true,null,0.00832205,null,2026-05-13T16:30:06.197Z,null,0,null,Act/360,NYB,ADB,MODFOLLOWING,CreditSpread,1800,null,8489,7072906,1,3,9794,2026-05-05,2026-05-06T10:22:25.443Z,2026-05-14,2026-05-14T13:17:15.473Z,vcurvealmcorprates.csv,gwam_dev_ds.inv_ga_typed.alm_curvealmcorprates | Slice: 2026-04-08 09:15:18.790000 to 2026-05-13 16:45:47.950000,ADB,2026-05-15T09:01:25.000424Z
2026-05-13,ADB_ADB.ALL_Public_BBB-,EOD,ALM,AggregatedSpread,Bond,7y.ADB_ADB.ALL_Public_BBB-,7y,7y,true,null,0.00886604,null,2026-05-13T16:30:06.197Z,null,0,null,Act/360,NYB,ADB,MODFOLLOWING,CreditSpread,2520,null,8490,7072906,1,3,9794,2026-05-05,2026-05-06T10:22:25.443Z,2026-05-14,2026-05-14T13:17:15.473Z,vcurvealmcorprates.csv,gwam_dev_ds.inv_ga_typed.alm_curvealmcorprates | Slice: 2026-04-08 09:15:18.790000 to 2026-05-13 16:45:47.950000,ADB,2026-05-15T09:01:25.000424Z
2026-05-13,ADB_ADB.ALL_Public_BBB-,EOD,ALM,AggregatedSpread,Bond,10y.ADB_ADB.ALL_Public_BBB-,10y,10y,true,null,0.00956945,null,2026-05-13T16:30:06.197Z,null,0,null,Act/360,NYB,ADB,MODFOLLOWING,CreditSpread,3600,null,8491,7072906,1,3,9794,2026-05-05,2026-05-06T10:22:25.443Z,2026-05-14,2026-05-14T13:17:15.473Z,vcurvealmcorprates.csv,gwam_dev_ds.inv_ga_typed.alm_curvealmcorprates | Slice: 2026-04-08 09:15:18.790000 to 2026-05-13 16:45:47.950000,ADB,2026-05-15T09:01:25.000424Z
2026-05-13,ADB_ADB.ALL_Public_BBB-,EOD,ALM,AggregatedSpread,Bond,20y.ADB_ADB.ALL_Public_BBB-,20y,20y,true,null,0.00963021,null,2026-05-13T16:30:06.197Z,null,0,null,Act/360,NYB,ADB,MODFOLLOWING,CreditSpread,7200,null,8492,7072906,1,3,9794,2026-05-05,2026-05-06T10:22:25.443Z,2026-05-14,2026-05-14T13:17:15.473Z,vcurvealmcorprates.csv,gwam_dev_ds.inv_ga_typed.alm_curvealmcorprates | Slice: 2026-04-08 09:15:18.790000 to 2026-05-13 16:45:47.950000,ADB,2026-05-15T09:01:25.000424Z
2026-05-13,ADB_ADB.ALL_Public_BBB-,EOD,ALM,AggregatedSpread,Bond,30y.ADB_ADB.ALL_Public_BBB-,30y,30y,true,null,0.00963954,null,2026-05-13T16:30:06.197Z,null,0,null,Act/360,NYB,ADB,MODFOLLOWING,CreditSpread,10800,null,8493,7072906,1,3,9794,2026-05-05,2026-05-06T10:22:25.443Z,2026-05-14,2026-05-14T13:17:15.473Z,vcurvealmcorprates.csv,gwam_dev_ds.inv_ga_typed.alm_curvealmcorprates | Slice: 2026-04-08 09:15:18.790000 to 2026-05-13 16:45:47.950000,ADB,2026-05-15T09:01:25.000424Z
2026-05-13,ADB_ADB.CNY_Public_BBB+,EOD,ALM,AggregatedSpread,Cash,3m.ADB_ADB.CNY_Public_BBB+,3m,3m,true,null,0.00691895,null,2026-05-13T16:30:06.197Z,null,0,null,Act/360,NYB,ADB,MODFOLLOWING,CreditSpread,90,null,8534,7072925,1,3,9801,2026-05-05,2026-05-06T10:30:37.44Z,2026-05-14,2026-05-14T13:17:15.473Z,vcurvealmcorprates.csv,gwam_dev_ds.inv_ga_typed.alm_curvealmcorprates | Slice: 2026-04-08 09:15:18.790000 to 2026-05-13 16:45:47.950000,ADB,2026-05-15T09:01:25.000424Z
2026-05-13,ADB_ADB.CNY_Public_BBB+,EOD,ALM,AggregatedSpread,Cash,6m.ADB_ADB.CNY_Public_BBB+,6m,6m,true,null,0.00691895,null,2026-05-13T16:30:06.197Z,null,0,null,Act/360,NYB,ADB,MODFOLLOWING,CreditSpread,180,null,8535,7072925,1,3,9801,2026-05-05,2026-05-06T10:30:37.44Z,2026-05-14,2026-05-14T13:17:15.473Z,vcurvealmcorprates.csv,gwam_dev_ds.inv_ga_typed.alm_curvealmcorprates | Slice: 2026-04-08 09:15:18.790000 to 2026-05-13 16:45:47.950000,ADB,2026-05-15T09:01:25.000424Z
2026-05-13,ADB_ADB.CNY_Public_BBB+,EOD,ALM,AggregatedSpread,Bond,1y.ADB_ADB.CNY_Public_BBB+,1y,1y,true,null,0.00691895,null,2026-05-13T16:30:06.197Z,null,0,null,Act/360,NYB,ADB,MODFOLLOWING,CreditSpread,360,null,8536,7072925,1,3,9801,2026-05-05,2026-05-06T10:30:37.44Z,2026-05-14,2026-05-14T13:17:15.473Z,vcurvealmcorprates.csv,gwam_dev_ds.inv_ga_typed.alm_curvealmcorprates | Slice: 2026-04-08 09:15:18.790000 to 2026-05-13 16:45:47.950000,ADB,2026-05-15T09:01:25.000424Z
2026-05-13,ADB_ADB.CNY_Public_BBB+,EOD,ALM,AggregatedSpread,Bond,2y.ADB_ADB.CNY_Public_BBB+,2y,2y,true,null,0.00575818,null,2026-05-13T16:30:06.197Z,null,0,null,Act/360,NYB,ADB,MODFOLLOWING,CreditSpread,720,null,8537,7072925,1,3,9801,2026-05-05,2026-05-06T10:30:37.44Z,2026-05-14,2026-05-14T13:17:15.473Z,vcurvealmcorprates.csv,gwam_dev_ds.inv_ga_typed.alm_curvealmcorprates | Slice: 2026-04-08 09:15:18.790000 to 2026-05-13 16:45:47.950000,ADB,2026-05-15T09:01:25.000424Z
2026-05-13,ADB_ADB.CNY_Public_BBB+,EOD,ALM,AggregatedSpread,Bond,3y.ADB_ADB.CNY_Public_BBB+,3y,3y,true,null,0.00513576,null,2026-05-13T16:30:06.197Z,null,0,null,Act/360,NYB,ADB,MODFOLLOWING,CreditSpread,1080,null,8538,7072925,1,3,9801,2026-05-05,2026-05-06T10:30:37.44Z,2026-05-14,2026-05-14T13:17:15.473Z,vcurvealmcorprates.csv,gwam_dev_ds.inv_ga_typed.alm_curvealmcorprates | Slice: 2026-04-08 09:15:18.790000 to 2026-05-13 16:45:47.950000,ADB,2026-05-15T09:01:25.000424Z
2026-05-13,ADB_ADB.CNY_Public_BBB+,EOD,ALM,AggregatedSpread,Bond,5y.ADB_ADB.CNY_Public_BBB+,5y,5y,true,null,0.00514360,null,2026-05-13T16:30:06.197Z,null,0,null,Act/360,NYB,ADB,MODFOLLOWING,CreditSpread,1800,null,8539,7072925,1,3,9801,2026-05-05,2026-05-06T10:30:37.44Z,2026-05-14,2026-05-14T13:17:15.473Z,vcurvealmcorprates.csv,gwam_dev_ds.inv_ga_typed.alm_curvealmcorprates | Slice: 2026-04-08 09:15:18.790000 to 2026-05-13 16:45:47.950000,ADB,2026-05-15T09:01:25.000424Z
2026-05-13,ADB_ADB.CNY_Public_BBB+,EOD,ALM,AggregatedSpread,Bond,7y.ADB_ADB.CNY_Public_BBB+,7y,7y,true,null,0.00654658,null,2026-05-13T16:30:06.197Z,null,0,null,Act/360,NYB,ADB,MODFOLLOWING,CreditSpread,2520,null,8540,7072925,1,3,9801,2026-05-05,2026-05-06T10:30:37.44Z,2026-05-14,2026-05-14T13:17:15.473Z,vcurvealmcorprates.csv,gwam_dev_ds.inv_ga_typed.alm_curvealmcorprates | Slice: 2026-04-08 09:15:18.790000 to 2026-05-13 16:45:47.950000,ADB,2026-05-15T09:01:25.000424Z
2026-05-13,ADB_ADB.CNY_Public_BBB+,EOD,ALM,AggregatedSpread,Bond,10y.ADB_ADB.CNY_Public_BBB+,10y,10y,true,null,0.01020902,null,2026-05-13T16:30:06.197Z,null,0,null,Act/360,NYB,ADB,MODFOLLOWING,CreditSpread,3600,null,8541,7072925,1,3,9801,2026-05-05,2026-05-06T10:30:37.44Z,2026-05-14,2026-05-14T13:17:15.473Z,vcurvealmcorprates.csv,gwam_dev_ds.inv_ga_typed.alm_curvealmcorprates | Slice: 2026-04-08 09:15:18.790000 to 2026-05-13 16:45:47.950000,ADB,2026-05-15T09:01:25.000424Z
2026-05-13,ADB_ADB.CNY_Public_BBB+,EOD,ALM,AggregatedSpread,Bond,20y.ADB_ADB.CNY_Public_BBB+,20y,20y,true,null,0.01012553,null,2026-05-13T16:30:06.197Z,null,0,null,Act/360,NYB,ADB,MODFOLLOWING,CreditSpread,7200,null,8542,7072925,1,3,9801,2026-05-05,2026-05-06T10:30:37.44Z,2026-05-14,2026-05-14T13:17:15.473Z,vcurvealmcorprates.csv,gwam_dev_ds.inv_ga_typed.alm_curvealmcorprates | Slice: 2026-04-08 09:15:18.790000 to 2026-05-13 16:45:47.950000,ADB,2026-05-15T09:01:25.000424Z
2026-05-13,ADB_ADB.CNY_Public_BBB+,EOD,ALM,AggregatedSpread,Bond,30y.ADB_ADB.CNY_Public_BBB+,30y,30y,true,null,0.01015804,null,2026-05-13T16:30:06.197Z,null,0,null,Act/360,NYB,ADB,MODFOLLOWING,CreditSpread,10800,null,8543,7072925,1,3,9801,2026-05-05,2026-05-06T10:30:37.44Z,2026-05-14,2026-05-14T13:17:15.473Z,vcurvealmcorprates.csv,gwam_dev_ds.inv_ga_typed.alm_curvealmcorprates | Slice: 2026-04-08 09:15:18.790000 to 2026-05-13 16:45:47.950000,ADB,2026-05-15T09:01:25.000424Z
2026-05-13,JPY_Public_B,EOD,ALM,AggregatedSpread,Cash,6m.JPY_Public_B,6m,6m,true,null,0.01364037,null,2026-05-13T16:30:06.197Z,null,0,Annual,Act/365,TKB,JPY,MODFOLLOWING,CreditSpread,180,null,1149,7074889,2,3,3315,2026-05-01,2026-05-07T10:59:11.313Z,2026-05-14,2026-05-14T13:17:15.473Z,vcurvealmcorprates.csv,gwam_dev_ds.inv_ga_typed.alm_curvealmcorprates | Slice: 2026-04-08 09:15:18.790000 to 2026-05-13 16:45:47.950000,ADB,2026-05-15T09:01:25.000424Z
2026-05-13,JPY_Public_B,EOD,ALM,AggregatedSpread,Cash,1y.JPY_Public_B,1y,1y,true,null,0.01374037,null,2026-05-13T16:30:06.197Z,null,1,Semi Annual,NL/365,TKB,JPY,MODFOLLOWING,CreditSpread,360,null,1150,7074889,2,3,3315,2026-05-01,2026-05-07T10:59:11.313Z,2026-05-14,2026-05-14T13:17:15.473Z,vcurvealmcorprates.csv,gwam_dev_ds.inv_ga_typed.alm_curvealmcorprates | Slice: 2026-04-08 09:15:18.790000 to 2026-05-13 16:45:47.950000,ADB,2026-05-15T09:01:25.000424Z
2026-05-13,JPY_Public_B,EOD,ALM,AggregatedSpread,Bond,2y.JPY_Public_B,2y,2y,true,null,0.01181303,null,2026-05-13T16:30:06.197Z,null,1,Semi Annual,NL/365,TKB,JPY,MODFOLLOWING,CreditSpread,720,null,1151,7074889,2,3,3315,2026-05-01,2026-05-07T10:59:11.313Z,2026-05-14,2026-05-14T13:17:15.473Z,vcurvealmcorprates.csv,gwam_dev_ds.inv_ga_typed.alm_curvealmcorprates | Slice: 2026-04-08 09:15:18.790000 to 2026-05-13 16:45:47.950000,ADB,2026-05-15T09:01:25.000424Z
2026-05-13,JPY_Public_B,EOD,ALM,AggregatedSpread,Bond,3y.JPY_Public_B,3y,3y,true,null,0.01353385,null,2026-05-13T16:30:06.197Z,null,1,Semi Annual,NL/365,TKB,JPY,MODFOLLOWING,CreditSpread,1080,null,1152,7074889,2,3,3315,2026-05-01,2026-05-07T10:59:11.313Z,2026-05-14,2026-05-14T13:17:15.473Z,vcurvealmcorprates.csv,gwam_dev_ds.inv_ga_typed.alm_curvealmcorprates | Slice: 2026-04-08 09:15:18.790000 to 2026-05-13 16:45:47.950000,ADB,2026-05-15T09:01:25.000424Z
2026-05-13,JPY_Public_B,EOD,ALM,AggregatedSpread,Bond,7y.JPY_Public_B,7y,7y,true,null,0.01048440,null,2026-05-13T16:30:06.197Z,null,1,Semi Annual,NL/365,TKB,JPY,MODFOLLOWING,CreditSpread,2520,null,1154,7074889,2,3,3315,2026-05-01,2026-05-07T10:59:11.313Z,2026-05-14,2026-05-14T13:17:15.473Z,vcurvealmcorprates.csv,gwam_dev_ds.inv_ga_typed.alm_curvealmcorprates | Slice: 2026-04-08 09:15:18.790000 to 2026-05-13 16:45:47.950000,ADB,2026-05-15T09:01:25.000424Z
2026-05-13,JPY_Public_B,EOD,ALM,AggregatedSpread,Bond,10y.JPY_Public_B,10y,10y,true,null,0.00998440,null,2026-05-13T16:30:06.197Z,null,1,Semi Annual,NL/365,TKB,JPY,MODFOLLOWING,CreditSpread,3600,null,1155,7074889,2,3,3315,2026-05-01,2026-05-07T10:59:11.313Z,2026-05-14,2026-05-14T13:17:15.473Z,vcurvealmcorprates.csv,gwam_dev_ds.inv_ga_typed.alm_curvealmcorprates | Slice: 2026-04-08 09:15:18.790000 to 2026-05-13 16:45:47.950000,ADB,2026-05-15T09:01:25.000424Z
2026-05-13,JPY_Public_B,EOD,ALM,AggregatedSpread,Bond,20y.JPY_Public_B,20y,20y,true,null,0.01388361,null,2026-05-13T16:30:06.197Z,null,1,Semi Annual,NL/365,TKB,JPY,MODFOLLOWING,CreditSpread,7200,null,1156,7074889,2,3,3315,2026-05-01,2026-05-07T10:59:11.313Z,2026-05-14,2026-05-14T13:17:15.473Z,vcurvealmcorprates.csv,gwam_dev_ds.inv_ga_typed.alm_curvealmcorprates | Slice: 2026-04-08 09:15:18.790000 to 2026-05-13 16:45:47.950000,ADB,2026-05-15T09:01:25.000424Z
2026-05-13,JPY_Public_B,EOD,ALM,AggregatedSpread,Bond,30y.JPY_Public_B,30y,30y,true,null,0.01538361,null,2026-05-13T16:30:06.197Z,null,1,Semi Annual,NL/365,TKB,JPY,MODFOLLOWING,CreditSpread,10800,null,1157,7074889,2,3,3315,2026-05-01,2026-05-07T10:59:11.313Z,2026-05-14,2026-05-14T13:17:15.473Z,vcurvealmcorprates.csv,gwam_dev_ds.inv_ga_typed.alm_curvealmcorprates | Slice: 2026-04-08 09:15:18.790000 to 2026-05-13 16:45:47.950000,ADB,2026-05-15T09:01:25.000424Z
2026-05-13,ADB_ADB.EXCNY_Public_A-,EOD,ALM,AggregatedSpread,Cash,3m.ADB_ADB.EXCNY_Public_A-,3m,3m,true,null,0.00476526,null,2026-05-13T16:30:06.197Z,null,0,null,Act/360,NYB,ADB,MODFOLLOWING,CreditSpread,90,null,8624,7072956,1,3,9808,2026-05-05,2026-05-06T10:30:46.143Z,2026-05-14,2026-05-14T13:17:15.473Z,vcurvealmcorprates.csv,gwam_dev_ds.inv_ga_typed.alm_curvealmcorprates | Slice: 2026-04-08 09:15:18.790000 to 2026-05-13 16:45:47.950000,ADB,2026-05-15T09:01:25.000424Z
2026-05-13,ADB_ADB.EXCNY_Public_A-,EOD,ALM,AggregatedSpread,Cash,6m.ADB_ADB.EXCNY_Public_A-,6m,6m,true,null,0.00476526,null,2026-05-13T16:30:06.197Z,null,0,null,Act/360,NYB,ADB,MODFOLLOWING,CreditSpread,180,null,8625,7072956,1,3,9808,2026-05-05,2026-05-06T10:30:46.143Z,2026-05-14,2026-05-14T13:17:15.473Z,vcurvealmcorprates.csv,gwam_dev_ds.inv_ga_typed.alm_curvealmcorprates | Slice: 2026-04-08 09:15:18.790000 to 2026-05-13 16:45:47.950000,ADB,2026-05-15T09:01:25.000424Z
2026-05-13,ADB_ADB.EXCNY_Public_A-,EOD,ALM,AggregatedSpread,Bond,1y.ADB_ADB.EXCNY_Public_A-,1y,1y,true,null,0.00476526,null,2026-05-13T16:30:06.197Z,null,0,null,Act/360,NYB,ADB,MODFOLLOWING,CreditSpread,360,null,8626,7072956,1,3,9808,2026-05-05,2026-05-06T10:30:46.143Z,2026-05-14,2026-05-14T13:17:15.473Z,vcurvealmcorprates.csv,gwam_dev_ds.inv_ga_typed.alm_curvealmcorprates | Slice: 2026-04-08 09:15:18.790000 to 2026-05-13 16:45:47.950000,ADB,2026-05-15T09:01:25.000424Z
2026-05-13,ADB_ADB.EXCNY_Public_A-,EOD,ALM,AggregatedSpread,Bond,2y.ADB_ADB.EXCNY_Public_A-,2y,2y,true,null,0.00478375,null,2026-05-13T16:30:06.197Z,null,0,null,Act/360,NYB,ADB,MODFOLLOWING,CreditSpread,720,null,8627,7072956,1,3,9808,2026-05-05,2026-05-06T10:30:46.143Z,2026-05-14,2026-05-14T13:17:15.473Z,vcurvealmcorprates.csv,gwam_dev_ds.inv_ga_typed.alm_curvealmcorprates | Slice: 2026-04-08 09:15:18.790000 to 2026-05-13 16:45:47.950000,ADB,2026-05-15T09:01:25.000424Z
2026-05-13,ADB_ADB.EXCNY_Public_A-,EOD,ALM,AggregatedSpread,Bond,3y.ADB_ADB.EXCNY_Public_A-,3y,3y,true,null,0.00479459,null,2026-05-13T16:30:06.197Z,null,0,null,Act/360,NYB,ADB,MODFOLLOWING,CreditSpread,1080,null,8628,7072956,1,3,9808,2026-05-05,2026-05-06T10:30:46.143Z,2026-05-14,2026-05-14T13:17:15.473Z,vcurvealmcorprates.csv,gwam_dev_ds.inv_ga_typed.alm_curvealmcorprates | Slice: 2026-04-08 09:15:18.790000 to 2026-05-13 16:45:47.950000,ADB,2026-05-15T09:01:25.000424Z
2026-05-13,ADB_ADB.EXCNY_Public_A-,EOD,ALM,AggregatedSpread,Bond,5y.ADB_ADB.EXCNY_Public_A-,5y,5y,true,null,0.00483983,null,2026-05-13T16:30:06.197Z,null,0,null,Act/360,NYB,ADB,MODFOLLOWING,CreditSpread,1800,null,8629,7072956,1,3,9808,2026-05-05,2026-05-06T10:30:46.143Z,2026-05-14,2026-05-14T13:17:15.473Z,vcurvealmcorprates.csv,gwam_dev_ds.inv_ga_typed.alm_curvealmcorprates | Slice: 2026-04-08 09:15:18.790000 to 2026-05-13 16:45:47.950000,ADB,2026-05-15T09:01:25.000424Z
2026-05-13,ADB_ADB.EXCNY_Public_A-,EOD,ALM,AggregatedSpread,Bond,7y.ADB_ADB.EXCNY_Public_A-,7y,7y,true,null,0.00488821,null,2026-05-13T16:30:06.197Z,null,0,null,Act/360,NYB,ADB,MODFOLLOWING,CreditSpread,2520,null,8630,7072956,1,3,9808,2026-05-05,2026-05-06T10:30:46.143Z,2026-05-14,2026-05-14T13:17:15.473Z,vcurvealmcorprates.csv,gwam_dev_ds.inv_ga_typed.alm_curvealmcorprates | Slice: 2026-04-08 09:15:18.790000 to 2026-05-13 16:45:47.950000,ADB,2026-05-15T09:01:25.000424Z
2026-05-13,ADB_ADB.EXCNY_Public_A-,EOD,ALM,AggregatedSpread,Bond,10y.ADB_ADB.EXCNY_Public_A-,10y,10y,true,null,0.00501012,null,2026-05-13T16:30:06.197Z,null,0,null,Act/360,NYB,ADB,MODFOLLOWING,CreditSpread,3600,null,8631,7072956,1,3,9808,2026-05-05,2026-05-06T10:30:46.143Z,2026-05-14,2026-05-14T13:17:15.473Z,vcurvealmcorprates.csv,gwam_dev_ds.inv_ga_typed.alm_curvealmcorprates | Slice: 2026-04-08 09:15:18.790000 to 2026-05-13 16:45:47.950000,ADB,2026-05-15T09:01:25.000424Z
2026-05-13,ADB_ADB.EXCNY_Public_A-,EOD,ALM,AggregatedSpread,Bond,20y.ADB_ADB.EXCNY_Public_A-,20y,20y,true,null,0.00566626,null,2026-05-13T16:30:06.197Z,null,0,null,Act/360,NYB,ADB,MODFOLLOWING,CreditSpread,7200,null,8632,7072956,1,3,9808,2026-05-05,2026-05-06T10:30:46.143Z,2026-05-14,2026-05-14T13:17:15.473Z,vcurvealmcorprates.csv,gwam_dev_ds.inv_ga_typed.alm_curvealmcorprates | Slice: 2026-04-08 09:15:18.790000 to 2026-05-13 16:45:47.950000,ADB,2026-05-15T09:01:25.000424Z
2026-05-13,ADB_ADB.EXCNY_Public_A-,EOD,ALM,AggregatedSpread,Bond,30y.ADB_ADB.EXCNY_Public_A-,30y,30y,true,null,0.00625092,null,2026-05-13T16:30:06.197Z,null,0,null,Act/360,NYB,ADB,MODFOLLOWING,CreditSpread,10800,null,8633,7072956,1,3,9808,2026-05-05,2026-05-06T10:30:46.143Z,2026-05-14,2026-05-14T13:17:15.473Z,vcurvealmcorprates.csv,gwam_dev_ds.inv_ga_typed.alm_curvealmcorprates | Slice: 2026-04-08 09:15:18.790000 to 2026-05-13 16:45:47.950000,ADB,2026-05-15T09:01:25.000424Z
2026-05-13,MYR_Public_A,EOD,ALM,AggregatedSpread,Bond,10y.MYR_Public_A,10y,10y,true,null,0.00024000,null,2026-05-13T16:45:47.95Z,null,0,null,Act/360,KLB,MYR,MODFOLLOWING,CreditSpread,3600,null,3404,7207360,3,3,8578,2026-05-13,2026-05-13T16:45:03.88Z,2026-05-14,2026-05-14T13:17:15.473Z,vcurvealmcorprates.csv,gwam_dev_ds.inv_ga_typed.alm_curvealmcorprates | Slice: 2026-04-08 09:15:18.790000 to 2026-05-13 16:45:47.950000,ADB,2026-05-15T09:01:25.000424Z
2026-05-13,MYR_Public_A,EOD,ALM,AggregatedSpread,Bond,20y.MYR_Public_A,20y,20y,true,null,-0.00084000,null,2026-05-13T16:45:47.95Z,null,0,null,Act/360,KLB,MYR,MODFOLLOWING,CreditSpread,7200,null,3835,7207360,3,3,8578,2026-05-13,2026-05-13T16:45:03.88Z,2026-05-14,2026-05-14T13:17:15.473Z,vcurvealmcorprates.csv,gwam_dev_ds.inv_ga_typed.alm_curvealmcorprates | Slice: 2026-04-08 09:15:18.790000 to 2026-05-13 16:45:47.950000,ADB,2026-05-15T09:01:25.000424Z
2026-05-13,MYR_Public_A,EOD,ALM,AggregatedSpread,Bond,30y.MYR_Public_A,30y,30y,true,null,-0.00084000,null,2026-05-13T16:45:47.95Z,null,0,null,Act/360,KLB,MYR,MODFOLLOWING,CreditSpread,10800,null,4244,7207360,3,3,8578,2026-05-13,2026-05-13T16:45:03.88Z,2026-05-14,2026-05-14T13:17:15.473Z,vcurvealmcorprates.csv,gwam_dev_ds.inv_ga_typed.alm_curvealmcorprates | Slice: 2026-04-08 09:15:18.790000 to 2026-05-13 16:45:47.950000,ADB,2026-05-15T09:01:25.000424Z
2026-05-13,MYR_Public_A,EOD,ALM,AggregatedSpread,Bond,3y.MYR_Public_A,3y,3y,true,null,0.00154000,null,2026-05-13T16:45:47.95Z,null,0,null,Act/360,KLB,MYR,MODFOLLOWING,CreditSpread,1080,null,4642,7207360,3,3,8578,2026-05-13,2026-05-13T16:45:03.88Z,2026-05-14,2026-05-14T13:17:15.473Z,vcurvealmcorprates.csv,gwam_dev_ds.inv_ga_typed.alm_curvealmcorprates | Slice: 2026-04-08 09:15:18.790000 to 2026-05-13 16:45:47.950000,ADB,2026-05-15T09:01:25.000424Z
2026-05-13,MYR_Public_A,EOD,ALM,AggregatedSpread,Bond,5y.MYR_Public_A,5y,5y,true,null,0.00079000,null,2026-05-13T16:45:47.95Z,null,0,null,Act/360,KLB,MYR,MODFOLLOWING,CreditSpread,1800,null,4850,7207360,3,3,8578,2026-05-13,2026-05-13T16:45:03.88Z,2026-05-14,2026-05-14T13:17:15.473Z,vcurvealmcorprates.csv,gwam_dev_ds.inv_ga_typed.alm_curvealmcorprates | Slice: 2026-04-08 09:15:18.790000 to 2026-05-13 16:45:47.950000,ADB,2026-05-15T09:01:25.000424Z
2026-05-13,MYR_Public_A,EOD,ALM,AggregatedSpread,Bond,7y.MYR_Public_A,7y,7y,true,null,0.00061000,null,2026-05-13T16:45:47.95Z,null,0,null,Act/360,KLB,MYR,MODFOLLOWING,CreditSpread,2520,null,5252,7207360,3,3,8578,2026-05-13,2026-05-13T16:45:03.88Z,2026-05-14,2026-05-14T13:17:15.473Z,vcurvealmcorprates.csv,gwam_dev_ds.inv_ga_typed.alm_curvealmcorprates | Slice: 2026-04-08 09:15:18.790000 to 2026-05-13 16:45:47.950000,ADB,2026-05-15T09:01:25.000424Z
2026-05-13,MYR_Public_A,EOD,ALM,AggregatedSpread,Bond,15y.MYR_Public_A,15y,15y,true,null,-0.00087000,null,2026-05-13T16:45:47.95Z,null,0,null,Act/360,KLB,MYR,MODFOLLOWING,CreditSpread,5400,null,7444,7207360,3,3,8578,2026-05-13,2026-05-13T16:45:03.88Z,2026-05-14,2026-05-14T13:17:15.473Z,vcurvealmcorprates.csv,gwam_dev_ds.inv_ga_typed.alm_curvealmcorprates | Slice: 2026-04-08 09:15:18.790000 to 2026-05-13 16:45:47.950000,ADB,2026-05-15T09:01:25.000424Z
2026-05-13,MYR_Public_A,EOD,ALM,AggregatedSpread,Cash,1m.MYR_Public_A_V3,1m,3y,true,null,0.00154000,null,2026-05-13T16:45:47.95Z,null,0,null,Act/360,KLB,MYR,MODFOLLOWING,CreditSpread,30,null,7445,7207360,3,3,8578,2026-05-13,2026-05-13T16:45:03.88Z,2026-05-14,2026-05-14T13:17:15.473Z,vcurvealmcorprates.csv,gwam_dev_ds.inv_ga_typed.alm_curvealmcorprates | Slice: 2026-04-08 09:15:18.790000 to 2026-05-13 16:45:47.950000,ADB,2026-05-15T09:01:25.000424Z
2026-05-13,MYR_Public_A,EOD,ALM,AggregatedSpread,Cash,3m.MYR_Public_A_V3,3m,3y,true,null,0.00154000,null,2026-05-13T16:45:47.95Z,null,0,null,Act/360,KLB,MYR,MODFOLLOWING,CreditSpread,90,null,7448,7207360,3,3,8578,2026-05-13,2026-05-13T16:45:03.88Z,2026-05-14,2026-05-14T13:17:15.473Z,vcurvealmcorprates.csv,gwam_dev_ds.inv_ga_typed.alm_curvealmcorprates | Slice: 2026-04-08 09:15:18.790000 to 2026-05-13 16:45:47.950000,ADB,2026-05-15T09:01:25.000424Z
2026-05-13,MYR_Public_A,EOD,ALM,AggregatedSpread,Cash,6m.MYR_Public_A_V3,6m,3y,true,null,0.00154000,null,2026-05-13T16:45:47.95Z,null,0,null,Act/360,KLB,MYR,MODFOLLOWING,CreditSpread,180,null,7451,7207360,3,3,8578,2026-05-13,2026-05-13T16:45:03.88Z,2026-05-14,2026-05-14T13:17:15.473Z,vcurvealmcorprates.csv,gwam_dev_ds.inv_ga_typed.alm_curvealmcorprates | Slice: 2026-04-08 09:15:18.790000 to 2026-05-13 16:45:47.950000,ADB,2026-05-15T09:01:25.000424Z
2026-05-13,MYR_Public_A,EOD,ALM,AggregatedSpread,Bond,1y.MYR_Public_A_V3,1y,3y,true,null,0.00154000,null,2026-05-13T16:45:47.95Z,null,0,null,Act/360,KLB,MYR,MODFOLLOWING,CreditSpread,360,null,7456,7207360,3,3,8578,2026-05-13,2026-05-13T16:45:03.88Z,2026-05-14,2026-05-14T13:17:15.473Z,vcurvealmcorprates.csv,gwam_dev_ds.inv_ga_typed.alm_curvealmcorprates | Slice: 2026-04-08 09:15:18.790000 to 2026-05-13 16:45:47.950000,ADB,2026-05-15T09:01:25.000424Z
2026-05-13,MYR_Public_A,EOD,ALM,AggregatedSpread,Bond,2y.MYR_Public_A_V3,2y,3y,true,null,0.00154000,null,2026-05-13T16:45:47.95Z,null,0,null,Act/360,KLB,MYR,MODFOLLOWING,CreditSpread,720,null,7457,7207360,3,3,8578,2026-05-13,2026-05-13T16:45:03.88Z,2026-05-14,2026-05-14T13:17:15.473Z,vcurvealmcorprates.csv,gwam_dev_ds.inv_ga_typed.alm_curvealmcorprates | Slice: 2026-04-08 09:15:18.790000 to 2026-05-13 16:45:47.950000,ADB,2026-05-15T09:01:25.000424Z
2026-05-13,AUD_Public_BBB,EOD,ALM,AggregatedSpread,Bond,10y.AUD_Public_BBB,10y,10y,true,null,0.01497587,null,2026-05-13T16:30:06.197Z,null,0,null,Act/360,SYB,AUD,MODFOLLOWING,CreditSpread,3600,null,3298,7072859,1,3,3413,2026-05-05,2026-05-06T09:54:02.3Z,2026-05-14,2026-05-14T13:17:15.473Z,vcurvealmcorprates.csv,gwam_dev_ds.inv_ga_typed.alm_curvealmcorprates | Slice: 2026-04-08 09:15:18.790000 to 2026-05-13 16:45:47.950000,ADB,2026-05-15T09:01:25.000424Z
2026-05-13,AUD_Public_BBB,EOD,ALM,AggregatedSpread,Bond,1y.AUD_Public_BBB,1y,1y,true,null,0.01073575,null,2026-05-13T16:30:06.197Z,null,0,null,Act/360,SYB,AUD,MODFOLLOWING,CreditSpread,360,null,3530,7072859,1,3,3413,2026-05-05,2026-05-06T09:54:02.3Z,2026-05-14,2026-05-14T13:17:15.473Z,vcurvealmcorprates.csv,gwam_dev_ds.inv_ga_typed.alm_curvealmcorprates | Slice: 2026-04-08 09:15:18.790000 to 2026-05-13 16:45:47.950000,ADB,2026-05-15T09:01:25.000424Z
2026-05-13,AUD_Public_BBB,EOD,ALM,AggregatedSpread,Bond,20y.AUD_Public_BBB,20y,20y,true,null,0.01497587,null,2026-05-13T16:30:06.197Z,null,0,null,Act/360,SYB,AUD,MODFOLLOWING,CreditSpread,7200,null,3729,7072859,1,3,3413,2026-05-05,2026-05-06T09:54:02.3Z,2026-05-14,2026-05-14T13:17:15.473Z,vcurvealmcorprates.csv,gwam_dev_ds.inv_ga_typed.alm_curvealmcorprates | Slice: 2026-04-08 09:15:18.790000 to 2026-05-13 16:45:47.950000,ADB,2026-05-15T09:01:25.000424Z
2026-05-13,AUD_Public_BBB,EOD,ALM,AggregatedSpread,Bond,2y.AUD_Public_BBB,2y,2y,true,null,0.01131601,null,2026-05-13T16:30:06.197Z,null,0,null,Act/360,SYB,AUD,MODFOLLOWING,CreditSpread,720,null,3939,7072859,1,3,3413,2026-05-05,2026-05-06T09:54:02.3Z,2026-05-14,2026-05-14T13:17:15.473Z,vcurvealmcorprates.csv,gwam_dev_ds.inv_ga_typed.alm_curvealmcorprates | Slice: 2026-04-08 09:15:18.790000 to 2026-05-13 16:45:47.950000,ADB,2026-05-15T09:01:25.000424Z
2026-05-13,AUD_Public_BBB,EOD,ALM,AggregatedSpread,Bond,30y.AUD_Public_BBB,30y,30y,true,null,0.01497587,null,2026-05-13T16:30:06.197Z,null,0,null,Act/360,SYB,AUD,MODFOLLOWING,CreditSpread,10800,null,4138,7072859,1,3,3413,2026-05-05,2026-05-06T09:54:02.3Z,2026-05-14,2026-05-14T13:17:15.473Z,vcurvealmcorprates.csv,gwam_dev_ds.inv_ga_typed.alm_curvealmcorprates | Slice: 2026-04-08 09:15:18.790000 to 2026-05-13 16:45:47.950000,ADB,2026-05-15T09:01:25.000424Z
2026-05-13,AUD_Public_BBB,EOD,ALM,AggregatedSpread,Cash,3m.AUD_Public_BBB,3m,3m,true,null,0.01073575,null,2026-05-13T16:30:06.197Z,null,0,null,Act/360,SYB,AUD,MODFOLLOWING,CreditSpread,90,null,4337,7072859,1,3,3413,2026-05-05,2026-05-06T09:54:02.3Z,2026-05-14,2026-05-14T13:17:15.473Z,vcurvealmcorprates.csv,gwam_dev_ds.inv_ga_typed.alm_curvealmcorprates | Slice: 2026-04-08 09:15:18.790000 to 2026-05-13 16:45:47.950000,ADB,2026-05-15T09:01:25.000424Z
2026-05-13,AUD_Public_BBB,EOD,ALM,AggregatedSpread,Bond,3y.AUD_Public_BBB,3y,3y,true,null,0.01188259,null,2026-05-13T16:30:06.197Z,null,0,null,Act/360,SYB,AUD,MODFOLLOWING,CreditSpread,1080,null,4536,7072859,1,3,3413,2026-05-05,2026-05-06T09:54:02.3Z,2026-05-14,2026-05-14T13:17:15.473Z,vcurvealmcorprates.csv,gwam_dev_ds.inv_ga_typed.alm_curvealmcorprates | Slice: 2026-04-08 09:15:18.790000 to 2026-05-13 16:45:47.950000,ADB,2026-05-15T09:01:25.000424Z
2026-05-13,AUD_Public_BBB,EOD,ALM,AggregatedSpread,Bond,5y.AUD_Public_BBB,5y,5y,true,null,0.01295142,null,2026-05-13T16:30:06.197Z,null,0,null,Act/360,SYB,AUD,MODFOLLOWING,CreditSpread,1800,null,4744,7072859,1,3,3413,2026-05-05,2026-05-06T09:54:02.3Z,2026-05-14,2026-05-14T13:17:15.473Z,vcurvealmcorprates.csv,gwam_dev_ds.inv_ga_typed.alm_curvealmcorprates | Slice: 2026-04-08 09:15:18.790000 to 2026-05-13 16:45:47.950000,ADB,2026-05-15T09:01:25.000424Z
2026-05-13,AUD_Public_BBB,EOD,ALM,AggregatedSpread,Cash,6m.AUD_Public_BBB,6m,6m,true,null,0.01073575,null,2026-05-13T16:30:06.197Z,null,0,null,Act/360,SYB,AUD,MODFOLLOWING,CreditSpread,180,null,4943,7072859,1,3,3413,2026-05-05,2026-05-06T09:54:02.3Z,2026-05-14,2026-05-14T13:17:15.473Z,vcurvealmcorprates.csv,gwam_dev_ds.inv_ga_typed.alm_curvealmcorprates | Slice: 2026-04-08 09:15:18.790000 to 2026-05-13 16:45:47.950000,ADB,2026-05-15T09:01:25.000424Z
2026-05-13,AUD_Public_BBB,EOD,ALM,AggregatedSpread,Bond,7y.AUD_Public_BBB,7y,7y,true,null,0.01389555,null,2026-05-13T16:30:06.197Z,null,0,null,Act/360,SYB,AUD,MODFOLLOWING,CreditSpread,2520,null,5146,7072859,1,3,3413,2026-05-05,2026-05-06T09:54:02.3Z,2026-05-14,2026-05-14T13:17:15.473Z,vcurvealmcorprates.csv,gwam_dev_ds.inv_ga_typed.alm_curvealmcorprates | Slice: 2026-04-08 09:15:18.790000 to 2026-05-13 16:45:47.950000,ADB,2026-05-15T09:01:25.000424Z
2026-05-13,ADB_ADB.CNY_Public_AA+,EOD,ALM,AggregatedSpread,Cash,3m.ADB_ADB.CNY_Public_AA+,3m,3m,true,null,0.00090948,null,2026-05-13T16:30:06.197Z,null,0,null,Act/360,NYB,ADB,MODFOLLOWING,CreditSpread,90,null,8514,7072923,1,3,9799,2026-05-05,2026-05-06T10:30:37.44Z,2026-05-14,2026-05-14T13:17:15.473Z,vcurvealmcorprates.csv,gwam_dev_ds.inv_ga_typed.alm_curvealmcorprates | Slice: 2026-04-08 09:15:18.790000 to 2026-05-13 16:45:47.950000,ADB,2026-05-15T09:01:25.000424Z
2026-05-13,ADB_ADB.CNY_Public_AA+,EOD,ALM,AggregatedSpread,Cash,6m.ADB_ADB.CNY_Public_AA+,6m,6m,true,null,0.00090948,null,2026-05-13T16:30:06.197Z,null,0,null,Act/360,NYB,ADB,MODFOLLOWING,CreditSpread,180,null,8515,7072923,1,3,9799,2026-05-05,2026-05-06T10:30:37.44Z,2026-05-14,2026-05-14T13:17:15.473Z,vcurvealmcorprates.csv,gwam_dev_ds.inv_ga_typed.alm_curvealmcorprates | Slice: 2026-04-08 09:15:18.790000 to 2026-05-13 16:45:47.950000,ADB,2026-05-15T09:01:25.000424Z
2026-05-13,ADB_ADB.CNY_Public_AA+,EOD,ALM,AggregatedSpread,Bond,1y.ADB_ADB.CNY_Public_AA+,1y,1y,true,null,0.00090948,null,2026-05-13T16:30:06.197Z,null,0,null,Act/360,NYB,ADB,MODFOLLOWING,CreditSpread,360,null,8516,7072923,1,3,9799,2026-05-05,2026-05-06T10:30:37.44Z,2026-05-14,2026-05-14T13:17:15.473Z,vcurvealmcorprates.csv,gwam_dev_ds.inv_ga_typed.alm_curvealmcorprates | Slice: 2026-04-08 09:15:18.790000 to 2026-05-13 16:45:47.950000,ADB,2026-05-15T09:01:25.000424Z
2026-05-13,ADB_ADB.CNY_Public_AA+,EOD,ALM,AggregatedSpread,Bond,2y.ADB_ADB.CNY_Public_AA+,2y,2y,true,null,0.00041147,null,2026-05-13T16:30:06.197Z,null,0,null,Act/360,NYB,ADB,MODFOLLOWING,CreditSpread,720,null,8517,7072923,1,3,9799,2026-05-05,2026-05-06T10:30:37.44Z,2026-05-14,2026-05-14T13:17:15.473Z,vcurvealmcorprates.csv,gwam_dev_ds.inv_ga_typed.alm_curvealmcorprates | Slice: 2026-04-08 09:15:18.790000 to 2026-05-13 16:45:47.950000,ADB,2026-05-15T09:01:25.000424Z
2026-05-13,ADB_ADB.CNY_Public_AA+,EOD,ALM,AggregatedSpread,Bond,3y.ADB_ADB.CNY_Public_AA+,3y,3y,true,null,-0.00001670,null,2026-05-13T16:30:06.197Z,null,0,null,Act/360,NYB,ADB,MODFOLLOWING,CreditSpread,1080,null,8518,7072923,1,3,9799,2026-05-05,2026-05-06T10:30:37.44Z,2026-05-14,2026-05-14T13:17:15.473Z,vcurvealmcorprates.csv,gwam_dev_ds.inv_ga_typed.alm_curvealmcorprates | Slice: 2026-04-08 09:15:18.790000 to 2026-05-13 16:45:47.950000,ADB,2026-05-15T09:01:25.000424Z
2026-05-13,ADB_ADB.CNY_Public_AA+,EOD,ALM,AggregatedSpread,Bond,5y.ADB_ADB.CNY_Public_AA+,5y,5y,true,null,-0.00070893,null,2026-05-13T16:30:06.197Z,null,0,null,Act/360,NYB,ADB,MODFOLLOWING,CreditSpread,1800,null,8519,7072923,1,3,9799,2026-05-05,2026-05-06T10:30:37.44Z,2026-05-14,2026-05-14T13:17:15.473Z,vcurvealmcorprates.csv,gwam_dev_ds.inv_ga_typed.alm_curvealmcorprates | Slice: 2026-04-08 09:15:18.790000 to 2026-05-13 16:45:47.950000,ADB,2026-05-15T09:01:25.000424Z
2026-05-13,ADB_ADB.CNY_Public_AA+,EOD,ALM,AggregatedSpread,Bond,7y.ADB_ADB.CNY_Public_AA+,7y,7y,true,null,-0.00115806,null,2026-05-13T16:30:06.197Z,null,0,null,Act/360,NYB,ADB,MODFOLLOWING,CreditSpread,2520,null,8520,7072923,1,3,9799,2026-05-05,2026-05-06T10:30:37.44Z,2026-05-14,2026-05-14T13:17:15.473Z,vcurvealmcorprates.csv,gwam_dev_ds.inv_ga_typed.alm_curvealmcorprates | Slice: 2026-04-08 09:15:18.790000 to 2026-05-13 16:45:47.950000,ADB,2026-05-15T09:01:25.000424Z
2026-05-13,ADB_ADB.CNY_Public_AA+,EOD,ALM,AggregatedSpread,Bond,10y.ADB_ADB.CNY_Public_AA+,10y,10y,true,null,-0.00144669,null,2026-05-13T16:30:06.197Z,null,0,null,Act/360,NYB,ADB,MODFOLLOWING,CreditSpread,3600,null,8521,7072923,1,3,9799,2026-05-05,2026-05-06T10:30:37.44Z,2026-05-14,2026-05-14T13:17:15.473Z,vcurvealmcorprates.csv,gwam_dev_ds.inv_ga_typed.alm_curvealmcorprates | Slice: 2026-04-08 09:15:18.790000 to 2026-05-13 16:45:47.950000,ADB,2026-05-15T09:01:25.000424Z
2026-05-13,ADB_ADB.CNY_Public_AA+,EOD,ALM,AggregatedSpread,Bond,20y.ADB_ADB.CNY_Public_AA+,20y,20y,true,null,-0.00339550,null,2026-05-13T16:30:06.197Z,null,0,null,Act/360,NYB,ADB,MODFOLLOWING,CreditSpread,7200,null,8522,7072923,1,3,9799,2026-05-05,2026-05-06T10:30:37.44Z,2026-05-14,2026-05-14T13:17:15.473Z,vcurvealmcorprates.csv,gwam_dev_ds.inv_ga_typed.alm_curvealmcorprates | Slice: 2026-04-08 09:15:18.790000 to 2026-05-13 16:45:47.950000,ADB,2026-05-15T09:01:25.000424Z
2026-05-13,ADB_ADB.CNY_Public_AA+,EOD,ALM,AggregatedSpread,Bond,30y.ADB_ADB.CNY_Public_AA+,30y,30y,true,null,-0.00539155,null,2026-05-13T16:30:06.197Z,null,0,null,Act/360,NYB,ADB,MODFOLLOWING,CreditSpread,10800,null,8523,7072923,1,3,9799,2026-05-05,2026-05-06T10:30:37.44Z,2026-05-14,2026-05-14T13:17:15.473Z,vcurvealmcorprates.csv,gwam_dev_ds.inv_ga_typed.alm_curvealmcorprates | Slice: 2026-04-08 09:15:18.790000 to 2026-05-13 16:45:47.950000,ADB,2026-05-15T09:01:25.000424Z
2026-05-13,ADB_ADB.EXCNY_Public_BBB+,EOD,ALM,AggregatedSpread,Cash,3m.ADB_ADB.EXCNY_Public_BBB+,3m,3m,true,null,0.00546984,null,2026-05-13T16:30:06.197Z,null,0,null,Act/360,NYB,ADB,MODFOLLOWING,CreditSpread,90,null,8654,7072961,1,3,9813,2026-05-05,2026-05-06T10:30:46.143Z,2026-05-14,2026-05-14T13:17:15.473Z,vcurvealmcorprates.csv,gwam_dev_ds.inv_ga_typed.alm_curvealmcorprates | Slice: 2026-04-08 09:15:18.790000 to 2026-05-13 16:45:47.950000,ADB,2026-05-15T09:01:25.000424Z
2026-05-13,IDR_Public_BBB,EOD,ALM,AggregatedSpread,Bond,10y.IDR_Public_BBB,10y,10y,true,null,0.00420000,null,2026-05-13T16:30:06.197Z,null,0,null,Act/360,JAB,IDR,MODFOLLOWING,CreditSpread,3600,null,3372,7065967,1,3,3489,2026-04-30,2026-05-01T10:22:10.877Z,2026-05-14,2026-05-14T13:17:15.473Z,vcurvealmcorprates.csv,gwam_dev_ds.inv_ga_typed.alm_curvealmcorprates | Slice: 2026-04-08 09:15:18.790000 to 2026-05-13 16:45:47.950000,ADB,2026-05-15T09:01:25.000424Z
2026-05-13,IDR_Public_BBB,EOD,ALM,AggregatedSpread,Bond,1y.IDR_Public_BBB,1y,1y,true,null,0.00420000,null,2026-05-13T16:30:06.197Z,null,0,null,Act/360,JAB,IDR,MODFOLLOWING,CreditSpread,360,null,3604,7065967,1,3,3489,2026-04-30,2026-05-01T10:22:10.877Z,2026-05-14,2026-05-14T13:17:15.473Z,vcurvealmcorprates.csv,gwam_dev_ds.inv_ga_typed.alm_curvealmcorprates | Slice: 2026-04-08 09:15:18.790000 to 2026-05-13 16:45:47.950000,ADB,2026-05-15T09:01:25.000424Z
2026-05-13,IDR_Public_BBB,EOD,ALM,AggregatedSpread,Bond,20y.IDR_Public_BBB,20y,20y,true,null,0.00420000,null,2026-05-13T16:30:06.197Z,null,0,null,Act/360,JAB,IDR,MODFOLLOWING,CreditSpread,7200,null,3803,7065967,1,3,3489,2026-04-30,2026-05-01T10:22:10.877Z,2026-05-14,2026-05-14T13:17:15.473Z,vcurvealmcorprates.csv,gwam_dev_ds.inv_ga_typed.alm_curvealmcorprates | Slice: 2026-04-08 09:15:18.790000 to 2026-05-13 16:45:47.950000,ADB,2026-05-15T09:01:25.000424Z
2026-05-13,IDR_Public_BBB,EOD,ALM,AggregatedSpread,Bond,2y.IDR_Public_BBB,2y,2y,true,null,0.00420000,null,2026-05-13T16:30:06.197Z,null,0,null,Act/360,JAB,IDR,MODFOLLOWING,CreditSpread,720,null,4013,7065967,1,3,3489,2026-04-30,2026-05-01T10:22:10.877Z,2026-05-14,2026-05-14T13:17:15.473Z,vcurvealmcorprates.csv,gwam_dev_ds.inv_ga_typed.alm_curvealmcorprates | Slice: 2026-04-08 09:15:18.790000 to 2026-05-13 16:45:47.950000,ADB,2026-05-15T09:01:25.000424Z
2026-05-13,IDR_Public_BBB,EOD,ALM,AggregatedSpread,Bond,30y.IDR_Public_BBB,30y,30y,true,null,0.00420000,null,2026-05-13T16:30:06.197Z,null,0,null,Act/360,JAB,IDR,MODFOLLOWING,CreditSpread,10800,null,4212,7065967,1,3,3489,2026-04-30,2026-05-01T10:22:10.877Z,2026-05-14,2026-05-14T13:17:15.473Z,vcurvealmcorprates.csv,gwam_dev_ds.inv_ga_typed.alm_curvealmcorprates | Slice: 2026-04-08 09:15:18.790000 to 2026-05-13 16:45:47.950000,ADB,2026-05-15T09:01:25.000424Z
2026-05-13,IDR_Public_BBB,EOD,ALM,AggregatedSpread,Cash,3m.IDR_Public_BBB,3m,3m,true,null,0.00420000,null,2026-05-13T16:30:06.197Z,null,0,null,Act/360,JAB,IDR,MODFOLLOWING,CreditSpread,90,null,4411,7065967,1,3,3489,2026-04-30,2026-05-01T10:22:10.877Z,2026-05-14,2026-05-14T13:17:15.473Z,vcurvealmcorprates.csv,gwam_dev_ds.inv_ga_typed.alm_curvealmcorprates | Slice: 2026-04-08 09:15:18.790000 to 2026-05-13 16:45:47.950000,ADB,2026-05-15T09:01:25.000424Z
2026-05-13,IDR_Public_BBB,EOD,ALM,AggregatedSpread,Bond,3y.IDR_Public_BBB,3y,3y,true,null,0.00420000,null,2026-05-13T16:30:06.197Z,null,0,null,Act/360,JAB,IDR,MODFOLLOWING,CreditSpread,1080,null,4610,7065967,1,3,3489,2026-04-30,2026-05-01T10:22:10.877Z,2026-05-14,2026-05-14T13:17:15.473Z,vcurvealmcorprates.csv,gwam_dev_ds.inv_ga_typed.alm_curvealmcorprates | Slice: 2026-04-08 09:15:18.790000 to 2026-05-13 16:45:47.950000,ADB,2026-05-15T09:01:25.000424Z
2026-05-13,IDR_Public_BBB,EOD,ALM,AggregatedSpread,Bond,5y.IDR_Public_BBB,5y,5y,true,null,0.00420000,null,2026-05-13T16:30:06.197Z,null,0,null,Act/360,JAB,IDR,MODFOLLOWING,CreditSpread,1800,null,4818,7065967,1,3,3489,2026-04-30,2026-05-01T10:22:10.877Z,2026-05-14,2026-05-14T13:17:15.473Z,vcurvealmcorprates.csv,gwam_dev_ds.inv_ga_typed.alm_curvealmcorprates | Slice: 2026-04-08 09:15:18.790000 to 2026-05-13 16:45:47.950000,ADB,2026-05-15T09:01:25.000424Z
2026-05-13,IDR_Public_BBB,EOD,ALM,AggregatedSpread,Cash,6m.IDR_Public_BBB,6m,6m,true,null,0.00420000,null,2026-05-13T16:30:06.197Z,null,0,null,Act/360,JAB,IDR,MODFOLLOWING,CreditSpread,180,null,5017,7065967,1,3,3489,2026-04-30,2026-05-01T10:22:10.877Z,2026-05-14,2026-05-14T13:17:15.473Z,vcurvealmcorprates.csv,gwam_dev_ds.inv_ga_typed.alm_curvealmcorprates | Slice: 2026-04-08 09:15:18.790000 to 2026-05-13 16:45:47.950000,ADB,2026-05-15T09:01:25.000424Z
2026-05-13,IDR_Public_BBB,EOD,ALM,AggregatedSpread,Bond,7y.IDR_Public_BBB,7y,7y,true,null,0.00420000,null,2026-05-13T16:30:06.197Z,null,0,null,Act/360,JAB,IDR,MODFOLLOWING,CreditSpread,2520,null,5220,7065967,1,3,3489,2026-04-30,2026-05-01T10:22:10.877Z,2026-05-14,2026-05-14T13:17:15.473Z,vcurvealmcorprates.csv,gwam_dev_ds.inv_ga_typed.alm_curvealmcorprates | Slice: 2026-04-08 09:15:18.790000 to 2026-05-13 16:45:47.950000,ADB,2026-05-15T09:01:25.000424Z
2026-05-13,EUR_Public_A-,EOD,ALM,AggregatedSpread,Bond,10y.EUR_Public_A-,10y,10y,true,null,0.00938740,null,2026-05-13T16:30:06.197Z,null,0,null,Act/360,ECU,EUR,MODFOLLOWING,CreditSpread,3600,null,3323,7068728,1,3,7480,2026-05-01,2026-05-04T10:23:30.133Z,2026-05-14,2026-05-14T13:17:15.473Z,vcurvealmcorprates.csv,gwam_dev_ds.inv_ga_typed.alm_curvealmcorprates | Slice: 2026-04-08 09:15:18.790000 to 2026-05-13 16:45:47.950000,ADB,2026-05-15T09:01:25.000424Z
2026-05-13,EUR_Public_A-,EOD,ALM,AggregatedSpread,Bond,1y.EUR_Public_A-,1y,1y,true,null,0.00443343,null,2026-05-13T16:30:06.197Z,null,0,null,Act/360,ECU,EUR,MODFOLLOWING,CreditSpread,360,null,3555,7068728,1,3,7480,2026-05-01,2026-05-04T10:23:30.133Z,2026-05-14,2026-05-14T13:17:15.473Z,vcurvealmcorprates.csv,gwam_dev_ds.inv_ga_typed.alm_curvealmcorprates | Slice: 2026-04-08 09:15:18.790000 to 2026-05-13 16:45:47.950000,ADB,2026-05-15T09:01:25.000424Z
2026-05-13,EUR_Public_A-,EOD,ALM,AggregatedSpread,Bond,20y.EUR_Public_A-,20y,20y,true,null,0.00979667,null,2026-05-13T16:30:06.197Z,null,0,null,Act/360,ECU,EUR,MODFOLLOWING,CreditSpread,7200,null,3754,7068728,1,3,7480,2026-05-01,2026-05-04T10:23:30.133Z,2026-05-14,2026-05-14T13:17:15.473Z,vcurvealmcorprates.csv,gwam_dev_ds.inv_ga_typed.alm_curvealmcorprates | Slice: 2026-04-08 09:15:18.790000 to 2026-05-13 16:45:47.950000,ADB,2026-05-15T09:01:25.000424Z
2026-05-13,EUR_Public_A-,EOD,ALM,AggregatedSpread,Bond,2y.EUR_Public_A-,2y,2y,true,null,0.00530431,null,2026-05-13T16:30:06.197Z,null,0,null,Act/360,ECU,EUR,MODFOLLOWING,CreditSpread,720,null,3964,7068728,1,3,7480,2026-05-01,2026-05-04T10:23:30.133Z,2026-05-14,2026-05-14T13:17:15.473Z,vcurvealmcorprates.csv,gwam_dev_ds.inv_ga_typed.alm_curvealmcorprates | Slice: 2026-04-08 09:15:18.790000 to 2026-05-13 16:45:47.950000,ADB,2026-05-15T09:01:25.000424Z
2026-05-13,EUR_Public_A-,EOD,ALM,AggregatedSpread,Bond,30y.EUR_Public_A-,30y,30y,true,null,0.00979667,null,2026-05-13T16:30:06.197Z,null,0,null,Act/360,ECU,EUR,MODFOLLOWING,CreditSpread,10800,null,4163,7068728,1,3,7480,2026-05-01,2026-05-04T10:23:30.133Z,2026-05-14,2026-05-14T13:17:15.473Z,vcurvealmcorprates.csv,gwam_dev_ds.inv_ga_typed.alm_curvealmcorprates | Slice: 2026-04-08 09:15:18.790000 to 2026-05-13 16:45:47.950000,ADB,2026-05-15T09:01:25.000424Z
2026-05-13,EUR_Public_A-,EOD,ALM,AggregatedSpread,Cash,3m.EUR_Public_A-,3m,3m,true,null,0.00443343,null,2026-05-13T16:30:06.197Z,null,0,null,Act/360,ECU,EUR,MODFOLLOWING,CreditSpread,90,null,4362,7068728,1,3,7480,2026-05-01,2026-05-04T10:23:30.133Z,2026-05-14,2026-05-14T13:17:15.473Z,vcurvealmcorprates.csv,gwam_dev_ds.inv_ga_typed.alm_curvealmcorprates | Slice: 2026-04-08 09:15:18.790000 to 2026-05-13 16:45:47.950000,ADB,2026-05-15T09:01:25.000424Z
2026-05-13,EUR_Public_A-,EOD,ALM,AggregatedSpread,Bond,3y.EUR_Public_A-,3y,3y,true,null,0.00608800,null,2026-05-13T16:30:06.197Z,null,0,null,Act/360,ECU,EUR,MODFOLLOWING,CreditSpread,1080,null,4561,7068728,1,3,7480,2026-05-01,2026-05-04T10:23:30.133Z,2026-05-14,2026-05-14T13:17:15.473Z,vcurvealmcorprates.csv,gwam_dev_ds.inv_ga_typed.alm_curvealmcorprates | Slice: 2026-04-08 09:15:18.790000 to 2026-05-13 16:45:47.950000,ADB,2026-05-15T09:01:25.000424Z
2026-05-13,EUR_Public_A-,EOD,ALM,AggregatedSpread,Bond,5y.EUR_Public_A-,5y,5y,true,null,0.00740591,null,2026-05-13T16:30:06.197Z,null,0,null,Act/360,ECU,EUR,MODFOLLOWING,CreditSpread,1800,null,4769,7068728,1,3,7480,2026-05-01,2026-05-04T10:23:30.133Z,2026-05-14,2026-05-14T13:17:15.473Z,vcurvealmcorprates.csv,gwam_dev_ds.inv_ga_typed.alm_curvealmcorprates | Slice: 2026-04-08 09:15:18.790000 to 2026-05-13 16:45:47.950000,ADB,2026-05-15T09:01:25.000424Z
2026-05-13,EUR_Public_A-,EOD,ALM,AggregatedSpread,Cash,6m.EUR_Public_A-,6m,6m,true,null,0.00443343,null,2026-05-13T16:30:06.197Z,null,0,null,Act/360,ECU,EUR,MODFOLLOWING,CreditSpread,180,null,4968,7068728,1,3,7480,2026-05-01,2026-05-04T10:23:30.133Z,2026-05-14,2026-05-14T13:17:15.473Z,vcurvealmcorprates.csv,gwam_dev_ds.inv_ga_typed.alm_curvealmcorprates | Slice: 2026-04-08 09:15:18.790000 to 2026-05-13 16:45:47.950000,ADB,2026-05-15T09:01:25.000424Z
2026-05-13,EUR_Public_A-,EOD,ALM,AggregatedSpread,Bond,7y.EUR_Public_A-,7y,7y,true,null,0.00841148,null,2026-05-13T16:30:06.197Z,null,0,null,Act/360,ECU,EUR,MODFOLLOWING,CreditSpread,2520,null,5171,7068728,1,3,7480,2026-05-01,2026-05-04T10:23:30.133Z,2026-05-14,2026-05-14T13:17:15.473Z,vcurvealmcorprates.csv,gwam_dev_ds.inv_ga_typed.alm_curvealmcorprates | Slice: 2026-04-08 09:15:18.790000 to 2026-05-13 16:45:47.950000,ADB,2026-05-15T09:01:25.000424Z
2026-05-13,USD_Public_BBB,EOD,ALM,AggregatedSpread,Cash,3m.USD_Public_BBB,3m,3m,true,null,0.00460978,null,2026-05-13T16:30:06.197Z,null,0,Annual,Act/360,NYB,USD,MODFOLLOWING,CreditSpread,90,null,1408,7072826,2,3,7436,2026-05-05,2026-05-06T09:53:53.443Z,2026-05-14,2026-05-14T13:17:15.473Z,vcurvealmcorprates.csv,gwam_dev_ds.inv_ga_typed.alm_curvealmcorprates | Slice: 2026-04-08 09:15:18.790000 to 2026-05-13 16:45:47.950000,ADB,2026-05-15T09:01:25.000424Z
2026-05-13,USD_Public_BBB,EOD,ALM,AggregatedSpread,Cash,6m.USD_Public_BBB,6m,6m,true,null,0.00460978,null,2026-05-13T16:30:06.197Z,null,0,Annual,Act/360,NYB,USD,MODFOLLOWING,CreditSpread,180,null,1409,7072826,2,3,7436,2026-05-05,2026-05-06T09:53:53.443Z,2026-05-14,2026-05-14T13:17:15.473Z,vcurvealmcorprates.csv,gwam_dev_ds.inv_ga_typed.alm_curvealmcorprates | Slice: 2026-04-08 09:15:18.790000 to 2026-05-13 16:45:47.950000,ADB,2026-05-15T09:01:25.000424Z
2026-05-13,USD_Public_BBB,EOD,ALM,AggregatedSpread,Cash,1y.USD_Public_BBB,1y,1y,true,null,0.00460978,null,2026-05-13T16:30:06.197Z,null,1,Semi Annual,ACT/ACT,NYB,USD,MODFOLLOWING,CreditSpread,360,null,1410,7072826,2,3,7436,2026-05-05,2026-05-06T09:53:53.443Z,2026-05-14,2026-05-14T13:17:15.473Z,vcurvealmcorprates.csv,gwam_dev_ds.inv_ga_typed.alm_curvealmcorprates | Slice: 2026-04-08 09:15:18.790000 to 2026-05-13 16:45:47.950000,ADB,2026-05-15T09:01:25.000424Z
2026-05-13,USD_Public_BBB,EOD,ALM,AggregatedSpread,Bond,2y.USD_Public_BBB,2y,2y,true,null,0.00539723,null,2026-05-13T16:30:06.197Z,null,1,Semi Annual,ACT/ACT,NYB,USD,MODFOLLOWING,CreditSpread,720,null,1411,7072826,2,3,7436,2026-05-05,2026-05-06T09:53:53.443Z,2026-05-14,2026-05-14T13:17:15.473Z,vcurvealmcorprates.csv,gwam_dev_ds.inv_ga_typed.alm_curvealmcorprates | Slice: 2026-04-08 09:15:18.790000 to 2026-05-13 16:45:47.950000,ADB,2026-05-15T09:01:25.000424Z
2026-05-13,USD_Public_BBB,EOD,ALM,AggregatedSpread,Bond,3y.USD_Public_BBB,3y,3y,true,null,0.00611506,null,2026-05-13T16:30:06.197Z,null,1,Semi Annual,ACT/ACT,NYB,USD,MODFOLLOWING,CreditSpread,1080,null,1412,7072826,2,3,7436,2026-05-05,2026-05-06T09:53:53.443Z,2026-05-14,2026-05-14T13:17:15.473Z,vcurvealmcorprates.csv,gwam_dev_ds.inv_ga_typed.alm_curvealmcorprates | Slice: 2026-04-08 09:15:18.790000 to 2026-05-13 16:45:47.950000,ADB,2026-05-15T09:01:25.000424Z
2026-05-13,USD_Public_BBB,EOD,ALM,AggregatedSpread,Bond,5y.USD_Public_BBB,5y,5y,true,null,0.00735431,null,2026-05-13T16:30:06.197Z,null,1,Semi Annual,ACT/ACT,NYB,USD,MODFOLLOWING,CreditSpread,1800,null,1413,7072826,2,3,7436,2026-05-05,2026-05-06T09:53:53.443Z,2026-05-14,2026-05-14T13:17:15.473Z,vcurvealmcorprates.csv,gwam_dev_ds.inv_ga_typed.alm_curvealmcorprates | Slice: 2026-04-08 09:15:18.790000 to 2026-05-13 16:45:47.950000,ADB,2026-05-15T09:01:25.000424Z
2026-05-13,USD_Public_BBB,EOD,ALM,AggregatedSpread,Bond,7y.USD_Public_BBB,7y,7y,true,null,0.00835248,null,2026-05-13T16:30:06.197Z,null,1,Semi Annual,ACT/ACT,NYB,USD,MODFOLLOWING,CreditSpread,2520,null,1414,7072826,2,3,7436,2026-05-05,2026-05-06T09:53:53.443Z,2026-05-14,2026-05-14T13:17:15.473Z,vcurvealmcorprates.csv,gwam_dev_ds.inv_ga_typed.alm_curvealmcorprates | Slice: 2026-04-08 09:15:18.790000 to 2026-05-13 16:45:47.950000,ADB,2026-05-15T09:01:25.000424Z
2026-05-13,USD_Public_BBB,EOD,ALM,AggregatedSpread,Bond,10y.USD_Public_BBB,10y,10y,true,null,0.00945218,null,2026-05-13T16:30:06.197Z,null,1,Semi Annual,ACT/ACT,NYB,USD,MODFOLLOWING,CreditSpread,3600,null,1415,7072826,2,3,7436,2026-05-05,2026-05-06T09:53:53.443Z,2026-05-14,2026-05-14T13:17:15.473Z,vcurvealmcorprates.csv,gwam_dev_ds.inv_ga_typed.alm_curvealmcorprates | Slice: 2026-04-08 09:15:18.790000 to 2026-05-13 16:45:47.950000,ADB,2026-05-15T09:01:25.000424Z
2026-05-13,USD_Public_BBB,EOD,ALM,AggregatedSpread,Bond,20y.USD_Public_BBB,20y,20y,true,null,0.01000776,null,2026-05-13T16:30:06.197Z,null,1,Semi Annual,ACT/ACT,NYB,USD,MODFOLLOWING,CreditSpread,7200,null,1416,7072826,2,3,7436,2026-05-05,2026-05-06T09:53:53.443Z,2026-05-14,2026-05-14T13:17:15.473Z,vcurvealmcorprates.csv,gwam_dev_ds.inv_ga_typed.alm_curvealmcorprates | Slice: 2026-04-08 09:15:18.790000 to 2026-05-13 16:45:47.950000,ADB,2026-05-15T09:01:25.000424Z
2026-05-13,CAD_Public_CCC+,EOD,ALM,AggregatedSpread,Cash,3m.CAD_Public_CCC,3m,3m,true,null,0.03940984,null,2026-05-13T16:30:06.197Z,null,0,Annual,Act/365,TRB,CAD,MODFOLLOWING,CreditSpread,90,null,1088,7065943,1,3,9540,2026-04-30,2026-05-01T10:16:05.473Z,2026-05-14,2026-05-14T13:17:15.473Z,vcurvealmcorprates.csv,gwam_dev_ds.inv_ga_typed.alm_curvealmcorprates | Slice: 2026-04-08 09:15:18.790000 to 2026-05-13 16:45:47.950000,ADB,2026-05-15T09:01:25.000424Z
2026-05-13,CAD_Public_CCC+,EOD,ALM,AggregatedSpread,Cash,6m.CAD_Public_CCC,6m,6m,true,null,0.03940984,null,2026-05-13T16:30:06.197Z,null,0,Annual,Act/365,TRB,CAD,MODFOLLOWING,CreditSpread,180,null,1089,7065943,1,3,9540,2026-04-30,2026-05-01T10:16:05.473Z,2026-05-14,2026-05-14T13:17:15.473Z,vcurvealmcorprates.csv,gwam_dev_ds.inv_ga_typed.alm_curvealmcorprates | Slice: 2026-04-08 09:15:18.790000 to 2026-05-13 16:45:47.950000,ADB,2026-05-15T09:01:25.000424Z
2026-05-13,CAD_Public_CCC+,EOD,ALM,AggregatedSpread,Cash,1y.CAD_Public_CCC,1y,1y,true,null,0.03940984,null,2026-05-13T16:30:06.197Z,null,0,Annual,Act/365,TRB,CAD,MODFOLLOWING,CreditSpread,360,null,1090,7065943,1,3,9540,2026-04-30,2026-05-01T10:16:05.473Z,2026-05-14,2026-05-14T13:17:15.473Z,vcurvealmcorprates.csv,gwam_dev_ds.inv_ga_typed.alm_curvealmcorprates | Slice: 2026-04-08 09:15:18.790000 to 2026-05-13 16:45:47.950000,ADB,2026-05-15T09:01:25.000424Z
2026-05-13,CAD_Public_CCC+,EOD,ALM,AggregatedSpread,Bond,2y.CAD_Public_CCC,2y,2y,true,null,0.03669404,null,2026-05-13T16:30:06.197Z,null,1,Semi Annual,Act/Act,TRB,CAD,MODFOLLOWING,CreditSpread,720,null,1091,7065943,1,3,9540,2026-04-30,2026-05-01T10:16:05.473Z,2026-05-14,2026-05-14T13:17:15.473Z,vcurvealmcorprates.csv,gwam_dev_ds.inv_ga_typed.alm_curvealmcorprates | Slice: 2026-04-08 09:15:18.790000 to 2026-05-13 16:45:47.950000,ADB,2026-05-15T09:01:25.000424Z
2026-05-13,CAD_Public_CCC+,EOD,ALM,AggregatedSpread,Bond,3y.CAD_Public_CCC,3y,3y,true,null,0.03576429,null,2026-05-13T16:30:06.197Z,null,1,Semi Annual,Act/Act,TRB,CAD,MODFOLLOWING,CreditSpread,1080,null,1092,7065943,1,3,9540,2026-04-30,2026-05-01T10:16:05.473Z,2026-05-14,2026-05-14T13:17:15.473Z,vcurvealmcorprates.csv,gwam_dev_ds.inv_ga_typed.alm_curvealmcorprates | Slice: 2026-04-08 09:15:18.790000 to 2026-05-13 16:45:47.950000,ADB,2026-05-15T09:01:25.000424Z
2026-05-13,CAD_Public_CCC+,EOD,ALM,AggregatedSpread,Bond,5y.CAD_Public_CCC,5y,5y,true,null,0.03414809,null,2026-05-13T16:30:06.197Z,null,1,Semi Annual,Act/Act,TRB,CAD,MODFOLLOWING,CreditSpread,1800,null,1093,7065943,1,3,9540,2026-04-30,2026-05-01T10:16:05.473Z,2026-05-14,2026-05-14T13:17:15.473Z,vcurvealmcorprates.csv,gwam_dev_ds.inv_ga_typed.alm_curvealmcorprates | Slice: 2026-04-08 09:15:18.790000 to 2026-05-13 16:45:47.950000,ADB,2026-05-15T09:01:25.000424Z
2026-05-13,CAD_Public_CCC+,EOD,ALM,AggregatedSpread,Bond,7y.CAD_Public_CCC,7y,7y,true,null,0.03252032,null,2026-05-13T16:30:06.197Z,null,1,Semi Annual,Act/Act,TRB,CAD,MODFOLLOWING,CreditSpread,2520,null,1094,7065943,1,3,9540,2026-04-30,2026-05-01T10:16:05.473Z,2026-05-14,2026-05-14T13:17:15.473Z,vcurvealmcorprates.csv,gwam_dev_ds.inv_ga_typed.alm_curvealmcorprates | Slice: 2026-04-08 09:15:18.790000 to 2026-05-13 16:45:47.950000,ADB,2026-05-15T09:01:25.000424Z
2026-05-13,CAD_Public_CCC+,EOD,ALM,AggregatedSpread,Bond,10y.CAD_Public_CCC,10y,10y,true,null,0.03060708,null,2026-05-13T16:30:06.197Z,null,1,Semi Annual,Act/Act,TRB,CAD,MODFOLLOWING,CreditSpread,3600,null,1095,7065943,1,3,9540,2026-04-30,2026-05-01T10:16:05.473Z,2026-05-14,2026-05-14T13:17:15.473Z,vcurvealmcorprates.csv,gwam_dev_ds.inv_ga_typed.alm_curvealmcorprates | Slice: 2026-04-08 09:15:18.790000 to 2026-05-13 16:45:47.950000,ADB,2026-05-15T09:01:25.000424Z
2026-05-13,CAD_Public_CCC+,EOD,ALM,AggregatedSpread,Bond,20y.CAD_Public_CCC,20y,20y,true,null,0.02802829,null,2026-05-13T16:30:06.197Z,null,1,Semi Annual,Act/Act,TRB,CAD,MODFOLLOWING,CreditSpread,7200,null,1096,7065943,1,3,9540,2026-04-30,2026-05-01T10:16:05.473Z,2026-05-14,2026-05-14T13:17:15.473Z,vcurvealmcorprates.csv,gwam_dev_ds.inv_ga_typed.alm_curvealmcorprates | Slice: 2026-04-08 09:15:18.790000 to 2026-05-13 16:45:47.950000,ADB,2026-05-15T09:01:25.000424Z
2026-05-13,CAD_Public_CCC+,EOD,ALM,AggregatedSpread,Bond,30y.CAD_Public_CCC,30y,30y,true,null,0.02709483,null,2026-05-13T16:30:06.197Z,null,1,Semi Annual,Act/Act,TRB,CAD,MODFOLLOWING,CreditSpread,10800,null,1097,7065943,1,3,9540,2026-04-30,2026-05-01T10:16:05.473Z,2026-05-14,2026-05-14T13:17:15.473Z,vcurvealmcorprates.csv,gwam_dev_ds.inv_ga_typed.alm_curvealmcorprates | Slice: 2026-04-08 09:15:18.790000 to 2026-05-13 16:45:47.950000,ADB,2026-05-15T09:01:25.000424Z
2026-05-13,SGD_Public_AA,EOD,ALM,AggregatedSpread,Bond,10y.SGD_Public_AA,10y,10y,true,null,0.00369672,null,2026-05-13T16:30:06.197Z,null,0,null,Act/360,SIB,SGD,MODFOLLOWING,CreditSpread,3600,null,3435,7066000,1,3,3530,2026-04-30,2026-05-01T10:22:42Z,2026-05-14,2026-05-14T13:17:15.473Z,vcurvealmcorprates.csv,gwam_dev_ds.inv_ga_typed.alm_curvealmcorprates | Slice: 2026-04-08 09:15:18.790000 to 2026-05-13 16:45:47.950000,ADB,2026-05-15T09:01:25.000424Z
2026-05-13,SGD_Public_AA,EOD,ALM,AggregatedSpread,Bond,1y.SGD_Public_AA,1y,1y,true,null,0.00101654,null,2026-05-13T16:30:06.197Z,null,0,null,Act/360,SIB,SGD,MODFOLLOWING,CreditSpread,360,null,3666,7066000,1,3,3530,2026-04-30,2026-05-01T10:22:42Z,2026-05-14,2026-05-14T13:17:15.473Z,vcurvealmcorprates.csv,gwam_dev_ds.inv_ga_typed.alm_curvealmcorprates | Slice: 2026-04-08 09:15:18.790000 to 2026-05-13 16:45:47.950000,ADB,2026-05-15T09:01:25.000424Z
2026-05-13,SGD_Public_AA,EOD,ALM,AggregatedSpread,Bond,20y.SGD_Public_AA,20y,20y,true,null,0.00369672,null,2026-05-13T16:30:06.197Z,null,0,null,Act/360,SIB,SGD,MODFOLLOWING,CreditSpread,7200,null,3866,7066000,1,3,3530,2026-04-30,2026-05-01T10:22:42Z,2026-05-14,2026-05-14T13:17:15.473Z,vcurvealmcorprates.csv,gwam_dev_ds.inv_ga_typed.alm_curvealmcorprates | Slice: 2026-04-08 09:15:18.790000 to 2026-05-13 16:45:47.950000,ADB,2026-05-15T09:01:25.000424Z
2026-05-13,SGD_Public_AA,EOD,ALM,AggregatedSpread,Bond,2y.SGD_Public_AA,2y,2y,true,null,0.00101654,null,2026-05-13T16:30:06.197Z,null,0,null,Act/360,SIB,SGD,MODFOLLOWING,CreditSpread,720,null,4076,7066000,1,3,3530,2026-04-30,2026-05-01T10:22:42Z,2026-05-14,2026-05-14T13:17:15.473Z,vcurvealmcorprates.csv,gwam_dev_ds.inv_ga_typed.alm_curvealmcorprates | Slice: 2026-04-08 09:15:18.790000 to 2026-05-13 16:45:47.950000,ADB,2026-05-15T09:01:25.000424Z
2026-05-13,SGD_Public_AA,EOD,ALM,AggregatedSpread,Bond,30y.SGD_Public_AA,30y,30y,true,null,0.00369672,null,2026-05-13T16:30:06.197Z,null,0,null,Act/360,SIB,SGD,MODFOLLOWING,CreditSpread,10800,null,4275,7066000,1,3,3530,2026-04-30,2026-05-01T10:22:42Z,2026-05-14,2026-05-14T13:17:15.473Z,vcurvealmcorprates.csv,gwam_dev_ds.inv_ga_typed.alm_curvealmcorprates | Slice: 2026-04-08 09:15:18.790000 to 2026-05-13 16:45:47.950000,ADB,2026-05-15T09:01:25.000424Z
2026-05-13,SGD_Public_AA,EOD,ALM,AggregatedSpread,Cash,3m.SGD_Public_AA,3m,3m,true,null,0.00101654,null,2026-05-13T16:30:06.197Z,null,0,null,Act/360,SIB,SGD,MODFOLLOWING,CreditSpread,90,null,4474,7066000,1,3,3530,2026-04-30,2026-05-01T10:22:42Z,2026-05-14,2026-05-14T13:17:15.473Z,vcurvealmcorprates.csv,gwam_dev_ds.inv_ga_typed.alm_curvealmcorprates | Slice: 2026-04-08 09:15:18.790000 to 2026-05-13 16:45:47.950000,ADB,2026-05-15T09:01:25.000424Z
2026-05-13,SGD_Public_AA,EOD,ALM,AggregatedSpread,Bond,3y.SGD_Public_AA,3y,3y,true,null,0.00334765,null,2026-05-13T16:30:06.197Z,null,0,null,Act/360,SIB,SGD,MODFOLLOWING,CreditSpread,1080,null,4673,7066000,1,3,3530,2026-04-30,2026-05-01T10:22:42Z,2026-05-14,2026-05-14T13:17:15.473Z,vcurvealmcorprates.csv,gwam_dev_ds.inv_ga_typed.alm_curvealmcorprates | Slice: 2026-04-08 09:15:18.790000 to 2026-05-13 16:45:47.950000,ADB,2026-05-15T09:01:25.000424Z
2026-05-13,SGD_Public_AA,EOD,ALM,AggregatedSpread,Bond,5y.SGD_Public_AA,5y,5y,true,null,0.00334765,null,2026-05-13T16:30:06.197Z,null,0,null,Act/360,SIB,SGD,MODFOLLOWING,CreditSpread,1800,null,4881,7066000,1,3,3530,2026-04-30,2026-05-01T10:22:42Z,2026-05-14,2026-05-14T13:17:15.473Z,vcurvealmcorprates.csv,gwam_dev_ds.inv_ga_typed.alm_curvealmcorprates | Slice: 2026-04-08 09:15:18.790000 to 2026-05-13 16:45:47.950000,ADB,2026-05-15T09:01:25.000424Z
2026-05-13,SGD_Public_AA,EOD,ALM,AggregatedSpread,Cash,6m.SGD_Public_AA,6m,6m,true,null,0.00101654,null,2026-05-13T16:30:06.197Z,null,0,null,Act/360,SIB,SGD,MODFOLLOWING,CreditSpread,180,null,5080,7066000,1,3,3530,2026-04-30,2026-05-01T10:22:42Z,2026-05-14,2026-05-14T13:17:15.473Z,vcurvealmcorprates.csv,gwam_dev_ds.inv_ga_typed.alm_curvealmcorprates | Slice: 2026-04-08 09:15:18.790000 to 2026-05-13 16:45:47.950000,ADB,2026-05-15T09:01:25.000424Z
2026-05-13,SGD_Public_AA,EOD,ALM,AggregatedSpread,Bond,7y.SGD_Public_AA,7y,7y,true,null,0.00369672,null,2026-05-13T16:30:06.197Z,null,0,null,Act/360,SIB,SGD,MODFOLLOWING,CreditSpread,2520,null,5283,7066000,1,3,3530,2026-04-30,2026-05-01T10:22:42Z,2026-05-14,2026-05-14T13:17:15.473Z,vcurvealmcorprates.csv,gwam_dev_ds.inv_ga_typed.alm_curvealmcorprates | Slice: 2026-04-08 09:15:18.790000 to 2026-05-13 16:45:47.950000,ADB,2026-05-15T09:01:25.000424Z
2026-05-13,USD_Public_BBB,EOD,ALM,AggregatedSpread,Bond,30y.USD_Public_BBB,30y,30y,true,null,0.01056334,null,2026-05-13T16:30:06.197Z,null,1,Semi Annual,ACT/ACT,NYB,USD,MODFOLLOWING,CreditSpread,10800,null,1417,7072826,2,3,7436,2026-05-05,2026-05-06T09:53:53.443Z,2026-05-14,2026-05-14T13:17:15.473Z,vcurvealmcorprates.csv,gwam_dev_ds.inv_ga_typed.alm_curvealmcorprates | Slice: 2026-04-08 09:15:18.790000 to 2026-05-13 16:45:47.950000,ADB,2026-05-15T09:01:25.000424Z
2026-05-13,USD_Public_B+,EOD,ALM,AggregatedSpread,Cash,3m.USD_Public_B+,3m,3m,true,null,0.01826365,null,2026-05-13T16:30:06.197Z,null,0,Annual,Act/360,NYB,USD,MODFOLLOWING,CreditSpread,90,null,1358,7072821,2,3,7431,2026-05-05,2026-05-06T09:53:53.443Z,2026-05-14,2026-05-14T13:17:15.473Z,vcurvealmcorprates.csv,gwam_dev_ds.inv_ga_typed.alm_curvealmcorprates | Slice: 2026-04-08 09:15:18.790000 to 2026-05-13 16:45:47.950000,ADB,2026-05-15T09:01:25.000424Z
2026-05-13,USD_Public_B+,EOD,ALM,AggregatedSpread,Cash,6m.USD_Public_B+,6m,6m,true,null,0.01826365,null,2026-05-13T16:30:06.197Z,null,0,Annual,Act/360,NYB,USD,MODFOLLOWING,CreditSpread,180,null,1359,7072821,2,3,7431,2026-05-05,2026-05-06T09:53:53.443Z,2026-05-14,2026-05-14T13:17:15.473Z,vcurvealmcorprates.csv,gwam_dev_ds.inv_ga_typed.alm_curvealmcorprates | Slice: 2026-04-08 09:15:18.790000 to 2026-05-13 16:45:47.950000,ADB,2026-05-15T09:01:25.000424Z
2026-05-13,USD_Public_B+,EOD,ALM,AggregatedSpread,Cash,1y.USD_Public_B+,1y,1y,true,null,0.01826365,null,2026-05-13T16:30:06.197Z,null,1,Semi Annual,ACT/ACT,NYB,USD,MODFOLLOWING,CreditSpread,360,null,1360,7072821,2,3,7431,2026-05-05,2026-05-06T09:53:53.443Z,2026-05-14,2026-05-14T13:17:15.473Z,vcurvealmcorprates.csv,gwam_dev_ds.inv_ga_typed.alm_curvealmcorprates | Slice: 2026-04-08 09:15:18.790000 to 2026-05-13 16:45:47.950000,ADB,2026-05-15T09:01:25.000424Z
2026-05-13,USD_Public_B+,EOD,ALM,AggregatedSpread,Bond,2y.USD_Public_B+,2y,2y,true,null,0.02070094,null,2026-05-13T16:30:06.197Z,null,1,Semi Annual,ACT/ACT,NYB,USD,MODFOLLOWING,CreditSpread,720,null,1361,7072821,2,3,7431,2026-05-05,2026-05-06T09:53:53.443Z,2026-05-14,2026-05-14T13:17:15.473Z,vcurvealmcorprates.csv,gwam_dev_ds.inv_ga_typed.alm_curvealmcorprates | Slice: 2026-04-08 09:15:18.790000 to 2026-05-13 16:45:47.950000,ADB,2026-05-15T09:01:25.000424Z
2026-05-13,USD_Public_B+,EOD,ALM,AggregatedSpread,Bond,3y.USD_Public_B+,3y,3y,true,null,0.02263674,null,2026-05-13T16:30:06.197Z,null,1,Semi Annual,ACT/ACT,NYB,USD,MODFOLLOWING,CreditSpread,1080,null,1362,7072821,2,3,7431,2026-05-05,2026-05-06T09:53:53.443Z,2026-05-14,2026-05-14T13:17:15.473Z,vcurvealmcorprates.csv,gwam_dev_ds.inv_ga_typed.alm_curvealmcorprates | Slice: 2026-04-08 09:15:18.790000 to 2026-05-13 16:45:47.950000,ADB,2026-05-15T09:01:25.000424Z
2026-05-13,USD_Public_B+,EOD,ALM,AggregatedSpread,Bond,5y.USD_Public_B+,5y,5y,true,null,0.02503480,null,2026-05-13T16:30:06.197Z,null,1,Semi Annual,ACT/ACT,NYB,USD,MODFOLLOWING,CreditSpread,1800,null,1363,7072821,2,3,7431,2026-05-05,2026-05-06T09:53:53.443Z,2026-05-14,2026-05-14T13:17:15.473Z,vcurvealmcorprates.csv,gwam_dev_ds.inv_ga_typed.alm_curvealmcorprates | Slice: 2026-04-08 09:15:18.790000 to 2026-05-13 16:45:47.950000,ADB,2026-05-15T09:01:25.000424Z
2026-05-13,USD_Public_B+,EOD,ALM,AggregatedSpread,Bond,7y.USD_Public_B+,7y,7y,true,null,0.02551963,null,2026-05-13T16:30:06.197Z,null,1,Semi Annual,ACT/ACT,NYB,USD,MODFOLLOWING,CreditSpread,2520,null,1364,7072821,2,3,7431,2026-05-05,2026-05-06T09:53:53.443Z,2026-05-14,2026-05-14T13:17:15.473Z,vcurvealmcorprates.csv,gwam_dev_ds.inv_ga_typed.alm_curvealmcorprates | Slice: 2026-04-08 09:15:18.790000 to 2026-05-13 16:45:47.950000,ADB,2026-05-15T09:01:25.000424Z
2026-05-13,USD_Public_B+,EOD,ALM,AggregatedSpread,Bond,10y.USD_Public_B+,10y,10y,true,null,0.02279474,null,2026-05-13T16:30:06.197Z,null,1,Semi Annual,ACT/ACT,NYB,USD,MODFOLLOWING,CreditSpread,3600,null,1365,7072821,2,3,7431,2026-05-05,2026-05-06T09:53:53.443Z,2026-05-14,2026-05-14T13:17:15.473Z,vcurvealmcorprates.csv,gwam_dev_ds.inv_ga_typed.alm_curvealmcorprates | Slice: 2026-04-08 09:15:18.790000 to 2026-05-13 16:45:47.950000,ADB,2026-05-15T09:01:25.000424Z
2026-05-13,USD_Public_B+,EOD,ALM,AggregatedSpread,Bond,20y.USD_Public_B+,20y,20y,true,null,0.02279474,null,2026-05-13T16:30:06.197Z,null,1,Semi Annual,ACT/ACT,NYB,USD,MODFOLLOWING,CreditSpread,7200,null,1366,7072821,2,3,7431,2026-05-05,2026-05-06T09:53:53.443Z,2026-05-14,2026-05-14T13:17:15.473Z,vcurvealmcorprates.csv,gwam_dev_ds.inv_ga_typed.alm_curvealmcorprates | Slice: 2026-04-08 09:15:18.790000 to 2026-05-13 16:45:47.950000,ADB,2026-05-15T09:01:25.000424Z
2026-05-13,USD_Public_B+,EOD,ALM,AggregatedSpread,Bond,30y.USD_Public_B+,30y,30y,true,null,0.02279474,null,2026-05-13T16:30:06.197Z,null,1,Semi Annual,ACT/ACT,NYB,USD,MODFOLLOWING,CreditSpread,10800,null,1367,7072821,2,3,7431,2026-05-05,2026-05-06T09:53:53.443Z,2026-05-14,2026-05-14T13:17:15.473Z,vcurvealmcorprates.csv,gwam_dev_ds.inv_ga_typed.alm_curvealmcorprates | Slice: 2026-04-08 09:15:18.790000 to 2026-05-13 16:45:47.950000,ADB,2026-05-15T09:01:25.000424Z
2026-05-13,AUD_Public_BBB-,EOD,ALM,AggregatedSpread,Cash,3m.AUD_Public_BBB-,3m,3m,true,null,0.01074278,null,2026-05-13T16:30:06.197Z,null,0,null,Act/360,SYB,AUD,MODFOLLOWING,CreditSpread,90,null,8824,7072878,1,3,9828,2026-05-05,2026-05-06T09:54:02.3Z,2026-05-14,2026-05-14T13:17:15.473Z,vcurvealmcorprates.csv,gwam_dev_ds.inv_ga_typed.alm_curvealmcorprates | Slice: 2026-04-08 09:15:18.790000 to 2026-05-13 16:45:47.950000,ADB,2026-05-15T09:01:25.000424Z
2026-05-13,AUD_Public_BBB-,EOD,ALM,AggregatedSpread,Cash,6m.AUD_Public_BBB-,6m,6m,true,null,0.01074278,null,2026-05-13T16:30:06.197Z,null,0,null,Act/360,SYB,AUD,MODFOLLOWING,CreditSpread,180,null,8825,7072878,1,3,9828,2026-05-05,2026-05-06T09:54:02.3Z,2026-05-14,2026-05-14T13:17:15.473Z,vcurvealmcorprates.csv,gwam_dev_ds.inv_ga_typed.alm_curvealmcorprates | Slice: 2026-04-08 09:15:18.790000 to 2026-05-13 16:45:47.950000,ADB,2026-05-15T09:01:25.000424Z
2026-05-13,AUD_Public_BBB-,EOD,ALM,AggregatedSpread,Bond,1y.AUD_Public_BBB-,1y,1y,true,null,0.01074278,null,2026-05-13T16:30:06.197Z,null,0,null,Act/360,SYB,AUD,MODFOLLOWING,CreditSpread,360,null,8826,7072878,1,3,9828,2026-05-05,2026-05-06T09:54:02.3Z,2026-05-14,2026-05-14T13:17:15.473Z,vcurvealmcorprates.csv,gwam_dev_ds.inv_ga_typed.alm_curvealmcorprates | Slice: 2026-04-08 09:15:18.790000 to 2026-05-13 16:45:47.950000,ADB,2026-05-15T09:01:25.000424Z
2026-05-13,AUD_Public_BBB-,EOD,ALM,AggregatedSpread,Bond,2y.AUD_Public_BBB-,2y,2y,true,null,0.01132554,null,2026-05-13T16:30:06.197Z,null,0,null,Act/360,SYB,AUD,MODFOLLOWING,CreditSpread,720,null,8827,7072878,1,3,9828,2026-05-05,2026-05-06T09:54:02.3Z,2026-05-14,2026-05-14T13:17:15.473Z,vcurvealmcorprates.csv,gwam_dev_ds.inv_ga_typed.alm_curvealmcorprates | Slice: 2026-04-08 09:15:18.790000 to 2026-05-13 16:45:47.950000,ADB,2026-05-15T09:01:25.000424Z
2026-05-13,AUD_Public_BBB-,EOD,ALM,AggregatedSpread,Bond,3y.AUD_Public_BBB-,3y,3y,true,null,0.01189372,null,2026-05-13T16:30:06.197Z,null,0,null,Act/360,SYB,AUD,MODFOLLOWING,CreditSpread,1080,null,8828,7072878,1,3,9828,2026-05-05,2026-05-06T09:54:02.3Z,2026-05-14,2026-05-14T13:17:15.473Z,vcurvealmcorprates.csv,gwam_dev_ds.inv_ga_typed.alm_curvealmcorprates | Slice: 2026-04-08 09:15:18.790000 to 2026-05-13 16:45:47.950000,ADB,2026-05-15T09:01:25.000424Z
2026-05-13,AUD_Public_BBB-,EOD,ALM,AggregatedSpread,Bond,5y.AUD_Public_BBB-,5y,5y,true,null,0.01296439,null,2026-05-13T16:30:06.197Z,null,0,null,Act/360,SYB,AUD,MODFOLLOWING,CreditSpread,1800,null,8829,7072878,1,3,9828,2026-05-05,2026-05-06T09:54:02.3Z,2026-05-14,2026-05-14T13:17:15.473Z,vcurvealmcorprates.csv,gwam_dev_ds.inv_ga_typed.alm_curvealmcorprates | Slice: 2026-04-08 09:15:18.790000 to 2026-05-13 16:45:47.950000,ADB,2026-05-15T09:01:25.000424Z
2026-05-13,AUD_Public_BBB-,EOD,ALM,AggregatedSpread,Bond,7y.AUD_Public_BBB-,7y,7y,true,null,0.01390905,null,2026-05-13T16:30:06.197Z,null,0,null,Act/360,SYB,AUD,MODFOLLOWING,CreditSpread,2520,null,8830,7072878,1,3,9828,2026-05-05,2026-05-06T09:54:02.3Z,2026-05-14,2026-05-14T13:17:15.473Z,vcurvealmcorprates.csv,gwam_dev_ds.inv_ga_typed.alm_curvealmcorprates | Slice: 2026-04-08 09:15:18.790000 to 2026-05-13 16:45:47.950000,ADB,2026-05-15T09:01:25.000424Z
2026-05-13,AUD_Public_BBB-,EOD,ALM,AggregatedSpread,Bond,10y.AUD_Public_BBB-,10y,10y,true,null,0.01498970,null,2026-05-13T16:30:06.197Z,null,0,null,Act/360,SYB,AUD,MODFOLLOWING,CreditSpread,3600,null,8831,7072878,1,3,9828,2026-05-05,2026-05-06T09:54:02.3Z,2026-05-14,2026-05-14T13:17:15.473Z,vcurvealmcorprates.csv,gwam_dev_ds.inv_ga_typed.alm_curvealmcorprates | Slice: 2026-04-08 09:15:18.790000 to 2026-05-13 16:45:47.950000,ADB,2026-05-15T09:01:25.000424Z
2026-05-13,AUD_Public_BBB-,EOD,ALM,AggregatedSpread,Bond,20y.AUD_Public_BBB-,20y,20y,true,null,0.01498964,null,2026-05-13T16:30:06.197Z,null,0,null,Act/360,SYB,AUD,MODFOLLOWING,CreditSpread,7200,null,8832,7072878,1,3,9828,2026-05-05,2026-05-06T09:54:02.3Z,2026-05-14,2026-05-14T13:17:15.473Z,vcurvealmcorprates.csv,gwam_dev_ds.inv_ga_typed.alm_curvealmcorprates | Slice: 2026-04-08 09:15:18.790000 to 2026-05-13 16:45:47.950000,ADB,2026-05-15T09:01:25.000424Z
2026-05-13,AUD_Public_BBB-,EOD,ALM,AggregatedSpread,Bond,30y.AUD_Public_BBB-,30y,30y,true,null,0.01498878,null,2026-05-13T16:30:06.197Z,null,0,null,Act/360,SYB,AUD,MODFOLLOWING,CreditSpread,10800,null,8833,7072878,1,3,9828,2026-05-05,2026-05-06T09:54:02.3Z,2026-05-14,2026-05-14T13:17:15.473Z,vcurvealmcorprates.csv,gwam_dev_ds.inv_ga_typed.alm_curvealmcorprates | Slice: 2026-04-08 09:15:18.790000 to 2026-05-13 16:45:47.950000,ADB,2026-05-15T09:01:25.000424Z
2026-05-13,SEK_Public_AA,EOD,ALM,AggregatedSpread,Cash,3m.SEK_Public_AA,3m,3m,true,null,0.00639419,null,2026-05-13T16:45:47.95Z,null,0,null,Act/360,STB,SEK,MODFOLLOWING,CreditSpread,90,null,1907,7207363,2,3,8635,2026-05-13,2026-05-13T16:45:03.88Z,2026-05-14,2026-05-14T13:17:15.473Z,vcurvealmcorprates.csv,gwam_dev_ds.inv_ga_typed.alm_curvealmcorprates | Slice: 2026-04-08 09:15:18.790000 to 2026-05-13 16:45:47.950000,ADB,2026-05-15T09:01:25.000424Z
2026-05-13,SEK_Public_AA,EOD,ALM,AggregatedSpread,Cash,6m.SEK_Public_AA,6m,6m,true,null,0.00623542,null,2026-05-13T16:45:47.95Z,null,0,null,Act/360,STB,SEK,MODFOLLOWING,CreditSpread,180,null,1908,7207363,2,3,8635,2026-05-13,2026-05-13T16:45:03.88Z,2026-05-14,2026-05-14T13:17:15.473Z,vcurvealmcorprates.csv,gwam_dev_ds.inv_ga_typed.alm_curvealmcorprates | Slice: 2026-04-08 09:15:18.790000 to 2026-05-13 16:45:47.950000,ADB,2026-05-15T09:01:25.000424Z
2026-05-13,SEK_Public_AA,EOD,ALM,AggregatedSpread,Bond,1y.SEK_Public_AA,1y,1y,true,null,0.00459157,null,2026-05-13T16:45:47.95Z,null,0,null,Act/360,STB,SEK,MODFOLLOWING,CreditSpread,360,null,1909,7207363,2,3,8635,2026-05-13,2026-05-13T16:45:03.88Z,2026-05-14,2026-05-14T13:17:15.473Z,vcurvealmcorprates.csv,gwam_dev_ds.inv_ga_typed.alm_curvealmcorprates | Slice: 2026-04-08 09:15:18.790000 to 2026-05-13 16:45:47.950000,ADB,2026-05-15T09:01:25.000424Z
2026-05-13,SEK_Public_AA,EOD,ALM,AggregatedSpread,Bond,2y.SEK_Public_AA,2y,2y,true,null,0.00449982,null,2026-05-13T16:45:47.95Z,null,0,null,Act/360,STB,SEK,MODFOLLOWING,CreditSpread,720,null,1910,7207363,2,3,8635,2026-05-13,2026-05-13T16:45:03.88Z,2026-05-14,2026-05-14T13:17:15.473Z,vcurvealmcorprates.csv,gwam_dev_ds.inv_ga_typed.alm_curvealmcorprates | Slice: 2026-04-08 09:15:18.790000 to 2026-05-13 16:45:47.950000,ADB,2026-05-15T09:01:25.000424Z
2026-05-13,SEK_Public_AA,EOD,ALM,AggregatedSpread,Bond,3y.SEK_Public_AA,3y,3y,true,null,0.00550456,null,2026-05-13T16:45:47.95Z,null,0,null,Act/360,STB,SEK,MODFOLLOWING,CreditSpread,1080,null,1911,7207363,2,3,8635,2026-05-13,2026-05-13T16:45:03.88Z,2026-05-14,2026-05-14T13:17:15.473Z,vcurvealmcorprates.csv,gwam_dev_ds.inv_ga_typed.alm_curvealmcorprates | Slice: 2026-04-08 09:15:18.790000 to 2026-05-13 16:45:47.950000,ADB,2026-05-15T09:01:25.000424Z
2026-05-13,SEK_Public_AA,EOD,ALM,AggregatedSpread,Bond,4y.SEK_Public_AA,4y,4y,true,null,0.00527394,null,2026-05-13T16:45:47.95Z,null,0,null,Act/360,STB,SEK,MODFOLLOWING,CreditSpread,1440,null,1912,7207363,2,3,8635,2026-05-13,2026-05-13T16:45:03.88Z,2026-05-14,2026-05-14T13:17:15.473Z,vcurvealmcorprates.csv,gwam_dev_ds.inv_ga_typed.alm_curvealmcorprates | Slice: 2026-04-08 09:15:18.790000 to 2026-05-13 16:45:47.950000,ADB,2026-05-15T09:01:25.000424Z
2026-05-13,SEK_Public_AA,EOD,ALM,AggregatedSpread,Bond,5y.SEK_Public_AA,5y,5y,true,null,0.00499136,null,2026-05-13T16:45:47.95Z,null,0,null,Act/360,STB,SEK,MODFOLLOWING,CreditSpread,1800,null,1913,7207363,2,3,8635,2026-05-13,2026-05-13T16:45:03.88Z,2026-05-14,2026-05-14T13:17:15.473Z,vcurvealmcorprates.csv,gwam_dev_ds.inv_ga_typed.alm_curvealmcorprates | Slice: 2026-04-08 09:15:18.790000 to 2026-05-13 16:45:47.950000,ADB,2026-05-15T09:01:25.000424Z
2026-05-13,SEK_Public_AA,EOD,ALM,AggregatedSpread,Bond,7y.SEK_Public_AA,7y,7y,true,null,0.00566616,null,2026-05-13T16:45:47.95Z,null,0,null,Act/360,STB,SEK,MODFOLLOWING,CreditSpread,2520,null,1914,7207363,2,3,8635,2026-05-13,2026-05-13T16:45:03.88Z,2026-05-14,2026-05-14T13:17:15.473Z,vcurvealmcorprates.csv,gwam_dev_ds.inv_ga_typed.alm_curvealmcorprates | Slice: 2026-04-08 09:15:18.790000 to 2026-05-13 16:45:47.950000,ADB,2026-05-15T09:01:25.000424Z
2026-05-13,SEK_Public_AA,EOD,ALM,AggregatedSpread,Bond,8y.SEK_Public_AA,8y,8y,true,null,0.00522689,null,2026-05-13T16:45:47.95Z,null,0,null,Act/360,STB,SEK,MODFOLLOWING,CreditSpread,2880,null,1915,7207363,2,3,8635,2026-05-13,2026-05-13T16:45:03.88Z,2026-05-14,2026-05-14T13:17:15.473Z,vcurvealmcorprates.csv,gwam_dev_ds.inv_ga_typed.alm_curvealmcorprates | Slice: 2026-04-08 09:15:18.790000 to 2026-05-13 16:45:47.950000,ADB,2026-05-15T09:01:25.000424Z
2026-05-13,SEK_Public_AA,EOD,ALM,AggregatedSpread,Bond,9y.SEK_Public_AA,9y,9y,true,null,0.00484419,null,2026-05-13T16:45:47.95Z,null,0,null,Act/360,STB,SEK,MODFOLLOWING,CreditSpread,3240,null,1916,7207363,2,3,8635,2026-05-13,2026-05-13T16:45:03.88Z,2026-05-14,2026-05-14T13:17:15.473Z,vcurvealmcorprates.csv,gwam_dev_ds.inv_ga_typed.alm_curvealmcorprates | Slice: 2026-04-08 09:15:18.790000 to 2026-05-13 16:45:47.950000,ADB,2026-05-15T09:01:25.000424Z
2026-05-13,SEK_Public_AA,EOD,ALM,AggregatedSpread,Bond,10y.SEK_Public_AA,10y,10y,true,null,0.00437842,null,2026-05-13T16:45:47.95Z,null,0,null,Act/360,STB,SEK,MODFOLLOWING,CreditSpread,3600,null,1917,7207363,2,3,8635,2026-05-13,2026-05-13T16:45:03.88Z,2026-05-14,2026-05-14T13:17:15.473Z,vcurvealmcorprates.csv,gwam_dev_ds.inv_ga_typed.alm_curvealmcorprates | Slice: 2026-04-08 09:15:18.790000 to 2026-05-13 16:45:47.950000,ADB,2026-05-15T09:01:25.000424Z
2026-05-13,SEK_Public_AA,EOD,ALM,AggregatedSpread,Bond,15y.SEK_Public_AA,15y,15y,true,null,0.00508307,null,2026-05-13T16:45:47.95Z,null,0,null,Act/360,STB,SEK,MODFOLLOWING,CreditSpread,5400,null,1918,7207363,2,3,8635,2026-05-13,2026-05-13T16:45:03.88Z,2026-05-14,2026-05-14T13:17:15.473Z,vcurvealmcorprates.csv,gwam_dev_ds.inv_ga_typed.alm_curvealmcorprates | Slice: 2026-04-08 09:15:18.790000 to 2026-05-13 16:45:47.950000,ADB,2026-05-15T09:01:25.000424Z
2026-05-13,SEK_Public_AA,EOD,ALM,AggregatedSpread,Bond,20y.SEK_Public_AA,20y,20y,true,null,0.00495780,null,2026-05-13T16:45:47.95Z,null,0,null,Act/360,STB,SEK,MODFOLLOWING,CreditSpread,7200,null,1919,7207363,2,3,8635,2026-05-13,2026-05-13T16:45:03.88Z,2026-05-14,2026-05-14T13:17:15.473Z,vcurvealmcorprates.csv,gwam_dev_ds.inv_ga_typed.alm_curvealmcorprates | Slice: 2026-04-08 09:15:18.790000 to 2026-05-13 16:45:47.950000,ADB,2026-05-15T09:01:25.000424Z
2026-05-13,SEK_Public_AA,EOD,ALM,AggregatedSpread,Bond,25y.SEK_Public_AA,25y,25y,true,null,0.00411792,null,2026-05-13T16:45:47.95Z,null,0,null,Act/360,STB,SEK,MODFOLLOWING,CreditSpread,9000,null,1920,7207363,2,3,8635,2026-05-13,2026-05-13T16:45:03.88Z,2026-05-14,2026-05-14T13:17:15.473Z,vcurvealmcorprates.csv,gwam_dev_ds.inv_ga_typed.alm_curvealmcorprates | Slice: 2026-04-08 09:15:18.790000 to 2026-05-13 16:45:47.950000,ADB,2026-05-15T09:01:25.000424Z
2026-05-13,SEK_Public_AA,EOD,ALM,AggregatedSpread,Bond,30y.SEK_Public_AA,30y,30y,true,null,0.00367159,null,2026-05-13T16:45:47.95Z,null,0,null,Act/360,STB,SEK,MODFOLLOWING,CreditSpread,10800,null,1921,7207363,2,3,8635,2026-05-13,2026-05-13T16:45:03.88Z,2026-05-14,2026-05-14T13:17:15.473Z,vcurvealmcorprates.csv,gwam_dev_ds.inv_ga_typed.alm_curvealmcorprates | Slice: 2026-04-08 09:15:18.790000 to 2026-05-13 16:45:47.950000,ADB,2026-05-15T09:01:25.000424Z
2026-05-13,SEK_Public_AA,EOD,ALM,AggregatedSpread,Cash,1m.SEK_Public_AA,1m,1m,true,null,0.00639419,null,2026-05-13T16:45:47.95Z,null,0,Annual,Act/360,STB,SEK,MODFOLLOWING,CreditSpread,30,null,3031,7207363,2,3,8635,2026-05-13,2026-05-13T16:45:03.88Z,2026-05-14,2026-05-14T13:17:15.473Z,vcurvealmcorprates.csv,gwam_dev_ds.inv_ga_typed.alm_curvealmcorprates | Slice: 2026-04-08 09:15:18.790000 to 2026-05-13 16:45:47.950000,ADB,2026-05-15T09:01:25.000424Z
2026-05-13,EUR_Public_A,EOD,ALM,AggregatedSpread,Bond,10y.EUR_Public_A,10y,10y,true,null,0.00844872,null,2026-05-13T16:30:06.197Z,null,0,null,Act/360,ECU,EUR,MODFOLLOWING,CreditSpread,3600,null,3322,7068726,1,3,7478,2026-05-01,2026-05-04T10:23:30.133Z,2026-05-14,2026-05-14T13:17:15.473Z,vcurvealmcorprates.csv,gwam_dev_ds.inv_ga_typed.alm_curvealmcorprates | Slice: 2026-04-08 09:15:18.790000 to 2026-05-13 16:45:47.950000,ADB,2026-05-15T09:01:25.000424Z
2026-05-13,EUR_Public_A,EOD,ALM,AggregatedSpread,Bond,1y.EUR_Public_A,1y,1y,true,null,0.00396270,null,2026-05-13T16:30:06.197Z,null,0,null,Act/360,ECU,EUR,MODFOLLOWING,CreditSpread,360,null,3554,7068726,1,3,7478,2026-05-01,2026-05-04T10:23:30.133Z,2026-05-14,2026-05-14T13:17:15.473Z,vcurvealmcorprates.csv,gwam_dev_ds.inv_ga_typed.alm_curvealmcorprates | Slice: 2026-04-08 09:15:18.790000 to 2026-05-13 16:45:47.950000,ADB,2026-05-15T09:01:25.000424Z
2026-05-13,EUR_Public_A,EOD,ALM,AggregatedSpread,Bond,20y.EUR_Public_A,20y,20y,true,null,0.00905986,null,2026-05-13T16:30:06.197Z,null,0,null,Act/360,ECU,EUR,MODFOLLOWING,CreditSpread,7200,null,3753,7068726,1,3,7478,2026-05-01,2026-05-04T10:23:30.133Z,2026-05-14,2026-05-14T13:17:15.473Z,vcurvealmcorprates.csv,gwam_dev_ds.inv_ga_typed.alm_curvealmcorprates | Slice: 2026-04-08 09:15:18.790000 to 2026-05-13 16:45:47.950000,ADB,2026-05-15T09:01:25.000424Z
2026-05-13,EUR_Public_A,EOD,ALM,AggregatedSpread,Bond,2y.EUR_Public_A,2y,2y,true,null,0.00472881,null,2026-05-13T16:30:06.197Z,null,0,null,Act/360,ECU,EUR,MODFOLLOWING,CreditSpread,720,null,3963,7068726,1,3,7478,2026-05-01,2026-05-04T10:23:30.133Z,2026-05-14,2026-05-14T13:17:15.473Z,vcurvealmcorprates.csv,gwam_dev_ds.inv_ga_typed.alm_curvealmcorprates | Slice: 2026-04-08 09:15:18.790000 to 2026-05-13 16:45:47.950000,ADB,2026-05-15T09:01:25.000424Z
2026-05-13,EUR_Public_A,EOD,ALM,AggregatedSpread,Bond,30y.EUR_Public_A,30y,30y,true,null,0.00905986,null,2026-05-13T16:30:06.197Z,null,0,null,Act/360,ECU,EUR,MODFOLLOWING,CreditSpread,10800,null,4162,7068726,1,3,7478,2026-05-01,2026-05-04T10:23:30.133Z,2026-05-14,2026-05-14T13:17:15.473Z,vcurvealmcorprates.csv,gwam_dev_ds.inv_ga_typed.alm_curvealmcorprates | Slice: 2026-04-08 09:15:18.790000 to 2026-05-13 16:45:47.950000,ADB,2026-05-15T09:01:25.000424Z
2026-05-13,EUR_Public_A,EOD,ALM,AggregatedSpread,Cash,3m.EUR_Public_A,3m,3m,true,null,0.00396270,null,2026-05-13T16:30:06.197Z,null,0,null,Act/360,ECU,EUR,MODFOLLOWING,CreditSpread,90,null,4361,7068726,1,3,7478,2026-05-01,2026-05-04T10:23:30.133Z,2026-05-14,2026-05-14T13:17:15.473Z,vcurvealmcorprates.csv,gwam_dev_ds.inv_ga_typed.alm_curvealmcorprates | Slice: 2026-04-08 09:15:18.790000 to 2026-05-13 16:45:47.950000,ADB,2026-05-15T09:01:25.000424Z
2026-05-13,EUR_Public_A,EOD,ALM,AggregatedSpread,Bond,3y.EUR_Public_A,3y,3y,true,null,0.00542091,null,2026-05-13T16:30:06.197Z,null,0,null,Act/360,ECU,EUR,MODFOLLOWING,CreditSpread,1080,null,4560,7068726,1,3,7478,2026-05-01,2026-05-04T10:23:30.133Z,2026-05-14,2026-05-14T13:17:15.473Z,vcurvealmcorprates.csv,gwam_dev_ds.inv_ga_typed.alm_curvealmcorprates | Slice: 2026-04-08 09:15:18.790000 to 2026-05-13 16:45:47.950000,ADB,2026-05-15T09:01:25.000424Z
2026-05-13,EUR_Public_A,EOD,ALM,AggregatedSpread,Bond,5y.EUR_Public_A,5y,5y,true,null,0.00659525,null,2026-05-13T16:30:06.197Z,null,0,null,Act/360,ECU,EUR,MODFOLLOWING,CreditSpread,1800,null,4768,7068726,1,3,7478,2026-05-01,2026-05-04T10:23:30.133Z,2026-05-14,2026-05-14T13:17:15.473Z,vcurvealmcorprates.csv,gwam_dev_ds.inv_ga_typed.alm_curvealmcorprates | Slice: 2026-04-08 09:15:18.790000 to 2026-05-13 16:45:47.950000,ADB,2026-05-15T09:01:25.000424Z
2026-05-13,EUR_Public_A,EOD,ALM,AggregatedSpread,Cash,6m.EUR_Public_A,6m,6m,true,null,0.00396270,null,2026-05-13T16:30:06.197Z,null,0,null,Act/360,ECU,EUR,MODFOLLOWING,CreditSpread,180,null,4967,7068726,1,3,7478,2026-05-01,2026-05-04T10:23:30.133Z,2026-05-14,2026-05-14T13:17:15.473Z,vcurvealmcorprates.csv,gwam_dev_ds.inv_ga_typed.alm_curvealmcorprates | Slice: 2026-04-08 09:15:18.790000 to 2026-05-13 16:45:47.950000,ADB,2026-05-15T09:01:25.000424Z
2026-05-13,EUR_Public_A,EOD,ALM,AggregatedSpread,Bond,7y.EUR_Public_A,7y,7y,true,null,0.00751003,null,2026-05-13T16:30:06.197Z,null,0,null,Act/360,ECU,EUR,MODFOLLOWING,CreditSpread,2520,null,5170,7068726,1,3,7478,2026-05-01,2026-05-04T10:23:30.133Z,2026-05-14,2026-05-14T13:17:15.473Z,vcurvealmcorprates.csv,gwam_dev_ds.inv_ga_typed.alm_curvealmcorprates | Slice: 2026-04-08 09:15:18.790000 to 2026-05-13 16:45:47.950000,ADB,2026-05-15T09:01:25.000424Z
2026-05-13,ADB_ADB.ALL_Public_A-,EOD,ALM,AggregatedSpread,Cash,3m.ADB_ADB.ALL_Public_A-,3m,3m,true,null,0.00393589,null,2026-05-13T16:30:06.197Z,null,0,null,Act/360,NYB,ADB,MODFOLLOWING,CreditSpread,90,null,8444,7072902,1,3,9790,2026-05-05,2026-05-06T10:22:25.443Z,2026-05-14,2026-05-14T13:17:15.473Z,vcurvealmcorprates.csv,gwam_dev_ds.inv_ga_typed.alm_curvealmcorprates | Slice: 2026-04-08 09:15:18.790000 to 2026-05-13 16:45:47.950000,ADB,2026-05-15T09:01:25.000424Z
2026-05-13,ADB_ADB.ALL_Public_A-,EOD,ALM,AggregatedSpread,Cash,6m.ADB_ADB.ALL_Public_A-,6m,6m,true,null,0.00393589,null,2026-05-13T16:30:06.197Z,null,0,null,Act/360,NYB,ADB,MODFOLLOWING,CreditSpread,180,null,8445,7072902,1,3,9790,2026-05-05,2026-05-06T10:22:25.443Z,2026-05-14,2026-05-14T13:17:15.473Z,vcurvealmcorprates.csv,gwam_dev_ds.inv_ga_typed.alm_curvealmcorprates | Slice: 2026-04-08 09:15:18.790000 to 2026-05-13 16:45:47.950000,ADB,2026-05-15T09:01:25.000424Z
2026-05-13,ADB_ADB.ALL_Public_A-,EOD,ALM,AggregatedSpread,Bond,1y.ADB_ADB.ALL_Public_A-,1y,1y,true,null,0.00393589,null,2026-05-13T16:30:06.197Z,null,0,null,Act/360,NYB,ADB,MODFOLLOWING,CreditSpread,360,null,8446,7072902,1,3,9790,2026-05-05,2026-05-06T10:22:25.443Z,2026-05-14,2026-05-14T13:17:15.473Z,vcurvealmcorprates.csv,gwam_dev_ds.inv_ga_typed.alm_curvealmcorprates | Slice: 2026-04-08 09:15:18.790000 to 2026-05-13 16:45:47.950000,ADB,2026-05-15T09:01:25.000424Z
2026-05-13,ADB_ADB.ALL_Public_A-,EOD,ALM,AggregatedSpread,Bond,2y.ADB_ADB.ALL_Public_A-,2y,2y,true,null,0.00390511,null,2026-05-13T16:30:06.197Z,null,0,null,Act/360,NYB,ADB,MODFOLLOWING,CreditSpread,720,null,8447,7072902,1,3,9790,2026-05-05,2026-05-06T10:22:25.443Z,2026-05-14,2026-05-14T13:17:15.473Z,vcurvealmcorprates.csv,gwam_dev_ds.inv_ga_typed.alm_curvealmcorprates | Slice: 2026-04-08 09:15:18.790000 to 2026-05-13 16:45:47.950000,ADB,2026-05-15T09:01:25.000424Z
2026-05-13,ADB_ADB.ALL_Public_A-,EOD,ALM,AggregatedSpread,Bond,3y.ADB_ADB.ALL_Public_A-,3y,3y,true,null,0.00387756,null,2026-05-13T16:30:06.197Z,null,0,null,Act/360,NYB,ADB,MODFOLLOWING,CreditSpread,1080,null,8448,7072902,1,3,9790,2026-05-05,2026-05-06T10:22:25.443Z,2026-05-14,2026-05-14T13:17:15.473Z,vcurvealmcorprates.csv,gwam_dev_ds.inv_ga_typed.alm_curvealmcorprates | Slice: 2026-04-08 09:15:18.790000 to 2026-05-13 16:45:47.950000,ADB,2026-05-15T09:01:25.000424Z
2026-05-13,ADB_ADB.ALL_Public_A-,EOD,ALM,AggregatedSpread,Bond,5y.ADB_ADB.ALL_Public_A-,5y,5y,true,null,0.00387607,null,2026-05-13T16:30:06.197Z,null,0,null,Act/360,NYB,ADB,MODFOLLOWING,CreditSpread,1800,null,8449,7072902,1,3,9790,2026-05-05,2026-05-06T10:22:25.443Z,2026-05-14,2026-05-14T13:17:15.473Z,vcurvealmcorprates.csv,gwam_dev_ds.inv_ga_typed.alm_curvealmcorprates | Slice: 2026-04-08 09:15:18.790000 to 2026-05-13 16:45:47.950000,ADB,2026-05-15T09:01:25.000424Z
2026-05-13,ADB_ADB.ALL_Public_A-,EOD,ALM,AggregatedSpread,Bond,7y.ADB_ADB.ALL_Public_A-,7y,7y,true,null,0.00391341,null,2026-05-13T16:30:06.197Z,null,0,null,Act/360,NYB,ADB,MODFOLLOWING,CreditSpread,2520,null,8450,7072902,1,3,9790,2026-05-05,2026-05-06T10:22:25.443Z,2026-05-14,2026-05-14T13:17:15.473Z,vcurvealmcorprates.csv,gwam_dev_ds.inv_ga_typed.alm_curvealmcorprates | Slice: 2026-04-08 09:15:18.790000 to 2026-05-13 16:45:47.950000,ADB,2026-05-15T09:01:25.000424Z
2026-05-13,ADB_ADB.ALL_Public_A-,EOD,ALM,AggregatedSpread,Bond,10y.ADB_ADB.ALL_Public_A-,10y,10y,true,null,0.00407426,null,2026-05-13T16:30:06.197Z,null,0,null,Act/360,NYB,ADB,MODFOLLOWING,CreditSpread,3600,null,8451,7072902,1,3,9790,2026-05-05,2026-05-06T10:22:25.443Z,2026-05-14,2026-05-14T13:17:15.473Z,vcurvealmcorprates.csv,gwam_dev_ds.inv_ga_typed.alm_curvealmcorprates | Slice: 2026-04-08 09:15:18.790000 to 2026-05-13 16:45:47.950000,ADB,2026-05-15T09:01:25.000424Z
2026-05-13,ADB_ADB.ALL_Public_A-,EOD,ALM,AggregatedSpread,Bond,20y.ADB_ADB.ALL_Public_A-,20y,20y,true,null,0.00384333,null,2026-05-13T16:30:06.197Z,null,0,null,Act/360,NYB,ADB,MODFOLLOWING,CreditSpread,7200,null,8452,7072902,1,3,9790,2026-05-05,2026-05-06T10:22:25.443Z,2026-05-14,2026-05-14T13:17:15.473Z,vcurvealmcorprates.csv,gwam_dev_ds.inv_ga_typed.alm_curvealmcorprates | Slice: 2026-04-08 09:15:18.790000 to 2026-05-13 16:45:47.950000,ADB,2026-05-15T09:01:25.000424Z
2026-05-13,ADB_ADB.ALL_Public_A-,EOD,ALM,AggregatedSpread,Bond,30y.ADB_ADB.ALL_Public_A-,30y,30y,true,null,0.00354092,null,2026-05-13T16:30:06.197Z,null,0,null,Act/360,NYB,ADB,MODFOLLOWING,CreditSpread,10800,null,8453,7072902,1,3,9790,2026-05-05,2026-05-06T10:22:25.443Z,2026-05-14,2026-05-14T13:17:15.473Z,vcurvealmcorprates.csv,gwam_dev_ds.inv_ga_typed.alm_curvealmcorprates | Slice: 2026-04-08 09:15:18.790000 to 2026-05-13 16:45:47.950000,ADB,2026-05-15T09:01:25.000424Z
2026-05-13,VND_Public_B,EOD,ALM,AggregatedSpread,Bond,10y.VND_Public_B,10y,10y,true,null,0.01809000,null,2026-05-13T16:30:06.197Z,null,0,null,Act/360,HAB,VND,MODFOLLOWING,CreditSpread,3600,null,3457,7066005,2,3,8636,2026-04-29,2026-05-01T10:22:52.08Z,2026-05-14,2026-05-14T13:17:15.473Z,vcurvealmcorprates.csv,gwam_dev_ds.inv_ga_typed.alm_curvealmcorprates | Slice: 2026-04-08 09:15:18.790000 to 2026-05-13 16:45:47.950000,ADB,2026-05-15T09:01:25.000424Z
2026-05-13,VND_Public_B,EOD,ALM,AggregatedSpread,Bond,1y.VND_Public_B,1y,1y,true,null,0.03475696,null,2026-05-13T16:30:06.197Z,null,0,null,Act/360,HAB,VND,MODFOLLOWING,CreditSpread,360,null,3688,7066005,2,3,8636,2026-04-29,2026-05-01T10:22:52.08Z,2026-05-14,2026-05-14T13:17:15.473Z,vcurvealmcorprates.csv,gwam_dev_ds.inv_ga_typed.alm_curvealmcorprates | Slice: 2026-04-08 09:15:18.790000 to 2026-05-13 16:45:47.950000,ADB,2026-05-15T09:01:25.000424Z
2026-05-13,VND_Public_B,EOD,ALM,AggregatedSpread,Bond,20y.VND_Public_B,20y,20y,true,null,0.01652000,null,2026-05-13T16:30:06.197Z,null,0,null,Act/360,HAB,VND,MODFOLLOWING,CreditSpread,7200,null,3887,7066005,2,3,8636,2026-04-29,2026-05-01T10:22:52.08Z,2026-05-14,2026-05-14T13:17:15.473Z,vcurvealmcorprates.csv,gwam_dev_ds.inv_ga_typed.alm_curvealmcorprates | Slice: 2026-04-08 09:15:18.790000 to 2026-05-13 16:45:47.950000,ADB,2026-05-15T09:01:25.000424Z
2026-05-13,VND_Public_B,EOD,ALM,AggregatedSpread,Bond,2y.VND_Public_B,2y,2y,true,null,0.03307183,null,2026-05-13T16:30:06.197Z,null,0,null,Act/360,HAB,VND,MODFOLLOWING,CreditSpread,720,null,4097,7066005,2,3,8636,2026-04-29,2026-05-01T10:22:52.08Z,2026-05-14,2026-05-14T13:17:15.473Z,vcurvealmcorprates.csv,gwam_dev_ds.inv_ga_typed.alm_curvealmcorprates | Slice: 2026-04-08 09:15:18.790000 to 2026-05-13 16:45:47.950000,ADB,2026-05-15T09:01:25.000424Z
2026-05-13,VND_Public_B,EOD,ALM,AggregatedSpread,Bond,30y.VND_Public_B,30y,30y,true,null,0.01577000,null,2026-05-13T16:30:06.197Z,null,0,null,Act/360,HAB,VND,MODFOLLOWING,CreditSpread,10800,null,4296,7066005,2,3,8636,2026-04-29,2026-05-01T10:22:52.08Z,2026-05-14,2026-05-14T13:17:15.473Z,vcurvealmcorprates.csv,gwam_dev_ds.inv_ga_typed.alm_curvealmcorprates | Slice: 2026-04-08 09:15:18.790000 to 2026-05-13 16:45:47.950000,ADB,2026-05-15T09:01:25.000424Z
2026-05-13,VND_Public_B,EOD,ALM,AggregatedSpread,Cash,3m.VND_Public_B,3m,3m,true,null,0.01432877,null,2026-05-13T16:30:06.197Z,null,0,null,Act/360,HAB,VND,MODFOLLOWING,CreditSpread,90,null,4495,7066005,2,3,8636,2026-04-29,2026-05-01T10:22:52.08Z,2026-05-14,2026-05-14T13:17:15.473Z,vcurvealmcorprates.csv,gwam_dev_ds.inv_ga_typed.alm_curvealmcorprates | Slice: 2026-04-08 09:15:18.790000 to 2026-05-13 16:45:47.950000,ADB,2026-05-15T09:01:25.000424Z
2026-05-13,VND_Public_B,EOD,ALM,AggregatedSpread,Bond,3y.VND_Public_B,3y,3y,true,null,0.02861072,null,2026-05-13T16:30:06.197Z,null,0,null,Act/360,HAB,VND,MODFOLLOWING,CreditSpread,1080,null,4694,7066005,2,3,8636,2026-04-29,2026-05-01T10:22:52.08Z,2026-05-14,2026-05-14T13:17:15.473Z,vcurvealmcorprates.csv,gwam_dev_ds.inv_ga_typed.alm_curvealmcorprates | Slice: 2026-04-08 09:15:18.790000 to 2026-05-13 16:45:47.950000,ADB,2026-05-15T09:01:25.000424Z
2026-05-13,VND_Public_B,EOD,ALM,AggregatedSpread,Bond,5y.VND_Public_B,5y,5y,true,null,0.01988000,null,2026-05-13T16:30:06.197Z,null,0,null,Act/360,HAB,VND,MODFOLLOWING,CreditSpread,1800,null,4902,7066005,2,3,8636,2026-04-29,2026-05-01T10:22:52.08Z,2026-05-14,2026-05-14T13:17:15.473Z,vcurvealmcorprates.csv,gwam_dev_ds.inv_ga_typed.alm_curvealmcorprates | Slice: 2026-04-08 09:15:18.790000 to 2026-05-13 16:45:47.950000,ADB,2026-05-15T09:01:25.000424Z
2026-05-13,VND_Public_B,EOD,ALM,AggregatedSpread,Cash,6m.VND_Public_B,6m,6m,true,null,0.03440295,null,2026-05-13T16:30:06.197Z,null,0,null,Act/360,HAB,VND,MODFOLLOWING,CreditSpread,180,null,5101,7066005,2,3,8636,2026-04-29,2026-05-01T10:22:52.08Z,2026-05-14,2026-05-14T13:17:15.473Z,vcurvealmcorprates.csv,gwam_dev_ds.inv_ga_typed.alm_curvealmcorprates | Slice: 2026-04-08 09:15:18.790000 to 2026-05-13 16:45:47.950000,ADB,2026-05-15T09:01:25.000424Z
2026-05-13,VND_Public_B,EOD,ALM,AggregatedSpread,Bond,7y.VND_Public_B,7y,7y,true,null,0.01915000,null,2026-05-13T16:30:06.197Z,null,0,null,Act/360,HAB,VND,MODFOLLOWING,CreditSpread,2520,null,5304,7066005,2,3,8636,2026-04-29,2026-05-01T10:22:52.08Z,2026-05-14,2026-05-14T13:17:15.473Z,vcurvealmcorprates.csv,gwam_dev_ds.inv_ga_typed.alm_curvealmcorprates | Slice: 2026-04-08 09:15:18.790000 to 2026-05-13 16:45:47.950000,ADB,2026-05-15T09:01:25.000424Z
2026-05-13,JPY_Public_BB,EOD,ALM,AggregatedSpread,Cash,3m.JPY_Public_BB,3m,3m,true,null,0.01354037,null,2026-05-13T16:30:06.197Z,null,0,Annual,Act/365,TKB,JPY,MODFOLLOWING,CreditSpread,90,null,1158,7074890,2,3,3316,2026-05-01,2026-05-07T10:59:11.313Z,2026-05-14,2026-05-14T13:17:15.473Z,vcurvealmcorprates.csv,gwam_dev_ds.inv_ga_typed.alm_curvealmcorprates | Slice: 2026-04-08 09:15:18.790000 to 2026-05-13 16:45:47.950000,ADB,2026-05-15T09:01:25.000424Z
2026-05-13,JPY_Public_BB,EOD,ALM,AggregatedSpread,Cash,6m.JPY_Public_BB,6m,6m,true,null,0.01364037,null,2026-05-13T16:30:06.197Z,null,0,Annual,Act/365,TKB,JPY,MODFOLLOWING,CreditSpread,180,null,1159,7074890,2,3,3316,2026-05-01,2026-05-07T10:59:11.313Z,2026-05-14,2026-05-14T13:17:15.473Z,vcurvealmcorprates.csv,gwam_dev_ds.inv_ga_typed.alm_curvealmcorprates | Slice: 2026-04-08 09:15:18.790000 to 2026-05-13 16:45:47.950000,ADB,2026-05-15T09:01:25.000424Z
2026-05-13,JPY_Public_BB,EOD,ALM,AggregatedSpread,Cash,1y.JPY_Public_BB,1y,1y,true,null,0.01374037,null,2026-05-13T16:30:06.197Z,null,1,Semi Annual,NL/365,TKB,JPY,MODFOLLOWING,CreditSpread,360,null,1160,7074890,2,3,3316,2026-05-01,2026-05-07T10:59:11.313Z,2026-05-14,2026-05-14T13:17:15.473Z,vcurvealmcorprates.csv,gwam_dev_ds.inv_ga_typed.alm_curvealmcorprates | Slice: 2026-04-08 09:15:18.790000 to 2026-05-13 16:45:47.950000,ADB,2026-05-15T09:01:25.000424Z
2026-05-13,JPY_Public_BB,EOD,ALM,AggregatedSpread,Bond,2y.JPY_Public_BB,2y,2y,true,null,0.01181303,null,2026-05-13T16:30:06.197Z,null,1,Semi Annual,NL/365,TKB,JPY,MODFOLLOWING,CreditSpread,720,null,1161,7074890,2,3,3316,2026-05-01,2026-05-07T10:59:11.313Z,2026-05-14,2026-05-14T13:17:15.473Z,vcurvealmcorprates.csv,gwam_dev_ds.inv_ga_typed.alm_curvealmcorprates | Slice: 2026-04-08 09:15:18.790000 to 2026-05-13 16:45:47.950000,ADB,2026-05-15T09:01:25.000424Z
2026-05-13,USD_Public_B-,EOD,ALM,AggregatedSpread,Cash,3m.USD_Public_B-,3m,3m,true,null,0.02362117,null,2026-05-13T16:30:06.197Z,null,0,Annual,Act/360,NYB,USD,MODFOLLOWING,CreditSpread,90,null,1368,7072822,2,3,7432,2026-05-05,2026-05-06T09:53:53.443Z,2026-05-14,2026-05-14T13:17:15.473Z,vcurvealmcorprates.csv,gwam_dev_ds.inv_ga_typed.alm_curvealmcorprates | Slice: 2026-04-08 09:15:18.790000 to 2026-05-13 16:45:47.950000,ADB,2026-05-15T09:01:25.000424Z
2026-05-13,USD_Public_B-,EOD,ALM,AggregatedSpread,Cash,6m.USD_Public_B-,6m,6m,true,null,0.02362117,null,2026-05-13T16:30:06.197Z,null,0,Annual,Act/360,NYB,USD,MODFOLLOWING,CreditSpread,180,null,1369,7072822,2,3,7432,2026-05-05,2026-05-06T09:53:53.443Z,2026-05-14,2026-05-14T13:17:15.473Z,vcurvealmcorprates.csv,gwam_dev_ds.inv_ga_typed.alm_curvealmcorprates | Slice: 2026-04-08 09:15:18.790000 to 2026-05-13 16:45:47.950000,ADB,2026-05-15T09:01:25.000424Z
2026-05-13,USD_Public_B-,EOD,ALM,AggregatedSpread,Cash,1y.USD_Public_B-,1y,1y,true,null,0.02362117,null,2026-05-13T16:30:06.197Z,null,1,Semi Annual,ACT/ACT,NYB,USD,MODFOLLOWING,CreditSpread,360,null,1370,7072822,2,3,7432,2026-05-05,2026-05-06T09:53:53.443Z,2026-05-14,2026-05-14T13:17:15.473Z,vcurvealmcorprates.csv,gwam_dev_ds.inv_ga_typed.alm_curvealmcorprates | Slice: 2026-04-08 09:15:18.790000 to 2026-05-13 16:45:47.950000,ADB,2026-05-15T09:01:25.000424Z
2026-05-13,USD_Public_B-,EOD,ALM,AggregatedSpread,Bond,2y.USD_Public_B-,2y,2y,true,null,0.02690233,null,2026-05-13T16:30:06.197Z,null,1,Semi Annual,ACT/ACT,NYB,USD,MODFOLLOWING,CreditSpread,720,null,1371,7072822,2,3,7432,2026-05-05,2026-05-06T09:53:53.443Z,2026-05-14,2026-05-14T13:17:15.473Z,vcurvealmcorprates.csv,gwam_dev_ds.inv_ga_typed.alm_curvealmcorprates | Slice: 2026-04-08 09:15:18.790000 to 2026-05-13 16:45:47.950000,ADB,2026-05-15T09:01:25.000424Z
2026-05-13,USD_Public_B-,EOD,ALM,AggregatedSpread,Bond,3y.USD_Public_B-,3y,3y,true,null,0.02932501,null,2026-05-13T16:30:06.197Z,null,1,Semi Annual,ACT/ACT,NYB,USD,MODFOLLOWING,CreditSpread,1080,null,1372,7072822,2,3,7432,2026-05-05,2026-05-06T09:53:53.443Z,2026-05-14,2026-05-14T13:17:15.473Z,vcurvealmcorprates.csv,gwam_dev_ds.inv_ga_typed.alm_curvealmcorprates | Slice: 2026-04-08 09:15:18.790000 to 2026-05-13 16:45:47.950000,ADB,2026-05-15T09:01:25.000424Z
2026-05-13,USD_Public_B-,EOD,ALM,AggregatedSpread,Bond,5y.USD_Public_B-,5y,5y,true,null,0.03162582,null,2026-05-13T16:30:06.197Z,null,1,Semi Annual,ACT/ACT,NYB,USD,MODFOLLOWING,CreditSpread,1800,null,1373,7072822,2,3,7432,2026-05-05,2026-05-06T09:53:53.443Z,2026-05-14,2026-05-14T13:17:15.473Z,vcurvealmcorprates.csv,gwam_dev_ds.inv_ga_typed.alm_curvealmcorprates | Slice: 2026-04-08 09:15:18.790000 to 2026-05-13 16:45:47.950000,ADB,2026-05-15T09:01:25.000424Z
2026-05-13,USD_Public_B-,EOD,ALM,AggregatedSpread,Bond,7y.USD_Public_B-,7y,7y,true,null,0.03058541,null,2026-05-13T16:30:06.197Z,null,1,Semi Annual,ACT/ACT,NYB,USD,MODFOLLOWING,CreditSpread,2520,null,1374,7072822,2,3,7432,2026-05-05,2026-05-06T09:53:53.443Z,2026-05-14,2026-05-14T13:17:15.473Z,vcurvealmcorprates.csv,gwam_dev_ds.inv_ga_typed.alm_curvealmcorprates | Slice: 2026-04-08 09:15:18.790000 to 2026-05-13 16:45:47.950000,ADB,2026-05-15T09:01:25.000424Z
2026-05-13,USD_Public_B-,EOD,ALM,AggregatedSpread,Bond,10y.USD_Public_B-,10y,10y,true,null,0.02289518,null,2026-05-13T16:30:06.197Z,null,1,Semi Annual,ACT/ACT,NYB,USD,MODFOLLOWING,CreditSpread,3600,null,1375,7072822,2,3,7432,2026-05-05,2026-05-06T09:53:53.443Z,2026-05-14,2026-05-14T13:17:15.473Z,vcurvealmcorprates.csv,gwam_dev_ds.inv_ga_typed.alm_curvealmcorprates | Slice: 2026-04-08 09:15:18.790000 to 2026-05-13 16:45:47.950000,ADB,2026-05-15T09:01:25.000424Z
2026-05-13,USD_Public_B-,EOD,ALM,AggregatedSpread,Bond,20y.USD_Public_B-,20y,20y,true,null,0.02289518,null,2026-05-13T16:30:06.197Z,null,1,Semi Annual,ACT/ACT,NYB,USD,MODFOLLOWING,CreditSpread,7200,null,1376,7072822,2,3,7432,2026-05-05,2026-05-06T09:53:53.443Z,2026-05-14,2026-05-14T13:17:15.473Z,vcurvealmcorprates.csv,gwam_dev_ds.inv_ga_typed.alm_curvealmcorprates | Slice: 2026-04-08 09:15:18.790000 to 2026-05-13 16:45:47.950000,ADB,2026-05-15T09:01:25.000424Z
2026-05-13,USD_Public_B-,EOD,ALM,AggregatedSpread,Bond,30y.USD_Public_B-,30y,30y,true,null,0.02289518,null,2026-05-13T16:30:06.197Z,null,1,Semi Annual,ACT/ACT,NYB,USD,MODFOLLOWING,CreditSpread,10800,null,1377,7072822,2,3,7432,2026-05-05,2026-05-06T09:53:53.443Z,2026-05-14,2026-05-14T13:17:15.473Z,vcurvealmcorprates.csv,gwam_dev_ds.inv_ga_typed.alm_curvealmcorprates | Slice: 2026-04-08 09:15:18.790000 to 2026-05-13 16:45:47.950000,ADB,2026-05-15T09:01:25.000424Z
2026-05-13,USD_Public_BBB+,EOD,ALM,AggregatedSpread,Cash,1y.USD_Public_BBB+,1y,1y,true,null,0.00388875,null,2026-05-13T16:30:06.197Z,null,1,Semi Annual,ACT/ACT,NYB,USD,MODFOLLOWING,CreditSpread,360,null,1418,7072827,2,3,7437,2026-05-05,2026-05-06T09:53:53.443Z,2026-05-14,2026-05-14T13:17:15.473Z,vcurvealmcorprates.csv,gwam_dev_ds.inv_ga_typed.alm_curvealmcorprates | Slice: 2026-04-08 09:15:18.790000 to 2026-05-13 16:45:47.950000,ADB,2026-05-15T09:01:25.000424Z
2026-05-13,USD_Public_BBB+,EOD,ALM,AggregatedSpread,Bond,2y.USD_Public_BBB+,2y,2y,true,null,0.00464299,null,2026-05-13T16:30:06.197Z,null,1,Semi Annual,ACT/ACT,NYB,USD,MODFOLLOWING,CreditSpread,720,null,1419,7072827,2,3,7437,2026-05-05,2026-05-06T09:53:53.443Z,2026-05-14,2026-05-14T13:17:15.473Z,vcurvealmcorprates.csv,gwam_dev_ds.inv_ga_typed.alm_curvealmcorprates | Slice: 2026-04-08 09:15:18.790000 to 2026-05-13 16:45:47.950000,ADB,2026-05-15T09:01:25.000424Z
2026-05-13,USD_Public_BBB+,EOD,ALM,AggregatedSpread,Bond,3y.USD_Public_BBB+,3y,3y,true,null,0.00532941,null,2026-05-13T16:30:06.197Z,null,1,Semi Annual,ACT/ACT,NYB,USD,MODFOLLOWING,CreditSpread,1080,null,1420,7072827,2,3,7437,2026-05-05,2026-05-06T09:53:53.443Z,2026-05-14,2026-05-14T13:17:15.473Z,vcurvealmcorprates.csv,gwam_dev_ds.inv_ga_typed.alm_curvealmcorprates | Slice: 2026-04-08 09:15:18.790000 to 2026-05-13 16:45:47.950000,ADB,2026-05-15T09:01:25.000424Z
2026-05-13,USD_Public_BBB+,EOD,ALM,AggregatedSpread,Bond,5y.USD_Public_BBB+,5y,5y,true,null,0.00651131,null,2026-05-13T16:30:06.197Z,null,1,Semi Annual,ACT/ACT,NYB,USD,MODFOLLOWING,CreditSpread,1800,null,1421,7072827,2,3,7437,2026-05-05,2026-05-06T09:53:53.443Z,2026-05-14,2026-05-14T13:17:15.473Z,vcurvealmcorprates.csv,gwam_dev_ds.inv_ga_typed.alm_curvealmcorprates | Slice: 2026-04-08 09:15:18.790000 to 2026-05-13 16:45:47.950000,ADB,2026-05-15T09:01:25.000424Z
2026-05-13,USD_Public_BBB+,EOD,ALM,AggregatedSpread,Bond,7y.USD_Public_BBB+,7y,7y,true,null,0.00745936,null,2026-05-13T16:30:06.197Z,null,1,Semi Annual,ACT/ACT,NYB,USD,MODFOLLOWING,CreditSpread,2520,null,1422,7072827,2,3,7437,2026-05-05,2026-05-06T09:53:53.443Z,2026-05-14,2026-05-14T13:17:15.473Z,vcurvealmcorprates.csv,gwam_dev_ds.inv_ga_typed.alm_curvealmcorprates | Slice: 2026-04-08 09:15:18.790000 to 2026-05-13 16:45:47.950000,ADB,2026-05-15T09:01:25.000424Z
2026-05-13,USD_Public_BBB+,EOD,ALM,AggregatedSpread,Bond,10y.USD_Public_BBB+,10y,10y,true,null,0.00849751,null,2026-05-13T16:30:06.197Z,null,1,Semi Annual,ACT/ACT,NYB,USD,MODFOLLOWING,CreditSpread,3600,null,1423,7072827,2,3,7437,2026-05-05,2026-05-06T09:53:53.443Z,2026-05-14,2026-05-14T13:17:15.473Z,vcurvealmcorprates.csv,gwam_dev_ds.inv_ga_typed.alm_curvealmcorprates | Slice: 2026-04-08 09:15:18.790000 to 2026-05-13 16:45:47.950000,ADB,2026-05-15T09:01:25.000424Z
2026-05-13,USD_Public_BBB+,EOD,ALM,AggregatedSpread,Bond,20y.USD_Public_BBB+,20y,20y,true,null,0.00905650,null,2026-05-13T16:30:06.197Z,null,1,Semi Annual,ACT/ACT,NYB,USD,MODFOLLOWING,CreditSpread,7200,null,1424,7072827,2,3,7437,2026-05-05,2026-05-06T09:53:53.443Z,2026-05-14,2026-05-14T13:17:15.473Z,vcurvealmcorprates.csv,gwam_dev_ds.inv_ga_typed.alm_curvealmcorprates | Slice: 2026-04-08 09:15:18.790000 to 2026-05-13 16:45:47.950000,ADB,2026-05-15T09:01:25.000424Z
2026-05-13,USD_Public_BBB+,EOD,ALM,AggregatedSpread,Bond,30y.USD_Public_BBB+,30y,30y,true,null,0.00961549,null,2026-05-13T16:30:06.197Z,null,1,Semi Annual,ACT/ACT,NYB,USD,MODFOLLOWING,CreditSpread,10800,null,1425,7072827,2,3,7437,2026-05-05,2026-05-06T09:53:53.443Z,2026-05-14,2026-05-14T13:17:15.473Z,vcurvealmcorprates.csv,gwam_dev_ds.inv_ga_typed.alm_curvealmcorprates | Slice: 2026-04-08 09:15:18.790000 to 2026-05-13 16:45:47.950000,ADB,2026-05-15T09:01:25.000424Z
2026-05-13,USD_Public_BBB+,EOD,ALM,AggregatedSpread,Cash,6m.USD_Public_BBB+,6m,6m,true,null,0.00388875,null,2026-05-13T16:30:06.197Z,null,1,Annual,Act/360,NYB,USD,MODFOLLOWING,CreditSpread,180,null,1523,7072827,2,3,7437,2026-05-05,2026-05-06T09:53:53.443Z,2026-05-14,2026-05-14T13:17:15.473Z,vcurvealmcorprates.csv,gwam_dev_ds.inv_ga_typed.alm_curvealmcorprates | Slice: 2026-04-08 09:15:18.790000 to 2026-05-13 16:45:47.950000,ADB,2026-05-15T09:01:25.000424Z
2026-05-13,USD_Public_BBB+,EOD,ALM,AggregatedSpread,Cash,3m.USD_Public_BBB+,3m,3m,true,null,0.00388875,null,2026-05-13T16:30:06.197Z,null,1,Annual,Act/360,NYB,USD,MODFOLLOWING,CreditSpread,90,null,1525,7072827,2,3,7437,2026-05-05,2026-05-06T09:53:53.443Z,2026-05-14,2026-05-14T13:17:15.473Z,vcurvealmcorprates.csv,gwam_dev_ds.inv_ga_typed.alm_curvealmcorprates | Slice: 2026-04-08 09:15:18.790000 to 2026-05-13 16:45:47.950000,ADB,2026-05-15T09:01:25.000424Z
2026-05-13,JPY_Public_BB,EOD,ALM,AggregatedSpread,Bond,3y.JPY_Public_BB,3y,3y,true,null,0.01353385,null,2026-05-13T16:30:06.197Z,null,1,Semi Annual,NL/365,TKB,JPY,MODFOLLOWING,CreditSpread,1080,null,1162,7074890,2,3,3316,2026-05-01,2026-05-07T10:59:11.313Z,2026-05-14,2026-05-14T13:17:15.473Z,vcurvealmcorprates.csv,gwam_dev_ds.inv_ga_typed.alm_curvealmcorprates | Slice: 2026-04-08 09:15:18.790000 to 2026-05-13 16:45:47.950000,ADB,2026-05-15T09:01:25.000424Z
2026-05-13,JPY_Public_BB,EOD,ALM,AggregatedSpread,Bond,5y.JPY_Public_BB,5y,5y,true,null,0.01171343,null,2026-05-13T16:30:06.197Z,null,1,Semi Annual,NL/365,TKB,JPY,MODFOLLOWING,CreditSpread,1800,null,1163,7074890,2,3,3316,2026-05-01,2026-05-07T10:59:11.313Z,2026-05-14,2026-05-14T13:17:15.473Z,vcurvealmcorprates.csv,gwam_dev_ds.inv_ga_typed.alm_curvealmcorprates | Slice: 2026-04-08 09:15:18.790000 to 2026-05-13 16:45:47.950000,ADB,2026-05-15T09:01:25.000424Z
2026-05-13,JPY_Public_BB,EOD,ALM,AggregatedSpread,Bond,7y.JPY_Public_BB,7y,7y,true,null,0.01048440,null,2026-05-13T16:30:06.197Z,null,1,Semi Annual,NL/365,TKB,JPY,MODFOLLOWING,CreditSpread,2520,null,1164,7074890,2,3,3316,2026-05-01,2026-05-07T10:59:11.313Z,2026-05-14,2026-05-14T13:17:15.473Z,vcurvealmcorprates.csv,gwam_dev_ds.inv_ga_typed.alm_curvealmcorprates | Slice: 2026-04-08 09:15:18.790000 to 2026-05-13 16:45:47.950000,ADB,2026-05-15T09:01:25.000424Z
2026-05-13,JPY_Public_BB,EOD,ALM,AggregatedSpread,Bond,10y.JPY_Public_BB,10y,10y,true,null,0.00998440,null,2026-05-13T16:30:06.197Z,null,1,Semi Annual,NL/365,TKB,JPY,MODFOLLOWING,CreditSpread,3600,null,1165,7074890,2,3,3316,2026-05-01,2026-05-07T10:59:11.313Z,2026-05-14,2026-05-14T13:17:15.473Z,vcurvealmcorprates.csv,gwam_dev_ds.inv_ga_typed.alm_curvealmcorprates | Slice: 2026-04-08 09:15:18.790000 to 2026-05-13 16:45:47.950000,ADB,2026-05-15T09:01:25.000424Z
2026-05-13,JPY_Public_BB,EOD,ALM,AggregatedSpread,Bond,20y.JPY_Public_BB,20y,20y,true,null,0.01388361,null,2026-05-13T16:30:06.197Z,null,1,Semi Annual,NL/365,TKB,JPY,MODFOLLOWING,CreditSpread,7200,null,1166,7074890,2,3,3316,2026-05-01,2026-05-07T10:59:11.313Z,2026-05-14,2026-05-14T13:17:15.473Z,vcurvealmcorprates.csv,gwam_dev_ds.inv_ga_typed.alm_curvealmcorprates | Slice: 2026-04-08 09:15:18.790000 to 2026-05-13 16:45:47.950000,ADB,2026-05-15T09:01:25.000424Z
2026-05-13,JPY_Public_BB,EOD,ALM,AggregatedSpread,Bond,30y.JPY_Public_BB,30y,30y,true,null,0.01538361,null,2026-05-13T16:30:06.197Z,null,1,Semi Annual,NL/365,TKB,JPY,MODFOLLOWING,CreditSpread,10800,null,1167,7074890,2,3,3316,2026-05-01,2026-05-07T10:59:11.313Z,2026-05-14,2026-05-14T13:17:15.473Z,vcurvealmcorprates.csv,gwam_dev_ds.inv_ga_typed.alm_curvealmcorprates | Slice: 2026-04-08 09:15:18.790000 to 2026-05-13 16:45:47.950000,ADB,2026-05-15T09:01:25.000424Z
