CURVEINSTANCEDATE,CURVENAME,CURVEINSTANCETYPE,CURVEDATASOURCE,RATEFORMCODE,INSTRUMENTTYPE,INSTRUMENTNAME,TENORNAME,EXTERNALLOOKUPKEY,ISSELECTED,RATEBID,RATEMID,RATEASK,DATEOFFSET,SETTLEMENTDAYLAG,COMPOUNDINGTYPE,DAYCOUNTCODE,CALENDARNAME,INSTRUMENTCURRENCY,DATEROLLMETHODNAME,CURVETYPE,TERMINDAYS,CURVEVALUATIONDATE,INSTRUMENTID,CURVEINSTANCEID,CURVEVERSION,RATEFORMID,CURVEID,LASTUPDATE,PROCESS_DATE,PROCESS_TIMESTAMP,SOURCE_FILENAME,SOURCE,CREATED_BY,INGESTION_TS
2026-05-13T00:00:00Z,Treasury_AUD_Fwd_13d,EOD,ALM,Rate,Cash,3m.Treasury_AUD,3m,3m,true,0.04384402,0.04384402,0.04384402,null,0,null,Act/360,SYB,AUD,MODFOLLOWING,RiskFree,90,null,1710,7070909,1,1,10871,2026-05-05T11:37:11.55Z,2026-05-13,2026-05-13T04:38:20.992Z,v_curverates.csv,gwam_dev_ds.inv_ga_typed.alm_curverates | Slice: 2026-04-07 16:45:04.197000 to 2026-05-13 16:45:01.437000,ADB,2026-05-15T09:01:36.776364Z
2026-05-13T00:00:00Z,Treasury_AUD_Fwd_13d,EOD,ALM,Rate,Cash,6m.Treasury_AUD,6m,6m,true,0.04518819,0.04518819,0.04518819,null,0,null,Act/360,SYB,AUD,MODFOLLOWING,RiskFree,180,null,1711,7070909,1,1,10871,2026-05-05T11:37:11.55Z,2026-05-13,2026-05-13T04:38:20.992Z,v_curverates.csv,gwam_dev_ds.inv_ga_typed.alm_curverates | Slice: 2026-04-07 16:45:04.197000 to 2026-05-13 16:45:01.437000,ADB,2026-05-15T09:01:36.776364Z
2026-05-13T00:00:00Z,Treasury_AUD_Fwd_13d,EOD,ALM,Rate,Bond,1y.Treasury_AUD,1y,1y,true,0.04738229,0.04738229,0.04738229,null,0,null,Act/360,SYB,AUD,MODFOLLOWING,RiskFree,360,null,1712,7070909,1,1,10871,2026-05-05T11:37:11.55Z,2026-05-13,2026-05-13T04:38:20.992Z,v_curverates.csv,gwam_dev_ds.inv_ga_typed.alm_curverates | Slice: 2026-04-07 16:45:04.197000 to 2026-05-13 16:45:01.437000,ADB,2026-05-15T09:01:36.776364Z
2026-05-13T00:00:00Z,Treasury_AUD_Fwd_13d,EOD,ALM,Rate,Bond,2y.Treasury_AUD,2y,2y,true,0.04781519,0.04781519,0.04781519,null,0,null,Act/360,SYB,AUD,MODFOLLOWING,RiskFree,720,null,1713,7070909,1,1,10871,2026-05-05T11:37:11.55Z,2026-05-13,2026-05-13T04:38:20.992Z,v_curverates.csv,gwam_dev_ds.inv_ga_typed.alm_curverates | Slice: 2026-04-07 16:45:04.197000 to 2026-05-13 16:45:01.437000,ADB,2026-05-15T09:01:36.776364Z
2026-05-13T00:00:00Z,Treasury_AUD_Fwd_13d,EOD,ALM,Rate,Bond,3y.Treasury_AUD,3y,3y,true,0.04769578,0.04769578,0.04769578,null,0,null,Act/360,SYB,AUD,MODFOLLOWING,RiskFree,1080,null,1714,7070909,1,1,10871,2026-05-05T11:37:11.55Z,2026-05-13,2026-05-13T04:38:20.992Z,v_curverates.csv,gwam_dev_ds.inv_ga_typed.alm_curverates | Slice: 2026-04-07 16:45:04.197000 to 2026-05-13 16:45:01.437000,ADB,2026-05-15T09:01:36.776364Z
2026-05-13T00:00:00Z,Treasury_AUD_Fwd_13d,EOD,ALM,Rate,Bond,5y.Treasury_AUD,5y,5y,true,0.04806249,0.04806249,0.04806249,null,0,null,Act/360,SYB,AUD,MODFOLLOWING,RiskFree,1800,null,1715,7070909,1,1,10871,2026-05-05T11:37:11.55Z,2026-05-13,2026-05-13T04:38:20.992Z,v_curverates.csv,gwam_dev_ds.inv_ga_typed.alm_curverates | Slice: 2026-04-07 16:45:04.197000 to 2026-05-13 16:45:01.437000,ADB,2026-05-15T09:01:36.776364Z
2026-05-13T00:00:00Z,Treasury_AUD_Fwd_13d,EOD,ALM,Rate,Bond,7y.Treasury_AUD,7y,7y,true,0.04913168,0.04913168,0.04913168,null,0,null,Act/360,SYB,AUD,MODFOLLOWING,RiskFree,2520,null,1716,7070909,1,1,10871,2026-05-05T11:37:11.55Z,2026-05-13,2026-05-13T04:38:20.992Z,v_curverates.csv,gwam_dev_ds.inv_ga_typed.alm_curverates | Slice: 2026-04-07 16:45:04.197000 to 2026-05-13 16:45:01.437000,ADB,2026-05-15T09:01:36.776364Z
2026-05-13T00:00:00Z,Treasury_AUD_Fwd_13d,EOD,ALM,Rate,Bond,10y.Treasury_AUD,10y,10y,true,0.05068841,0.05068841,0.05068841,null,0,null,Act/360,SYB,AUD,MODFOLLOWING,RiskFree,3600,null,1717,7070909,1,1,10871,2026-05-05T11:37:11.55Z,2026-05-13,2026-05-13T04:38:20.992Z,v_curverates.csv,gwam_dev_ds.inv_ga_typed.alm_curverates | Slice: 2026-04-07 16:45:04.197000 to 2026-05-13 16:45:01.437000,ADB,2026-05-15T09:01:36.776364Z
2026-05-13T00:00:00Z,Treasury_AUD_Fwd_13d,EOD,ALM,Rate,Bond,20y.Treasury_AUD,20y,20y,true,0.05417138,0.05417138,0.05417138,null,0,null,Act/360,SYB,AUD,MODFOLLOWING,RiskFree,7200,null,1718,7070909,1,1,10871,2026-05-05T11:37:11.55Z,2026-05-13,2026-05-13T04:38:20.992Z,v_curverates.csv,gwam_dev_ds.inv_ga_typed.alm_curverates | Slice: 2026-04-07 16:45:04.197000 to 2026-05-13 16:45:01.437000,ADB,2026-05-15T09:01:36.776364Z
2026-05-13T00:00:00Z,Treasury_AUD_Fwd_13d,EOD,ALM,Rate,Bond,30y.Treasury_AUD,30y,30y,true,0.05448468,0.05448468,0.05448468,null,0,null,Act/360,SYB,AUD,MODFOLLOWING,RiskFree,10800,null,1719,7070909,1,1,10871,2026-05-05T11:37:11.55Z,2026-05-13,2026-05-13T04:38:20.992Z,v_curverates.csv,gwam_dev_ds.inv_ga_typed.alm_curverates | Slice: 2026-04-07 16:45:04.197000 to 2026-05-13 16:45:01.437000,ADB,2026-05-15T09:01:36.776364Z
2026-05-13T00:00:00Z,Treasury_CAD_Fwd_13d,EOD,ALM,Rate,Cash,3m.Treasury_CAD,3m,3m,true,0.02330729,0.02330729,0.02330729,null,0,Annual,Act/365,TRB,CAD,MODFOLLOWING,RiskFree,90,null,1465,7070910,1,1,10963,2026-05-05T11:37:11.55Z,2026-05-13,2026-05-13T04:38:20.992Z,v_curverates.csv,gwam_dev_ds.inv_ga_typed.alm_curverates | Slice: 2026-04-07 16:45:04.197000 to 2026-05-13 16:45:01.437000,ADB,2026-05-15T09:01:36.776364Z
2026-05-13T00:00:00Z,Treasury_CAD_Fwd_13d,EOD,ALM,Rate,Cash,6m.Treasury_CAD,6m,6m,true,0.02479943,0.02479943,0.02479943,null,0,Annual,Act/365,TRB,CAD,MODFOLLOWING,RiskFree,180,null,1466,7070910,1,1,10963,2026-05-05T11:37:11.55Z,2026-05-13,2026-05-13T04:38:20.992Z,v_curverates.csv,gwam_dev_ds.inv_ga_typed.alm_curverates | Slice: 2026-04-07 16:45:04.197000 to 2026-05-13 16:45:01.437000,ADB,2026-05-15T09:01:36.776364Z
2026-05-13T00:00:00Z,Treasury_CAD_Fwd_13d,EOD,ALM,Rate,Cash,1y.Treasury_CAD,1y,1y,true,0.02719272,0.02719272,0.02719272,null,0,Annual,Act/365,TRB,CAD,MODFOLLOWING,RiskFree,360,null,1467,7070910,1,1,10963,2026-05-05T11:37:11.55Z,2026-05-13,2026-05-13T04:38:20.992Z,v_curverates.csv,gwam_dev_ds.inv_ga_typed.alm_curverates | Slice: 2026-04-07 16:45:04.197000 to 2026-05-13 16:45:01.437000,ADB,2026-05-15T09:01:36.776364Z
2026-05-13T00:00:00Z,Treasury_CAD_Fwd_13d,EOD,ALM,Rate,Bond,2y.Treasury_CAD,2y,2y,true,0.02966890,0.02966890,0.02966890,null,1,Semi Annual,Act/Act,TRB,CAD,MODFOLLOWING,RiskFree,720,null,1468,7070910,1,1,10963,2026-05-05T11:37:11.55Z,2026-05-13,2026-05-13T04:38:20.992Z,v_curverates.csv,gwam_dev_ds.inv_ga_typed.alm_curverates | Slice: 2026-04-07 16:45:04.197000 to 2026-05-13 16:45:01.437000,ADB,2026-05-15T09:01:36.776364Z
2026-05-13T00:00:00Z,Treasury_CAD_Fwd_13d,EOD,ALM,Rate,Bond,3y.Treasury_CAD,3y,3y,true,0.03057003,0.03057003,0.03057003,null,1,Semi Annual,Act/Act,TRB,CAD,MODFOLLOWING,RiskFree,1080,null,1469,7070910,1,1,10963,2026-05-05T11:37:11.55Z,2026-05-13,2026-05-13T04:38:20.992Z,v_curverates.csv,gwam_dev_ds.inv_ga_typed.alm_curverates | Slice: 2026-04-07 16:45:04.197000 to 2026-05-13 16:45:01.437000,ADB,2026-05-15T09:01:36.776364Z
2026-05-13T00:00:00Z,Treasury_CAD_Fwd_13d,EOD,ALM,Rate,Bond,5y.Treasury_CAD,5y,5y,true,0.03214175,0.03214175,0.03214175,null,1,Semi Annual,Act/Act,TRB,CAD,MODFOLLOWING,RiskFree,1800,null,1471,7070910,1,1,10963,2026-05-05T11:37:11.55Z,2026-05-13,2026-05-13T04:38:20.992Z,v_curverates.csv,gwam_dev_ds.inv_ga_typed.alm_curverates | Slice: 2026-04-07 16:45:04.197000 to 2026-05-13 16:45:01.437000,ADB,2026-05-15T09:01:36.776364Z
2026-05-13T00:00:00Z,Treasury_CAD_Fwd_13d,EOD,ALM,Rate,Bond,7y.Treasury_CAD,7y,7y,true,0.03374361,0.03374361,0.03374361,null,1,Semi Annual,Act/Act,TRB,CAD,MODFOLLOWING,RiskFree,2520,null,1473,7070910,1,1,10963,2026-05-05T11:37:11.55Z,2026-05-13,2026-05-13T04:38:20.992Z,v_curverates.csv,gwam_dev_ds.inv_ga_typed.alm_curverates | Slice: 2026-04-07 16:45:04.197000 to 2026-05-13 16:45:01.437000,ADB,2026-05-15T09:01:36.776364Z
2026-05-13T00:00:00Z,Treasury_CAD_Fwd_13d,EOD,ALM,Rate,Bond,10y.Treasury_CAD,10y,10y,true,0.03563325,0.03563325,0.03563325,null,1,Semi Annual,Act/Act,TRB,CAD,MODFOLLOWING,RiskFree,3600,null,1476,7070910,1,1,10963,2026-05-05T11:37:11.55Z,2026-05-13,2026-05-13T04:38:20.992Z,v_curverates.csv,gwam_dev_ds.inv_ga_typed.alm_curverates | Slice: 2026-04-07 16:45:04.197000 to 2026-05-13 16:45:01.437000,ADB,2026-05-15T09:01:36.776364Z
2026-05-13T00:00:00Z,Treasury_CAD_Fwd_13d,EOD,ALM,Rate,Bond,20y.Treasury_CAD,20y,20y,true,0.03818085,0.03818085,0.03818085,null,1,Semi Annual,Act/Act,TRB,CAD,MODFOLLOWING,RiskFree,7200,null,1478,7070910,1,1,10963,2026-05-05T11:37:11.55Z,2026-05-13,2026-05-13T04:38:20.992Z,v_curverates.csv,gwam_dev_ds.inv_ga_typed.alm_curverates | Slice: 2026-04-07 16:45:04.197000 to 2026-05-13 16:45:01.437000,ADB,2026-05-15T09:01:36.776364Z
2026-05-13T00:00:00Z,Treasury_CAD_Fwd_13d,EOD,ALM,Rate,Bond,30y.Treasury_CAD,30y,30y,true,0.03910468,0.03910468,0.03910468,null,1,Semi Annual,Act/Act,TRB,CAD,MODFOLLOWING,RiskFree,10800,null,1480,7070910,1,1,10963,2026-05-05T11:37:11.55Z,2026-05-13,2026-05-13T04:38:20.992Z,v_curverates.csv,gwam_dev_ds.inv_ga_typed.alm_curverates | Slice: 2026-04-07 16:45:04.197000 to 2026-05-13 16:45:01.437000,ADB,2026-05-15T09:01:36.776364Z
2026-05-13T00:00:00Z,Treasury_JPY_Fwd_13d,EOD,ALM,Rate,Cash,3m.Treasury_JPY,3m,3m,true,0.00841042,0.00841042,0.00841042,null,0,Semi Annual,Act/365,TKB,JPY,MODFOLLOWING,RiskFree,90,null,1482,7070911,1,1,11331,2026-05-05T11:37:11.55Z,2026-05-13,2026-05-13T04:38:20.992Z,v_curverates.csv,gwam_dev_ds.inv_ga_typed.alm_curverates | Slice: 2026-04-07 16:45:04.197000 to 2026-05-13 16:45:01.437000,ADB,2026-05-15T09:01:36.776364Z
2026-05-13T00:00:00Z,Treasury_JPY_Fwd_13d,EOD,ALM,Rate,Cash,6m.Treasury_JPY,6m,6m,true,0.00922652,0.00922652,0.00922652,null,0,Semi Annual,Act/365,TKB,JPY,MODFOLLOWING,RiskFree,180,null,1483,7070911,1,1,11331,2026-05-05T11:37:11.55Z,2026-05-13,2026-05-13T04:38:20.992Z,v_curverates.csv,gwam_dev_ds.inv_ga_typed.alm_curverates | Slice: 2026-04-07 16:45:04.197000 to 2026-05-13 16:45:01.437000,ADB,2026-05-15T09:01:36.776364Z
2026-05-13T00:00:00Z,Treasury_JPY_Fwd_13d,EOD,ALM,Rate,Bond,1y.Treasury_JPY,1y,1y,true,0.01089925,0.01089925,0.01089925,null,1,Semi Annual,NL/365,TKB,JPY,MODFOLLOWING,RiskFree,360,null,1484,7070911,1,1,11331,2026-05-05T11:37:11.55Z,2026-05-13,2026-05-13T04:38:20.992Z,v_curverates.csv,gwam_dev_ds.inv_ga_typed.alm_curverates | Slice: 2026-04-07 16:45:04.197000 to 2026-05-13 16:45:01.437000,ADB,2026-05-15T09:01:36.776364Z
2026-05-13T00:00:00Z,Treasury_JPY_Fwd_13d,EOD,ALM,Rate,Bond,2y.Treasury_JPY,2y,2y,true,0.01397115,0.01397115,0.01397115,null,1,Semi Annual,NL/365,TKB,JPY,MODFOLLOWING,RiskFree,720,null,1485,7070911,1,1,11331,2026-05-05T11:37:11.55Z,2026-05-13,2026-05-13T04:38:20.992Z,v_curverates.csv,gwam_dev_ds.inv_ga_typed.alm_curverates | Slice: 2026-04-07 16:45:04.197000 to 2026-05-13 16:45:01.437000,ADB,2026-05-15T09:01:36.776364Z
2026-05-13T00:00:00Z,Treasury_JPY_Fwd_13d,EOD,ALM,Rate,Bond,3y.Treasury_JPY,3y,3y,true,0.01589952,0.01589952,0.01589952,null,1,Semi Annual,NL/365,TKB,JPY,MODFOLLOWING,RiskFree,1080,null,1486,7070911,1,1,11331,2026-05-05T11:37:11.55Z,2026-05-13,2026-05-13T04:38:20.992Z,v_curverates.csv,gwam_dev_ds.inv_ga_typed.alm_curverates | Slice: 2026-04-07 16:45:04.197000 to 2026-05-13 16:45:01.437000,ADB,2026-05-15T09:01:36.776364Z
2026-05-13T00:00:00Z,Treasury_JPY_Fwd_13d,EOD,ALM,Rate,Bond,5y.Treasury_JPY,5y,5y,true,0.01901734,0.01901734,0.01901734,null,1,Semi Annual,NL/365,TKB,JPY,MODFOLLOWING,RiskFree,1800,null,1487,7070911,1,1,11331,2026-05-05T11:37:11.55Z,2026-05-13,2026-05-13T04:38:20.992Z,v_curverates.csv,gwam_dev_ds.inv_ga_typed.alm_curverates | Slice: 2026-04-07 16:45:04.197000 to 2026-05-13 16:45:01.437000,ADB,2026-05-15T09:01:36.776364Z
2026-05-13T00:00:00Z,Treasury_JPY_Fwd_13d,EOD,ALM,Rate,Bond,7y.Treasury_JPY,7y,7y,true,0.02182820,0.02182820,0.02182820,null,1,Semi Annual,NL/365,TKB,JPY,MODFOLLOWING,RiskFree,2520,null,1488,7070911,1,1,11331,2026-05-05T11:37:11.55Z,2026-05-13,2026-05-13T04:38:20.992Z,v_curverates.csv,gwam_dev_ds.inv_ga_typed.alm_curverates | Slice: 2026-04-07 16:45:04.197000 to 2026-05-13 16:45:01.437000,ADB,2026-05-15T09:01:36.776364Z
2026-05-13T00:00:00Z,Treasury_JPY_Fwd_13d,EOD,ALM,Rate,Bond,10y.Treasury_JPY,10y,10y,true,0.02515216,0.02515216,0.02515216,null,1,Semi Annual,NL/365,TKB,JPY,MODFOLLOWING,RiskFree,3600,null,1489,7070911,1,1,11331,2026-05-05T11:37:11.55Z,2026-05-13,2026-05-13T04:38:20.992Z,v_curverates.csv,gwam_dev_ds.inv_ga_typed.alm_curverates | Slice: 2026-04-07 16:45:04.197000 to 2026-05-13 16:45:01.437000,ADB,2026-05-15T09:01:36.776364Z
2026-05-13T00:00:00Z,Treasury_JPY_Fwd_13d,EOD,ALM,Rate,Bond,20y.Treasury_JPY,20y,20y,true,0.03403397,0.03403397,0.03403397,null,1,Semi Annual,NL/365,TKB,JPY,MODFOLLOWING,RiskFree,7200,null,1490,7070911,1,1,11331,2026-05-05T11:37:11.55Z,2026-05-13,2026-05-13T04:38:20.992Z,v_curverates.csv,gwam_dev_ds.inv_ga_typed.alm_curverates | Slice: 2026-04-07 16:45:04.197000 to 2026-05-13 16:45:01.437000,ADB,2026-05-15T09:01:36.776364Z
2026-05-13T00:00:00Z,Treasury_JPY_Fwd_13d,EOD,ALM,Rate,Bond,30y.Treasury_JPY,30y,30y,true,0.03732570,0.03732570,0.03732570,null,1,Semi Annual,NL/365,TKB,JPY,MODFOLLOWING,RiskFree,10800,null,1491,7070911,1,1,11331,2026-05-05T11:37:11.55Z,2026-05-13,2026-05-13T04:38:20.992Z,v_curverates.csv,gwam_dev_ds.inv_ga_typed.alm_curverates | Slice: 2026-04-07 16:45:04.197000 to 2026-05-13 16:45:01.437000,ADB,2026-05-15T09:01:36.776364Z
2026-05-13T00:00:00Z,Treasury_USD_Fwd_13d,EOD,ALM,Rate,Cash,3m.Treasury_USD,3m,3m,true,0.03675778,0.03675778,0.03675778,null,0,Annual,Act/360,NYB,USD,MODFOLLOWING,RiskFree,90,null,1493,7070912,1,1,11699,2026-05-05T11:37:11.55Z,2026-05-13,2026-05-13T04:38:20.992Z,v_curverates.csv,gwam_dev_ds.inv_ga_typed.alm_curverates | Slice: 2026-04-07 16:45:04.197000 to 2026-05-13 16:45:01.437000,ADB,2026-05-15T09:01:36.776364Z
2026-05-13T00:00:00Z,Treasury_USD_Fwd_13d,EOD,ALM,Rate,Cash,6m.Treasury_USD,6m,6m,true,0.03695570,0.03695570,0.03695570,null,0,Annual,Act/360,NYB,USD,MODFOLLOWING,RiskFree,180,null,1494,7070912,1,1,11699,2026-05-05T11:37:11.55Z,2026-05-13,2026-05-13T04:38:20.992Z,v_curverates.csv,gwam_dev_ds.inv_ga_typed.alm_curverates | Slice: 2026-04-07 16:45:04.197000 to 2026-05-13 16:45:01.437000,ADB,2026-05-15T09:01:36.776364Z
2026-05-13T00:00:00Z,Treasury_USD_Fwd_13d,EOD,ALM,Rate,Bond,1y.Treasury_USD,1y,1y,true,0.03728483,0.03728483,0.03728483,null,1,Semi Annual,ACT/ACT,NYB,USD,MODFOLLOWING,RiskFree,360,null,1495,7070912,1,1,11699,2026-05-05T11:37:11.55Z,2026-05-13,2026-05-13T04:38:20.992Z,v_curverates.csv,gwam_dev_ds.inv_ga_typed.alm_curverates | Slice: 2026-04-07 16:45:04.197000 to 2026-05-13 16:45:01.437000,ADB,2026-05-15T09:01:36.776364Z
2026-05-13T00:00:00Z,Treasury_USD_Fwd_13d,EOD,ALM,Rate,Bond,2y.Treasury_USD,2y,2y,true,0.03877014,0.03877014,0.03877014,null,1,Semi Annual,ACT/ACT,NYB,USD,MODFOLLOWING,RiskFree,720,null,1496,7070912,1,1,11699,2026-05-05T11:37:11.55Z,2026-05-13,2026-05-13T04:38:20.992Z,v_curverates.csv,gwam_dev_ds.inv_ga_typed.alm_curverates | Slice: 2026-04-07 16:45:04.197000 to 2026-05-13 16:45:01.437000,ADB,2026-05-15T09:01:36.776364Z
2026-05-13T00:00:00Z,Treasury_USD_Fwd_13d,EOD,ALM,Rate,Bond,3y.Treasury_USD,3y,3y,true,0.03903523,0.03903523,0.03903523,null,1,Semi Annual,ACT/ACT,NYB,USD,MODFOLLOWING,RiskFree,1080,null,1497,7070912,1,1,11699,2026-05-05T11:37:11.55Z,2026-05-13,2026-05-13T04:38:20.992Z,v_curverates.csv,gwam_dev_ds.inv_ga_typed.alm_curverates | Slice: 2026-04-07 16:45:04.197000 to 2026-05-13 16:45:01.437000,ADB,2026-05-15T09:01:36.776364Z
2026-05-13T00:00:00Z,Treasury_USD_Fwd_13d,EOD,ALM,Rate,Bond,5y.Treasury_USD,5y,5y,true,0.04014407,0.04014407,0.04014407,null,1,Semi Annual,ACT/ACT,NYB,USD,MODFOLLOWING,RiskFree,1800,null,1498,7070912,1,1,11699,2026-05-05T11:37:11.55Z,2026-05-13,2026-05-13T04:38:20.992Z,v_curverates.csv,gwam_dev_ds.inv_ga_typed.alm_curverates | Slice: 2026-04-07 16:45:04.197000 to 2026-05-13 16:45:01.437000,ADB,2026-05-15T09:01:36.776364Z
2026-05-13T00:00:00Z,Treasury_USD_Fwd_13d,EOD,ALM,Rate,Bond,7y.Treasury_USD,7y,7y,true,0.04197691,0.04197691,0.04197691,null,1,Semi Annual,ACT/ACT,NYB,USD,MODFOLLOWING,RiskFree,2520,null,1499,7070912,1,1,11699,2026-05-05T11:37:11.55Z,2026-05-13,2026-05-13T04:38:20.992Z,v_curverates.csv,gwam_dev_ds.inv_ga_typed.alm_curverates | Slice: 2026-04-07 16:45:04.197000 to 2026-05-13 16:45:01.437000,ADB,2026-05-15T09:01:36.776364Z
2026-05-13T00:00:00Z,Treasury_USD_Fwd_13d,EOD,ALM,Rate,Bond,10y.Treasury_USD,10y,10y,true,0.04394541,0.04394541,0.04394541,null,1,Semi Annual,ACT/ACT,NYB,USD,MODFOLLOWING,RiskFree,3600,null,1500,7070912,1,1,11699,2026-05-05T11:37:11.55Z,2026-05-13,2026-05-13T04:38:20.992Z,v_curverates.csv,gwam_dev_ds.inv_ga_typed.alm_curverates | Slice: 2026-04-07 16:45:04.197000 to 2026-05-13 16:45:01.437000,ADB,2026-05-15T09:01:36.776364Z
2026-05-13T00:00:00Z,Treasury_USD_Fwd_13d,EOD,ALM,Rate,Bond,20y.Treasury_USD,20y,20y,true,0.04970818,0.04970818,0.04970818,null,1,Semi Annual,ACT/ACT,NYB,USD,MODFOLLOWING,RiskFree,7200,null,1501,7070912,1,1,11699,2026-05-05T11:37:11.55Z,2026-05-13,2026-05-13T04:38:20.992Z,v_curverates.csv,gwam_dev_ds.inv_ga_typed.alm_curverates | Slice: 2026-04-07 16:45:04.197000 to 2026-05-13 16:45:01.437000,ADB,2026-05-15T09:01:36.776364Z
2026-05-13T00:00:00Z,Treasury_USD_Fwd_13d,EOD,ALM,Rate,Bond,30y.Treasury_USD,30y,30y,true,0.04978170,0.04978170,0.04978170,null,1,Semi Annual,ACT/ACT,NYB,USD,MODFOLLOWING,RiskFree,10800,null,1502,7070912,1,1,11699,2026-05-05T11:37:11.55Z,2026-05-13,2026-05-13T04:38:20.992Z,v_curverates.csv,gwam_dev_ds.inv_ga_typed.alm_curverates | Slice: 2026-04-07 16:45:04.197000 to 2026-05-13 16:45:01.437000,ADB,2026-05-15T09:01:36.776364Z
2026-05-13T00:00:00Z,Treasury_USD_w_25y_Fwd_13d,EOD,ALM,Rate,Cash,3m.Treasury_USD,3m,3m,true,0.03675778,0.03675778,0.03675778,null,0,Annual,Act/360,NYB,USD,MODFOLLOWING,RiskFree,90,null,1493,7070847,1,1,11883,2026-05-05T10:12:08.917Z,2026-05-13,2026-05-13T04:38:20.992Z,v_curverates.csv,gwam_dev_ds.inv_ga_typed.alm_curverates | Slice: 2026-04-07 16:45:04.197000 to 2026-05-13 16:45:01.437000,ADB,2026-05-15T09:01:36.776364Z
2026-05-13T00:00:00Z,Treasury_USD_w_25y_Fwd_13d,EOD,ALM,Rate,Cash,6m.Treasury_USD,6m,6m,true,0.03695570,0.03695570,0.03695570,null,0,Annual,Act/360,NYB,USD,MODFOLLOWING,RiskFree,180,null,1494,7070847,1,1,11883,2026-05-05T10:12:08.917Z,2026-05-13,2026-05-13T04:38:20.992Z,v_curverates.csv,gwam_dev_ds.inv_ga_typed.alm_curverates | Slice: 2026-04-07 16:45:04.197000 to 2026-05-13 16:45:01.437000,ADB,2026-05-15T09:01:36.776364Z
2026-05-13T00:00:00Z,Treasury_USD_w_25y_Fwd_13d,EOD,ALM,Rate,Bond,1y.Treasury_USD,1y,1y,true,0.03728483,0.03728483,0.03728483,null,1,Semi Annual,ACT/ACT,NYB,USD,MODFOLLOWING,RiskFree,360,null,1495,7070847,1,1,11883,2026-05-05T10:12:08.917Z,2026-05-13,2026-05-13T04:38:20.992Z,v_curverates.csv,gwam_dev_ds.inv_ga_typed.alm_curverates | Slice: 2026-04-07 16:45:04.197000 to 2026-05-13 16:45:01.437000,ADB,2026-05-15T09:01:36.776364Z
2026-05-13T00:00:00Z,Treasury_USD_w_25y_Fwd_13d,EOD,ALM,Rate,Bond,2y.Treasury_USD,2y,2y,true,0.03877014,0.03877014,0.03877014,null,1,Semi Annual,ACT/ACT,NYB,USD,MODFOLLOWING,RiskFree,720,null,1496,7070847,1,1,11883,2026-05-05T10:12:08.917Z,2026-05-13,2026-05-13T04:38:20.992Z,v_curverates.csv,gwam_dev_ds.inv_ga_typed.alm_curverates | Slice: 2026-04-07 16:45:04.197000 to 2026-05-13 16:45:01.437000,ADB,2026-05-15T09:01:36.776364Z
2026-05-13T00:00:00Z,Treasury_USD_w_25y_Fwd_13d,EOD,ALM,Rate,Bond,3y.Treasury_USD,3y,3y,true,0.03903523,0.03903523,0.03903523,null,1,Semi Annual,ACT/ACT,NYB,USD,MODFOLLOWING,RiskFree,1080,null,1497,7070847,1,1,11883,2026-05-05T10:12:08.917Z,2026-05-13,2026-05-13T04:38:20.992Z,v_curverates.csv,gwam_dev_ds.inv_ga_typed.alm_curverates | Slice: 2026-04-07 16:45:04.197000 to 2026-05-13 16:45:01.437000,ADB,2026-05-15T09:01:36.776364Z
2026-05-13T00:00:00Z,Treasury_USD_w_25y_Fwd_13d,EOD,ALM,Rate,Bond,5y.Treasury_USD,5y,5y,true,0.04014407,0.04014407,0.04014407,null,1,Semi Annual,ACT/ACT,NYB,USD,MODFOLLOWING,RiskFree,1800,null,1498,7070847,1,1,11883,2026-05-05T10:12:08.917Z,2026-05-13,2026-05-13T04:38:20.992Z,v_curverates.csv,gwam_dev_ds.inv_ga_typed.alm_curverates | Slice: 2026-04-07 16:45:04.197000 to 2026-05-13 16:45:01.437000,ADB,2026-05-15T09:01:36.776364Z
2026-05-13T00:00:00Z,Treasury_USD_w_25y_Fwd_13d,EOD,ALM,Rate,Bond,7y.Treasury_USD,7y,7y,true,0.04197691,0.04197691,0.04197691,null,1,Semi Annual,ACT/ACT,NYB,USD,MODFOLLOWING,RiskFree,2520,null,1499,7070847,1,1,11883,2026-05-05T10:12:08.917Z,2026-05-13,2026-05-13T04:38:20.992Z,v_curverates.csv,gwam_dev_ds.inv_ga_typed.alm_curverates | Slice: 2026-04-07 16:45:04.197000 to 2026-05-13 16:45:01.437000,ADB,2026-05-15T09:01:36.776364Z
2026-05-13T00:00:00Z,Treasury_USD_w_25y_Fwd_13d,EOD,ALM,Rate,Bond,10y.Treasury_USD,10y,10y,true,0.04394541,0.04394541,0.04394541,null,1,Semi Annual,ACT/ACT,NYB,USD,MODFOLLOWING,RiskFree,3600,null,1500,7070847,1,1,11883,2026-05-05T10:12:08.917Z,2026-05-13,2026-05-13T04:38:20.992Z,v_curverates.csv,gwam_dev_ds.inv_ga_typed.alm_curverates | Slice: 2026-04-07 16:45:04.197000 to 2026-05-13 16:45:01.437000,ADB,2026-05-15T09:01:36.776364Z
2026-05-13T00:00:00Z,Treasury_USD_w_25y_Fwd_13d,EOD,ALM,Rate,Bond,20y.Treasury_USD,20y,20y,true,0.04971662,0.04971662,0.04971662,null,1,Semi Annual,ACT/ACT,NYB,USD,MODFOLLOWING,RiskFree,7200,null,1501,7070847,1,1,11883,2026-05-05T10:12:08.917Z,2026-05-13,2026-05-13T04:38:20.992Z,v_curverates.csv,gwam_dev_ds.inv_ga_typed.alm_curverates | Slice: 2026-04-07 16:45:04.197000 to 2026-05-13 16:45:01.437000,ADB,2026-05-15T09:01:36.776364Z
2026-05-13T00:00:00Z,Treasury_USD_w_25y_Fwd_13d,EOD,ALM,Rate,Bond,30y.Treasury_USD,30y,30y,true,0.04978183,0.04978183,0.04978183,null,1,Semi Annual,ACT/ACT,NYB,USD,MODFOLLOWING,RiskFree,10800,null,1502,7070847,1,1,11883,2026-05-05T10:12:08.917Z,2026-05-13,2026-05-13T04:38:20.992Z,v_curverates.csv,gwam_dev_ds.inv_ga_typed.alm_curverates | Slice: 2026-04-07 16:45:04.197000 to 2026-05-13 16:45:01.437000,ADB,2026-05-15T09:01:36.776364Z
2026-05-13T00:00:00Z,Treasury_USD_w_25y_Fwd_13d,EOD,ALM,Rate,Bond,25y.Treasury_USD,25y,25y,true,0.05086153,0.05086153,0.05086153,null,1,Semi Annual,ACT/ACT,NYB,USD,MODFOLLOWING,RiskFree,9000,null,6271,7070847,1,1,11883,2026-05-05T10:12:08.917Z,2026-05-13,2026-05-13T04:38:20.992Z,v_curverates.csv,gwam_dev_ds.inv_ga_typed.alm_curverates | Slice: 2026-04-07 16:45:04.197000 to 2026-05-13 16:45:01.437000,ADB,2026-05-15T09:01:36.776364Z
2026-05-13T00:00:00Z,Treasury_CAD,EOD,ALM,Rate,Cash,1m.Treasury_CAD,1m,1m,true,0.02298071,0.02271143,0.02244143,31,0,Annual,Act/365,TRB,CAD,MODFOLLOWING,RiskFree,30,null,1464,7207300,1,1,47,2026-05-13T16:38:26.613Z,2026-05-14,2026-05-14T13:17:15.46Z,v_curverates.csv,gwam_dev_ds.inv_ga_typed.alm_curverates | Slice: 2026-04-07 16:45:04.197000 to 2026-05-13 16:45:01.437000,ADB,2026-05-15T09:01:36.776364Z
2026-05-13T00:00:00Z,Treasury_CAD,EOD,ALM,Rate,Cash,3m.Treasury_CAD,3m,3m,true,0.02313271,0.02300286,0.02288300,92,0,Annual,Act/365,TRB,CAD,MODFOLLOWING,RiskFree,90,null,1465,7207300,1,1,47,2026-05-13T16:38:26.613Z,2026-05-14,2026-05-14T13:17:15.46Z,v_curverates.csv,gwam_dev_ds.inv_ga_typed.alm_curverates | Slice: 2026-04-07 16:45:04.197000 to 2026-05-13 16:45:01.437000,ADB,2026-05-15T09:01:36.776364Z
2026-05-13T00:00:00Z,Treasury_CAD,EOD,ALM,Rate,Cash,6m.Treasury_CAD,6m,6m,true,0.02434742,0.02422615,0.02411363,184,0,Annual,Act/365,TRB,CAD,MODFOLLOWING,RiskFree,180,null,1466,7207300,1,1,47,2026-05-13T16:38:26.613Z,2026-05-14,2026-05-14T13:17:15.46Z,v_curverates.csv,gwam_dev_ds.inv_ga_typed.alm_curverates | Slice: 2026-04-07 16:45:04.197000 to 2026-05-13 16:45:01.437000,ADB,2026-05-15T09:01:36.776364Z
2026-05-13T00:00:00Z,Treasury_CAD,EOD,ALM,Rate,Cash,1y.Treasury_CAD,1y,1y,true,0.02685144,0.02672787,0.02660431,365,0,Annual,Act/365,TRB,CAD,MODFOLLOWING,RiskFree,360,null,1467,7207300,1,1,47,2026-05-13T16:38:26.613Z,2026-05-14,2026-05-14T13:17:15.46Z,v_curverates.csv,gwam_dev_ds.inv_ga_typed.alm_curverates | Slice: 2026-04-07 16:45:04.197000 to 2026-05-13 16:45:01.437000,ADB,2026-05-15T09:01:36.776364Z
2026-05-13T00:00:00Z,Treasury_CAD,EOD,ALM,Rate,Bond,2y.Treasury_CAD,2y,2y,true,0.02964276,0.02962237,0.02960237,731,1,Semi Annual,Act/Act,TRB,CAD,MODFOLLOWING,RiskFree,720,null,1468,7207300,1,1,47,2026-05-13T16:38:26.613Z,2026-05-14,2026-05-14T13:17:15.46Z,v_curverates.csv,gwam_dev_ds.inv_ga_typed.alm_curverates | Slice: 2026-04-07 16:45:04.197000 to 2026-05-13 16:45:01.437000,ADB,2026-05-15T09:01:36.776364Z
2026-05-13T00:00:00Z,Treasury_CAD,EOD,ALM,Rate,Bond,3y.Treasury_CAD,3y,3y,true,0.03062300,0.03059500,0.03057500,1096,1,Semi Annual,Act/Act,TRB,CAD,MODFOLLOWING,RiskFree,1080,null,1469,7207300,1,1,47,2026-05-13T16:38:26.613Z,2026-05-14,2026-05-14T13:17:15.46Z,v_curverates.csv,gwam_dev_ds.inv_ga_typed.alm_curverates | Slice: 2026-04-07 16:45:04.197000 to 2026-05-13 16:45:01.437000,ADB,2026-05-15T09:01:36.776364Z
2026-05-13T00:00:00Z,Treasury_CAD,EOD,ALM,Rate,Bond,5y.Treasury_CAD,5y,5y,true,0.03242830,0.03241830,0.03239944,1826,1,Semi Annual,Act/Act,TRB,CAD,MODFOLLOWING,RiskFree,1800,null,1471,7207300,1,1,47,2026-05-13T16:38:26.613Z,2026-05-14,2026-05-14T13:17:15.46Z,v_curverates.csv,gwam_dev_ds.inv_ga_typed.alm_curverates | Slice: 2026-04-07 16:45:04.197000 to 2026-05-13 16:45:01.437000,ADB,2026-05-15T09:01:36.776364Z
2026-05-13T00:00:00Z,Treasury_CAD,EOD,ALM,Rate,Bond,7y.Treasury_CAD,7y,7y,true,0.03397260,0.03396111,0.03395111,2557,1,Semi Annual,Act/Act,TRB,CAD,MODFOLLOWING,RiskFree,2520,null,1473,7207300,1,1,47,2026-05-13T16:38:26.613Z,2026-05-14,2026-05-14T13:17:15.46Z,v_curverates.csv,gwam_dev_ds.inv_ga_typed.alm_curverates | Slice: 2026-04-07 16:45:04.197000 to 2026-05-13 16:45:01.437000,ADB,2026-05-15T09:01:36.776364Z
2026-05-13T00:00:00Z,Treasury_CAD,EOD,ALM,Rate,Bond,10y.Treasury_CAD,10y,10y,true,0.03586864,0.03584864,0.03583775,3653,1,Semi Annual,Act/Act,TRB,CAD,MODFOLLOWING,RiskFree,3600,null,1476,7207300,1,1,47,2026-05-13T16:38:26.613Z,2026-05-14,2026-05-14T13:17:15.46Z,v_curverates.csv,gwam_dev_ds.inv_ga_typed.alm_curverates | Slice: 2026-04-07 16:45:04.197000 to 2026-05-13 16:45:01.437000,ADB,2026-05-15T09:01:36.776364Z
2026-05-13T00:00:00Z,Treasury_CAD,EOD,ALM,Rate,Bond,20y.Treasury_CAD,20y,20y,true,0.03822091,0.03820091,0.03817091,7305,1,Semi Annual,Act/Act,TRB,CAD,MODFOLLOWING,RiskFree,7200,null,1478,7207300,1,1,47,2026-05-13T16:38:26.613Z,2026-05-14,2026-05-14T13:17:15.46Z,v_curverates.csv,gwam_dev_ds.inv_ga_typed.alm_curverates | Slice: 2026-04-07 16:45:04.197000 to 2026-05-13 16:45:01.437000,ADB,2026-05-15T09:01:36.776364Z
2026-05-13T00:00:00Z,Treasury_CAD,EOD,ALM,Rate,Bond,30y.Treasury_CAD,30y,30y,true,0.03913770,0.03911770,0.03908770,10958,1,Semi Annual,Act/Act,TRB,CAD,MODFOLLOWING,RiskFree,10800,null,1480,7207300,1,1,47,2026-05-13T16:38:26.613Z,2026-05-14,2026-05-14T13:17:15.46Z,v_curverates.csv,gwam_dev_ds.inv_ga_typed.alm_curverates | Slice: 2026-04-07 16:45:04.197000 to 2026-05-13 16:45:01.437000,ADB,2026-05-15T09:01:36.776364Z
2026-05-13T00:00:00Z,Treasury_JPY,EOD,ALM,Rate,Cash,1m.Treasury_JPY,1m,1m,false,0.00766600,0.00746700,0.00726700,31,0,Semi Annual,Act/365,TKB,JPY,MODFOLLOWING,RiskFree,30,null,1481,7207353,1,1,48,2026-05-13T16:38:32.77Z,2026-05-14,2026-05-14T13:17:15.46Z,v_curverates.csv,gwam_dev_ds.inv_ga_typed.alm_curverates | Slice: 2026-04-07 16:45:04.197000 to 2026-05-13 16:45:01.437000,ADB,2026-05-15T09:01:36.776364Z
2026-05-13T00:00:00Z,Treasury_JPY,EOD,ALM,Rate,Cash,3m.Treasury_JPY,3m,3m,true,0.00885100,0.00865900,0.00846600,92,0,Semi Annual,Act/365,TKB,JPY,MODFOLLOWING,RiskFree,90,null,1482,7207353,1,1,48,2026-05-13T16:38:32.77Z,2026-05-14,2026-05-14T13:17:15.46Z,v_curverates.csv,gwam_dev_ds.inv_ga_typed.alm_curverates | Slice: 2026-04-07 16:45:04.197000 to 2026-05-13 16:45:01.437000,ADB,2026-05-15T09:01:36.776364Z
2026-05-13T00:00:00Z,Treasury_JPY,EOD,ALM,Rate,Cash,6m.Treasury_JPY,6m,6m,true,0.00962300,0.00939600,0.00916800,184,0,Semi Annual,Act/365,TKB,JPY,MODFOLLOWING,RiskFree,180,null,1483,7207353,1,1,48,2026-05-13T16:38:32.77Z,2026-05-14,2026-05-14T13:17:15.46Z,v_curverates.csv,gwam_dev_ds.inv_ga_typed.alm_curverates | Slice: 2026-04-07 16:45:04.197000 to 2026-05-13 16:45:01.437000,ADB,2026-05-15T09:01:36.776364Z
2026-05-13T00:00:00Z,Treasury_JPY,EOD,ALM,Rate,Bond,1y.Treasury_JPY,1y,1y,true,0.01085000,0.01085000,0.01085000,365,1,Semi Annual,NL/365,TKB,JPY,MODFOLLOWING,RiskFree,360,null,1484,7207353,1,1,48,2026-05-13T16:38:32.77Z,2026-05-14,2026-05-14T13:17:15.46Z,v_curverates.csv,gwam_dev_ds.inv_ga_typed.alm_curverates | Slice: 2026-04-07 16:45:04.197000 to 2026-05-13 16:45:01.437000,ADB,2026-05-15T09:01:36.776364Z
2026-05-13T00:00:00Z,Treasury_JPY,EOD,ALM,Rate,Bond,2y.Treasury_JPY,2y,2y,true,0.01394000,0.01394000,0.01394000,731,1,Semi Annual,NL/365,TKB,JPY,MODFOLLOWING,RiskFree,720,null,1485,7207353,1,1,48,2026-05-13T16:38:32.77Z,2026-05-14,2026-05-14T13:17:15.46Z,v_curverates.csv,gwam_dev_ds.inv_ga_typed.alm_curverates | Slice: 2026-04-07 16:45:04.197000 to 2026-05-13 16:45:01.437000,ADB,2026-05-15T09:01:36.776364Z
2026-05-13T00:00:00Z,Treasury_JPY,EOD,ALM,Rate,Bond,3y.Treasury_JPY,3y,3y,true,0.01601000,0.01601000,0.01601000,1096,1,Semi Annual,NL/365,TKB,JPY,MODFOLLOWING,RiskFree,1080,null,1486,7207353,1,1,48,2026-05-13T16:38:32.77Z,2026-05-14,2026-05-14T13:17:15.46Z,v_curverates.csv,gwam_dev_ds.inv_ga_typed.alm_curverates | Slice: 2026-04-07 16:45:04.197000 to 2026-05-13 16:45:01.437000,ADB,2026-05-15T09:01:36.776364Z
2026-05-13T00:00:00Z,Treasury_JPY,EOD,ALM,Rate,Bond,5y.Treasury_JPY,5y,5y,true,0.01925000,0.01925000,0.01925000,1826,1,Semi Annual,NL/365,TKB,JPY,MODFOLLOWING,RiskFree,1800,null,1487,7207353,1,1,48,2026-05-13T16:38:32.77Z,2026-05-14,2026-05-14T13:17:15.46Z,v_curverates.csv,gwam_dev_ds.inv_ga_typed.alm_curverates | Slice: 2026-04-07 16:45:04.197000 to 2026-05-13 16:45:01.437000,ADB,2026-05-15T09:01:36.776364Z
2026-05-13T00:00:00Z,Treasury_JPY,EOD,ALM,Rate,Bond,7y.Treasury_JPY,7y,7y,true,0.02219000,0.02219000,0.02219000,2557,1,Semi Annual,NL/365,TKB,JPY,MODFOLLOWING,RiskFree,2520,null,1488,7207353,1,1,48,2026-05-13T16:38:32.77Z,2026-05-14,2026-05-14T13:17:15.46Z,v_curverates.csv,gwam_dev_ds.inv_ga_typed.alm_curverates | Slice: 2026-04-07 16:45:04.197000 to 2026-05-13 16:45:01.437000,ADB,2026-05-15T09:01:36.776364Z
2026-05-13T00:00:00Z,Treasury_JPY,EOD,ALM,Rate,Bond,10y.Treasury_JPY,10y,10y,true,0.02568000,0.02568000,0.02568000,3653,1,Semi Annual,NL/365,TKB,JPY,MODFOLLOWING,RiskFree,3600,null,1489,7207353,1,1,48,2026-05-13T16:38:32.77Z,2026-05-14,2026-05-14T13:17:15.46Z,v_curverates.csv,gwam_dev_ds.inv_ga_typed.alm_curverates | Slice: 2026-04-07 16:45:04.197000 to 2026-05-13 16:45:01.437000,ADB,2026-05-15T09:01:36.776364Z
2026-05-13T00:00:00Z,Treasury_JPY,EOD,ALM,Rate,Bond,20y.Treasury_JPY,20y,20y,true,0.03462000,0.03462000,0.03462000,7305,1,Semi Annual,NL/365,TKB,JPY,MODFOLLOWING,RiskFree,7200,null,1490,7207353,1,1,48,2026-05-13T16:38:32.77Z,2026-05-14,2026-05-14T13:17:15.46Z,v_curverates.csv,gwam_dev_ds.inv_ga_typed.alm_curverates | Slice: 2026-04-07 16:45:04.197000 to 2026-05-13 16:45:01.437000,ADB,2026-05-15T09:01:36.776364Z
2026-05-13T00:00:00Z,Treasury_JPY,EOD,ALM,Rate,Bond,30y.Treasury_JPY,30y,30y,true,0.03790000,0.03790000,0.03790000,10958,1,Semi Annual,NL/365,TKB,JPY,MODFOLLOWING,RiskFree,10800,null,1491,7207353,1,1,48,2026-05-13T16:38:32.77Z,2026-05-14,2026-05-14T13:17:15.46Z,v_curverates.csv,gwam_dev_ds.inv_ga_typed.alm_curverates | Slice: 2026-04-07 16:45:04.197000 to 2026-05-13 16:45:01.437000,ADB,2026-05-15T09:01:36.776364Z
2026-05-13T00:00:00Z,Treasury_USD,EOD,ALM,Rate,Cash,1m.Treasury_USD,1m,1m,true,0.03658800,0.03652800,0.03646800,31,0,Annual,Act/360,NYB,USD,MODFOLLOWING,RiskFree,30,null,1492,7207314,2,1,3374,2026-05-13T16:38:28.247Z,2026-05-14,2026-05-14T13:17:15.46Z,v_curverates.csv,gwam_dev_ds.inv_ga_typed.alm_curverates | Slice: 2026-04-07 16:45:04.197000 to 2026-05-13 16:45:01.437000,ADB,2026-05-15T09:01:36.776364Z
2026-05-13T00:00:00Z,Treasury_USD_w_25y,EOD,ALM,Rate,Cash,1m.Treasury_USD,1m,1m,true,0.03658800,0.03652800,0.03646800,null,0,Annual,Act/360,NYB,USD,MODFOLLOWING,RiskFree,30,null,1492,7207356,1,1,10011,2026-05-13T16:45:01.437Z,2026-05-14,2026-05-14T13:17:15.46Z,v_curverates.csv,gwam_dev_ds.inv_ga_typed.alm_curverates | Slice: 2026-04-07 16:45:04.197000 to 2026-05-13 16:45:01.437000,ADB,2026-05-15T09:01:36.776364Z
2026-05-13T00:00:00Z,Treasury_USD_w_25y,EOD,ALM,Rate,Cash,3m.Treasury_USD,3m,3m,true,0.03693000,0.03685000,0.03678000,null,0,Annual,Act/360,NYB,USD,MODFOLLOWING,RiskFree,90,null,1493,7207356,1,1,10011,2026-05-13T16:45:01.437Z,2026-05-14,2026-05-14T13:17:15.46Z,v_curverates.csv,gwam_dev_ds.inv_ga_typed.alm_curverates | Slice: 2026-04-07 16:45:04.197000 to 2026-05-13 16:45:01.437000,ADB,2026-05-15T09:01:36.776364Z
2026-05-13T00:00:00Z,Treasury_USD,EOD,ALM,Rate,Cash,3m.Treasury_USD,3m,3m,true,0.03693000,0.03685000,0.03678000,92,0,Annual,Act/360,NYB,USD,MODFOLLOWING,RiskFree,90,null,1493,7207314,2,1,3374,2026-05-13T16:38:28.247Z,2026-05-14,2026-05-14T13:17:15.46Z,v_curverates.csv,gwam_dev_ds.inv_ga_typed.alm_curverates | Slice: 2026-04-07 16:45:04.197000 to 2026-05-13 16:45:01.437000,ADB,2026-05-15T09:01:36.776364Z
2026-05-13T00:00:00Z,Treasury_USD,EOD,ALM,Rate,Cash,6m.Treasury_USD,6m,6m,true,0.03733000,0.03728000,0.03723000,183,0,Annual,Act/360,NYB,USD,MODFOLLOWING,RiskFree,180,null,1494,7207314,2,1,3374,2026-05-13T16:38:28.247Z,2026-05-14,2026-05-14T13:17:15.46Z,v_curverates.csv,gwam_dev_ds.inv_ga_typed.alm_curverates | Slice: 2026-04-07 16:45:04.197000 to 2026-05-13 16:45:01.437000,ADB,2026-05-15T09:01:36.776364Z
2026-05-13T00:00:00Z,Treasury_USD_w_25y,EOD,ALM,Rate,Cash,6m.Treasury_USD,6m,6m,true,0.03733000,0.03728000,0.03723000,null,0,Annual,Act/360,NYB,USD,MODFOLLOWING,RiskFree,180,null,1494,7207356,1,1,10011,2026-05-13T16:45:01.437Z,2026-05-14,2026-05-14T13:17:15.46Z,v_curverates.csv,gwam_dev_ds.inv_ga_typed.alm_curverates | Slice: 2026-04-07 16:45:04.197000 to 2026-05-13 16:45:01.437000,ADB,2026-05-15T09:01:36.776364Z
2026-05-13T00:00:00Z,Treasury_USD_w_25y,EOD,ALM,Rate,Bond,1y.Treasury_USD,1y,1y,true,0.03789000,0.03784000,0.03779000,null,1,Semi Annual,ACT/ACT,NYB,USD,MODFOLLOWING,RiskFree,360,null,1495,7207356,1,1,10011,2026-05-13T16:45:01.437Z,2026-05-14,2026-05-14T13:17:15.46Z,v_curverates.csv,gwam_dev_ds.inv_ga_typed.alm_curverates | Slice: 2026-04-07 16:45:04.197000 to 2026-05-13 16:45:01.437000,ADB,2026-05-15T09:01:36.776364Z
2026-05-13T00:00:00Z,Treasury_USD,EOD,ALM,Rate,Bond,1y.Treasury_USD,1y,1y,true,0.03789000,0.03784000,0.03779000,365,1,Semi Annual,ACT/ACT,NYB,USD,MODFOLLOWING,RiskFree,360,null,1495,7207314,2,1,3374,2026-05-13T16:38:28.247Z,2026-05-14,2026-05-14T13:17:15.46Z,v_curverates.csv,gwam_dev_ds.inv_ga_typed.alm_curverates | Slice: 2026-04-07 16:45:04.197000 to 2026-05-13 16:45:01.437000,ADB,2026-05-15T09:01:36.776364Z
2026-05-13T00:00:00Z,Treasury_USD,EOD,ALM,Rate,Bond,2y.Treasury_USD,2y,2y,true,0.03982334,0.03981334,0.03980300,731,1,Semi Annual,ACT/ACT,NYB,USD,MODFOLLOWING,RiskFree,720,null,1496,7207314,2,1,3374,2026-05-13T16:38:28.247Z,2026-05-14,2026-05-14T13:17:15.46Z,v_curverates.csv,gwam_dev_ds.inv_ga_typed.alm_curverates | Slice: 2026-04-07 16:45:04.197000 to 2026-05-13 16:45:01.437000,ADB,2026-05-15T09:01:36.776364Z
2026-05-13T00:00:00Z,Treasury_USD_w_25y,EOD,ALM,Rate,Bond,2y.Treasury_USD,2y,2y,true,0.03982334,0.03981334,0.03980300,null,1,Semi Annual,ACT/ACT,NYB,USD,MODFOLLOWING,RiskFree,720,null,1496,7207356,1,1,10011,2026-05-13T16:45:01.437Z,2026-05-14,2026-05-14T13:17:15.46Z,v_curverates.csv,gwam_dev_ds.inv_ga_typed.alm_curverates | Slice: 2026-04-07 16:45:04.197000 to 2026-05-13 16:45:01.437000,ADB,2026-05-15T09:01:36.776364Z
2026-05-13T00:00:00Z,Treasury_USD_w_25y,EOD,ALM,Rate,Bond,3y.Treasury_USD,3y,3y,true,0.04019795,0.04018795,0.04016800,null,1,Semi Annual,ACT/ACT,NYB,USD,MODFOLLOWING,RiskFree,1080,null,1497,7207356,1,1,10011,2026-05-13T16:45:01.437Z,2026-05-14,2026-05-14T13:17:15.46Z,v_curverates.csv,gwam_dev_ds.inv_ga_typed.alm_curverates | Slice: 2026-04-07 16:45:04.197000 to 2026-05-13 16:45:01.437000,ADB,2026-05-15T09:01:36.776364Z
2026-05-13T00:00:00Z,Treasury_USD,EOD,ALM,Rate,Bond,3y.Treasury_USD,3y,3y,true,0.04019795,0.04018795,0.04016800,1096,1,Semi Annual,ACT/ACT,NYB,USD,MODFOLLOWING,RiskFree,1080,null,1497,7207314,2,1,3374,2026-05-13T16:38:28.247Z,2026-05-14,2026-05-14T13:17:15.46Z,v_curverates.csv,gwam_dev_ds.inv_ga_typed.alm_curverates | Slice: 2026-04-07 16:45:04.197000 to 2026-05-13 16:45:01.437000,ADB,2026-05-15T09:01:36.776364Z
2026-05-13T00:00:00Z,Treasury_USD,EOD,ALM,Rate,Bond,5y.Treasury_USD,5y,5y,true,0.04121988,0.04121005,0.04120005,1826,1,Semi Annual,ACT/ACT,NYB,USD,MODFOLLOWING,RiskFree,1800,null,1498,7207314,2,1,3374,2026-05-13T16:38:28.247Z,2026-05-14,2026-05-14T13:17:15.46Z,v_curverates.csv,gwam_dev_ds.inv_ga_typed.alm_curverates | Slice: 2026-04-07 16:45:04.197000 to 2026-05-13 16:45:01.437000,ADB,2026-05-15T09:01:36.776364Z
2026-05-13T00:00:00Z,Treasury_USD_w_25y,EOD,ALM,Rate,Bond,5y.Treasury_USD,5y,5y,true,0.04121988,0.04121005,0.04120005,null,1,Semi Annual,ACT/ACT,NYB,USD,MODFOLLOWING,RiskFree,1800,null,1498,7207356,1,1,10011,2026-05-13T16:45:01.437Z,2026-05-14,2026-05-14T13:17:15.46Z,v_curverates.csv,gwam_dev_ds.inv_ga_typed.alm_curverates | Slice: 2026-04-07 16:45:04.197000 to 2026-05-13 16:45:01.437000,ADB,2026-05-15T09:01:36.776364Z
2026-05-13T00:00:00Z,Treasury_USD_w_25y,EOD,ALM,Rate,Bond,7y.Treasury_USD,7y,7y,true,0.04289153,0.04289141,0.04288153,null,1,Semi Annual,ACT/ACT,NYB,USD,MODFOLLOWING,RiskFree,2520,null,1499,7207356,1,1,10011,2026-05-13T16:45:01.437Z,2026-05-14,2026-05-14T13:17:15.46Z,v_curverates.csv,gwam_dev_ds.inv_ga_typed.alm_curverates | Slice: 2026-04-07 16:45:04.197000 to 2026-05-13 16:45:01.437000,ADB,2026-05-15T09:01:36.776364Z
2026-05-13T00:00:00Z,Treasury_USD,EOD,ALM,Rate,Bond,7y.Treasury_USD,7y,7y,true,0.04289153,0.04289141,0.04288153,2557,1,Semi Annual,ACT/ACT,NYB,USD,MODFOLLOWING,RiskFree,2520,null,1499,7207314,2,1,3374,2026-05-13T16:38:28.247Z,2026-05-14,2026-05-14T13:17:15.46Z,v_curverates.csv,gwam_dev_ds.inv_ga_typed.alm_curverates | Slice: 2026-04-07 16:45:04.197000 to 2026-05-13 16:45:01.437000,ADB,2026-05-15T09:01:36.776364Z
2026-05-13T00:00:00Z,Treasury_USD,EOD,ALM,Rate,Bond,10y.Treasury_USD,10y,10y,true,0.04470669,0.04469671,0.04469669,3653,1,Semi Annual,ACT/ACT,NYB,USD,MODFOLLOWING,RiskFree,3600,null,1500,7207314,2,1,3374,2026-05-13T16:38:28.247Z,2026-05-14,2026-05-14T13:17:15.46Z,v_curverates.csv,gwam_dev_ds.inv_ga_typed.alm_curverates | Slice: 2026-04-07 16:45:04.197000 to 2026-05-13 16:45:01.437000,ADB,2026-05-15T09:01:36.776364Z
2026-05-13T00:00:00Z,Treasury_USD_w_25y,EOD,ALM,Rate,Bond,10y.Treasury_USD,10y,10y,true,0.04470669,0.04469671,0.04469669,null,1,Semi Annual,ACT/ACT,NYB,USD,MODFOLLOWING,RiskFree,3600,null,1500,7207356,1,1,10011,2026-05-13T16:45:01.437Z,2026-05-14,2026-05-14T13:17:15.46Z,v_curverates.csv,gwam_dev_ds.inv_ga_typed.alm_curverates | Slice: 2026-04-07 16:45:04.197000 to 2026-05-13 16:45:01.437000,ADB,2026-05-15T09:01:36.776364Z
2026-05-13T00:00:00Z,Treasury_USD_w_25y,EOD,ALM,Rate,Bond,20y.Treasury_USD,20y,20y,true,0.05033167,0.05032167,0.05030191,null,1,Semi Annual,ACT/ACT,NYB,USD,MODFOLLOWING,RiskFree,7200,null,1501,7207356,1,1,10011,2026-05-13T16:45:01.437Z,2026-05-14,2026-05-14T13:17:15.46Z,v_curverates.csv,gwam_dev_ds.inv_ga_typed.alm_curverates | Slice: 2026-04-07 16:45:04.197000 to 2026-05-13 16:45:01.437000,ADB,2026-05-15T09:01:36.776364Z
2026-05-13T00:00:00Z,Treasury_USD,EOD,ALM,Rate,Bond,20y.Treasury_USD,20y,20y,true,0.05033167,0.05032167,0.05030191,7305,1,Semi Annual,ACT/ACT,NYB,USD,MODFOLLOWING,RiskFree,7200,null,1501,7207314,2,1,3374,2026-05-13T16:38:28.247Z,2026-05-14,2026-05-14T13:17:15.46Z,v_curverates.csv,gwam_dev_ds.inv_ga_typed.alm_curverates | Slice: 2026-04-07 16:45:04.197000 to 2026-05-13 16:45:01.437000,ADB,2026-05-15T09:01:36.776364Z
2026-05-13T00:00:00Z,Treasury_USD,EOD,ALM,Rate,Bond,30y.Treasury_USD,30y,30y,true,0.05040169,0.05039169,0.05038193,10958,1,Semi Annual,ACT/ACT,NYB,USD,MODFOLLOWING,RiskFree,10800,null,1502,7207314,2,1,3374,2026-05-13T16:38:28.247Z,2026-05-14,2026-05-14T13:17:15.46Z,v_curverates.csv,gwam_dev_ds.inv_ga_typed.alm_curverates | Slice: 2026-04-07 16:45:04.197000 to 2026-05-13 16:45:01.437000,ADB,2026-05-15T09:01:36.776364Z
2026-05-13T00:00:00Z,Treasury_USD_w_25y,EOD,ALM,Rate,Bond,30y.Treasury_USD,30y,30y,true,0.05040169,0.05039169,0.05038193,null,1,Semi Annual,ACT/ACT,NYB,USD,MODFOLLOWING,RiskFree,10800,null,1502,7207356,1,1,10011,2026-05-13T16:45:01.437Z,2026-05-14,2026-05-14T13:17:15.46Z,v_curverates.csv,gwam_dev_ds.inv_ga_typed.alm_curverates | Slice: 2026-04-07 16:45:04.197000 to 2026-05-13 16:45:01.437000,ADB,2026-05-15T09:01:36.776364Z
2026-05-13T00:00:00Z,Treasury_AUD,EOD,ALM,Rate,Cash,1m.Treasury_AUD,1m,3m,true,0.04407200,0.04407200,null,92,0,null,Act/360,SYB,AUD,MODFOLLOWING,RiskFree,30,null,1709,7207297,1,1,3318,2026-05-13T16:38:26.373Z,2026-05-14,2026-05-14T13:17:15.46Z,v_curverates.csv,gwam_dev_ds.inv_ga_typed.alm_curverates | Slice: 2026-04-07 16:45:04.197000 to 2026-05-13 16:45:01.437000,ADB,2026-05-15T09:01:36.776364Z
2026-05-13T00:00:00Z,Treasury_AUD,EOD,ALM,Rate,Cash,3m.Treasury_AUD,3m,3m,true,0.04407200,0.04407200,null,92,0,null,Act/360,SYB,AUD,MODFOLLOWING,RiskFree,90,null,1710,7207297,1,1,3318,2026-05-13T16:38:26.373Z,2026-05-14,2026-05-14T13:17:15.46Z,v_curverates.csv,gwam_dev_ds.inv_ga_typed.alm_curverates | Slice: 2026-04-07 16:45:04.197000 to 2026-05-13 16:45:01.437000,ADB,2026-05-15T09:01:36.776364Z
2026-05-13T00:00:00Z,Treasury_AUD,EOD,ALM,Rate,Cash,6m.Treasury_AUD,6m,6m,true,0.04514634,0.04514634,null,184,0,null,Act/360,SYB,AUD,MODFOLLOWING,RiskFree,180,null,1711,7207297,1,1,3318,2026-05-13T16:38:26.373Z,2026-05-14,2026-05-14T13:17:15.46Z,v_curverates.csv,gwam_dev_ds.inv_ga_typed.alm_curverates | Slice: 2026-04-07 16:45:04.197000 to 2026-05-13 16:45:01.437000,ADB,2026-05-15T09:01:36.776364Z
2026-05-13T00:00:00Z,Treasury_AUD,EOD,ALM,Rate,Bond,1y.Treasury_AUD,1y,1y,true,0.04726000,0.04726000,null,365,0,null,Act/360,SYB,AUD,MODFOLLOWING,RiskFree,360,null,1712,7207297,1,1,3318,2026-05-13T16:38:26.373Z,2026-05-14,2026-05-14T13:17:15.46Z,v_curverates.csv,gwam_dev_ds.inv_ga_typed.alm_curverates | Slice: 2026-04-07 16:45:04.197000 to 2026-05-13 16:45:01.437000,ADB,2026-05-15T09:01:36.776364Z
2026-05-13T00:00:00Z,Treasury_AUD,EOD,ALM,Rate,Bond,2y.Treasury_AUD,2y,2y,true,0.04741800,0.04741800,null,731,0,null,Act/360,SYB,AUD,MODFOLLOWING,RiskFree,720,null,1713,7207297,1,1,3318,2026-05-13T16:38:26.373Z,2026-05-14,2026-05-14T13:17:15.46Z,v_curverates.csv,gwam_dev_ds.inv_ga_typed.alm_curverates | Slice: 2026-04-07 16:45:04.197000 to 2026-05-13 16:45:01.437000,ADB,2026-05-15T09:01:36.776364Z
2026-05-13T00:00:00Z,Treasury_AUD,EOD,ALM,Rate,Bond,3y.Treasury_AUD,3y,3y,true,0.04718000,0.04718000,null,1096,0,null,Act/360,SYB,AUD,MODFOLLOWING,RiskFree,1080,null,1714,7207297,1,1,3318,2026-05-13T16:38:26.373Z,2026-05-14,2026-05-14T13:17:15.46Z,v_curverates.csv,gwam_dev_ds.inv_ga_typed.alm_curverates | Slice: 2026-04-07 16:45:04.197000 to 2026-05-13 16:45:01.437000,ADB,2026-05-15T09:01:36.776364Z
2026-05-13T00:00:00Z,Treasury_AUD,EOD,ALM,Rate,Bond,5y.Treasury_AUD,5y,5y,true,0.04756400,0.04756400,null,1826,0,null,Act/360,SYB,AUD,MODFOLLOWING,RiskFree,1800,null,1715,7207297,1,1,3318,2026-05-13T16:38:26.373Z,2026-05-14,2026-05-14T13:17:15.46Z,v_curverates.csv,gwam_dev_ds.inv_ga_typed.alm_curverates | Slice: 2026-04-07 16:45:04.197000 to 2026-05-13 16:45:01.437000,ADB,2026-05-15T09:01:36.776364Z
2026-05-13T00:00:00Z,Treasury_AUD,EOD,ALM,Rate,Bond,7y.Treasury_AUD,7y,7y,true,0.04891700,0.04891700,null,2557,0,null,Act/360,SYB,AUD,MODFOLLOWING,RiskFree,2520,null,1716,7207297,1,1,3318,2026-05-13T16:38:26.373Z,2026-05-14,2026-05-14T13:17:15.46Z,v_curverates.csv,gwam_dev_ds.inv_ga_typed.alm_curverates | Slice: 2026-04-07 16:45:04.197000 to 2026-05-13 16:45:01.437000,ADB,2026-05-15T09:01:36.776364Z
2026-05-13T00:00:00Z,Treasury_AUD,EOD,ALM,Rate,Bond,10y.Treasury_AUD,10y,10y,true,0.05061800,0.05061800,null,3653,0,null,Act/360,SYB,AUD,MODFOLLOWING,RiskFree,3600,null,1717,7207297,1,1,3318,2026-05-13T16:38:26.373Z,2026-05-14,2026-05-14T13:17:15.46Z,v_curverates.csv,gwam_dev_ds.inv_ga_typed.alm_curverates | Slice: 2026-04-07 16:45:04.197000 to 2026-05-13 16:45:01.437000,ADB,2026-05-15T09:01:36.776364Z
2026-05-13T00:00:00Z,Treasury_AUD,EOD,ALM,Rate,Bond,20y.Treasury_AUD,20y,20y,true,0.05443800,0.05443800,null,7305,0,null,Act/360,SYB,AUD,MODFOLLOWING,RiskFree,7200,null,1718,7207297,1,1,3318,2026-05-13T16:38:26.373Z,2026-05-14,2026-05-14T13:17:15.46Z,v_curverates.csv,gwam_dev_ds.inv_ga_typed.alm_curverates | Slice: 2026-04-07 16:45:04.197000 to 2026-05-13 16:45:01.437000,ADB,2026-05-15T09:01:36.776364Z
2026-05-13T00:00:00Z,Treasury_AUD,EOD,ALM,Rate,Bond,30y.Treasury_AUD,30y,30y,true,0.05496900,0.05496900,null,10958,0,null,Act/360,SYB,AUD,MODFOLLOWING,RiskFree,10800,null,1719,7207297,1,1,3318,2026-05-13T16:38:26.373Z,2026-05-14,2026-05-14T13:17:15.46Z,v_curverates.csv,gwam_dev_ds.inv_ga_typed.alm_curverates | Slice: 2026-04-07 16:45:04.197000 to 2026-05-13 16:45:01.437000,ADB,2026-05-15T09:01:36.776364Z
2026-05-13T00:00:00Z,Treasury_EUR,EOD,ALM,Rate,Cash,1m.Treasury_EUR,1m,3m,true,0.02248000,0.02248000,null,92,0,null,Act/360,ECU,EUR,MODFOLLOWING,RiskFree,30,null,1730,7207304,1,1,3319,2026-05-13T16:38:27.167Z,2026-05-14,2026-05-14T13:17:15.46Z,v_curverates.csv,gwam_dev_ds.inv_ga_typed.alm_curverates | Slice: 2026-04-07 16:45:04.197000 to 2026-05-13 16:45:01.437000,ADB,2026-05-15T09:01:36.776364Z
2026-05-13T00:00:00Z,Treasury_EUR,EOD,ALM,Rate,Cash,3m.Treasury_EUR,3m,3m,true,0.02248000,0.02248000,null,92,0,null,Act/360,ECU,EUR,MODFOLLOWING,RiskFree,90,null,1731,7207304,1,1,3319,2026-05-13T16:38:27.167Z,2026-05-14,2026-05-14T13:17:15.46Z,v_curverates.csv,gwam_dev_ds.inv_ga_typed.alm_curverates | Slice: 2026-04-07 16:45:04.197000 to 2026-05-13 16:45:01.437000,ADB,2026-05-15T09:01:36.776364Z
2026-05-13T00:00:00Z,Treasury_EUR,EOD,ALM,Rate,Cash,6m.Treasury_EUR,6m,6m,true,0.02449000,0.02449000,null,184,0,null,Act/360,ECU,EUR,MODFOLLOWING,RiskFree,180,null,1732,7207304,1,1,3319,2026-05-13T16:38:27.167Z,2026-05-14,2026-05-14T13:17:15.46Z,v_curverates.csv,gwam_dev_ds.inv_ga_typed.alm_curverates | Slice: 2026-04-07 16:45:04.197000 to 2026-05-13 16:45:01.437000,ADB,2026-05-15T09:01:36.776364Z
2026-05-13T00:00:00Z,Treasury_EUR,EOD,ALM,Rate,Bond,1y.Treasury_EUR,1y,1y,true,0.02660000,0.02660000,null,365,0,null,Act/360,ECU,EUR,MODFOLLOWING,RiskFree,360,null,1733,7207304,1,1,3319,2026-05-13T16:38:27.167Z,2026-05-14,2026-05-14T13:17:15.46Z,v_curverates.csv,gwam_dev_ds.inv_ga_typed.alm_curverates | Slice: 2026-04-07 16:45:04.197000 to 2026-05-13 16:45:01.437000,ADB,2026-05-15T09:01:36.776364Z
2026-05-13T00:00:00Z,Treasury_EUR,EOD,ALM,Rate,Bond,2y.Treasury_EUR,2y,2y,true,0.02710000,0.02710000,null,731,0,null,Act/360,ECU,EUR,MODFOLLOWING,RiskFree,720,null,1734,7207304,1,1,3319,2026-05-13T16:38:27.167Z,2026-05-14,2026-05-14T13:17:15.46Z,v_curverates.csv,gwam_dev_ds.inv_ga_typed.alm_curverates | Slice: 2026-04-07 16:45:04.197000 to 2026-05-13 16:45:01.437000,ADB,2026-05-15T09:01:36.776364Z
2026-05-13T00:00:00Z,Treasury_EUR,EOD,ALM,Rate,Bond,3y.Treasury_EUR,3y,3y,true,0.02713000,0.02713000,null,1096,0,null,Act/360,ECU,EUR,MODFOLLOWING,RiskFree,1080,null,1735,7207304,1,1,3319,2026-05-13T16:38:27.167Z,2026-05-14,2026-05-14T13:17:15.46Z,v_curverates.csv,gwam_dev_ds.inv_ga_typed.alm_curverates | Slice: 2026-04-07 16:45:04.197000 to 2026-05-13 16:45:01.437000,ADB,2026-05-15T09:01:36.776364Z
2026-05-13T00:00:00Z,Treasury_EUR,EOD,ALM,Rate,Bond,5y.Treasury_EUR,5y,5y,true,0.02818000,0.02818000,null,1826,0,null,Act/360,ECU,EUR,MODFOLLOWING,RiskFree,1800,null,1736,7207304,1,1,3319,2026-05-13T16:38:27.167Z,2026-05-14,2026-05-14T13:17:15.46Z,v_curverates.csv,gwam_dev_ds.inv_ga_typed.alm_curverates | Slice: 2026-04-07 16:45:04.197000 to 2026-05-13 16:45:01.437000,ADB,2026-05-15T09:01:36.776364Z
2026-05-13T00:00:00Z,Treasury_EUR,EOD,ALM,Rate,Bond,7y.Treasury_EUR,7y,7y,true,0.02920000,0.02920000,null,2557,0,null,Act/360,ECU,EUR,MODFOLLOWING,RiskFree,2520,null,1737,7207304,1,1,3319,2026-05-13T16:38:27.167Z,2026-05-14,2026-05-14T13:17:15.46Z,v_curverates.csv,gwam_dev_ds.inv_ga_typed.alm_curverates | Slice: 2026-04-07 16:45:04.197000 to 2026-05-13 16:45:01.437000,ADB,2026-05-15T09:01:36.776364Z
2026-05-13T00:00:00Z,Treasury_EUR,EOD,ALM,Rate,Bond,10y.Treasury_EUR,10y,10y,true,0.03100000,0.03100000,null,3653,0,null,Act/360,ECU,EUR,MODFOLLOWING,RiskFree,3600,null,1738,7207304,1,1,3319,2026-05-13T16:38:27.167Z,2026-05-14,2026-05-14T13:17:15.46Z,v_curverates.csv,gwam_dev_ds.inv_ga_typed.alm_curverates | Slice: 2026-04-07 16:45:04.197000 to 2026-05-13 16:45:01.437000,ADB,2026-05-15T09:01:36.776364Z
2026-05-13T00:00:00Z,Treasury_EUR,EOD,ALM,Rate,Bond,20y.Treasury_EUR,20y,20y,true,0.03549000,0.03549000,null,7305,0,null,Act/360,ECU,EUR,MODFOLLOWING,RiskFree,7200,null,1739,7207304,1,1,3319,2026-05-13T16:38:27.167Z,2026-05-14,2026-05-14T13:17:15.46Z,v_curverates.csv,gwam_dev_ds.inv_ga_typed.alm_curverates | Slice: 2026-04-07 16:45:04.197000 to 2026-05-13 16:45:01.437000,ADB,2026-05-15T09:01:36.776364Z
2026-05-13T00:00:00Z,Treasury_EUR,EOD,ALM,Rate,Bond,30y.Treasury_EUR,30y,30y,true,0.03627000,0.03627000,null,10958,0,null,Act/360,ECU,EUR,MODFOLLOWING,RiskFree,10800,null,1740,7207304,1,1,3319,2026-05-13T16:38:27.167Z,2026-05-14,2026-05-14T13:17:15.46Z,v_curverates.csv,gwam_dev_ds.inv_ga_typed.alm_curverates | Slice: 2026-04-07 16:45:04.197000 to 2026-05-13 16:45:01.437000,ADB,2026-05-15T09:01:36.776364Z
2026-05-13T00:00:00Z,Treasury_HKD,EOD,ALM,Rate,Cash,3m.Treasury_HKD,3m,3m,true,null,0.02563570,null,92,0,null,Act/360,HKB,HKD,MODFOLLOWING,RiskFree,90,null,1811,7207306,3,1,8582,2026-05-13T16:38:27.403Z,2026-05-14,2026-05-14T13:17:15.46Z,v_curverates.csv,gwam_dev_ds.inv_ga_typed.alm_curverates | Slice: 2026-04-07 16:45:04.197000 to 2026-05-13 16:45:01.437000,ADB,2026-05-15T09:01:36.776364Z
2026-05-13T00:00:00Z,Treasury_HKD,EOD,ALM,Rate,Cash,6m.Treasury_HKD,6m,6m,true,null,0.02553697,null,184,0,null,Act/360,HKB,HKD,MODFOLLOWING,RiskFree,180,null,1812,7207306,3,1,8582,2026-05-13T16:38:27.403Z,2026-05-14,2026-05-14T13:17:15.46Z,v_curverates.csv,gwam_dev_ds.inv_ga_typed.alm_curverates | Slice: 2026-04-07 16:45:04.197000 to 2026-05-13 16:45:01.437000,ADB,2026-05-15T09:01:36.776364Z
2026-05-13T00:00:00Z,Treasury_HKD,EOD,ALM,Rate,Bond,1y.Treasury_HKD,1y,1y,true,null,0.02543822,null,365,0,null,Act/360,HKB,HKD,MODFOLLOWING,RiskFree,360,null,1813,7207306,3,1,8582,2026-05-13T16:38:27.403Z,2026-05-14,2026-05-14T13:17:15.46Z,v_curverates.csv,gwam_dev_ds.inv_ga_typed.alm_curverates | Slice: 2026-04-07 16:45:04.197000 to 2026-05-13 16:45:01.437000,ADB,2026-05-15T09:01:36.776364Z
2026-05-13T00:00:00Z,Treasury_HKD,EOD,ALM,Rate,Bond,2y.Treasury_HKD,2y,2y,true,null,0.02604047,null,731,0,null,Act/360,HKB,HKD,MODFOLLOWING,RiskFree,720,null,1814,7207306,3,1,8582,2026-05-13T16:38:27.403Z,2026-05-14,2026-05-14T13:17:15.46Z,v_curverates.csv,gwam_dev_ds.inv_ga_typed.alm_curverates | Slice: 2026-04-07 16:45:04.197000 to 2026-05-13 16:45:01.437000,ADB,2026-05-15T09:01:36.776364Z
2026-05-13T00:00:00Z,Treasury_HKD,EOD,ALM,Rate,Bond,3y.Treasury_HKD,3y,3y,true,null,0.02580354,null,1096,0,null,Act/360,HKB,HKD,MODFOLLOWING,RiskFree,1080,null,1815,7207306,3,1,8582,2026-05-13T16:38:27.403Z,2026-05-14,2026-05-14T13:17:15.46Z,v_curverates.csv,gwam_dev_ds.inv_ga_typed.alm_curverates | Slice: 2026-04-07 16:45:04.197000 to 2026-05-13 16:45:01.437000,ADB,2026-05-15T09:01:36.776364Z
2026-05-13T00:00:00Z,Treasury_HKD,EOD,ALM,Rate,Bond,5y.Treasury_HKD,5y,5y,true,null,0.02602073,null,1826,0,null,Act/360,HKB,HKD,MODFOLLOWING,RiskFree,1800,null,1816,7207306,3,1,8582,2026-05-13T16:38:27.403Z,2026-05-14,2026-05-14T13:17:15.46Z,v_curverates.csv,gwam_dev_ds.inv_ga_typed.alm_curverates | Slice: 2026-04-07 16:45:04.197000 to 2026-05-13 16:45:01.437000,ADB,2026-05-15T09:01:36.776364Z
2026-05-13T00:00:00Z,Treasury_HKD,EOD,ALM,Rate,Bond,7y.Treasury_HKD,7y,7y,true,0.02771000,0.02771000,null,2557,0,null,Act/360,HKB,HKD,MODFOLLOWING,RiskFree,2520,null,1817,7207306,3,1,8582,2026-05-13T16:38:27.403Z,2026-05-14,2026-05-14T13:17:15.46Z,v_curverates.csv,gwam_dev_ds.inv_ga_typed.alm_curverates | Slice: 2026-04-07 16:45:04.197000 to 2026-05-13 16:45:01.437000,ADB,2026-05-15T09:01:36.776364Z
2026-05-13T00:00:00Z,Treasury_HKD,EOD,ALM,Rate,Bond,10y.Treasury_HKD,10y,10y,true,null,0.03028077,null,3653,0,null,Act/360,HKB,HKD,MODFOLLOWING,RiskFree,3600,null,1818,7207306,3,1,8582,2026-05-13T16:38:27.403Z,2026-05-14,2026-05-14T13:17:15.46Z,v_curverates.csv,gwam_dev_ds.inv_ga_typed.alm_curverates | Slice: 2026-04-07 16:45:04.197000 to 2026-05-13 16:45:01.437000,ADB,2026-05-15T09:01:36.776364Z
2026-05-13T00:00:00Z,Treasury_HKD,EOD,ALM,Rate,Bond,20y.Treasury_HKD,20y,15y,true,null,0.03355846,null,5479,0,null,Act/360,HKB,HKD,MODFOLLOWING,RiskFree,7200,null,1819,7207306,3,1,8582,2026-05-13T16:38:27.403Z,2026-05-14,2026-05-14T13:17:15.46Z,v_curverates.csv,gwam_dev_ds.inv_ga_typed.alm_curverates | Slice: 2026-04-07 16:45:04.197000 to 2026-05-13 16:45:01.437000,ADB,2026-05-15T09:01:36.776364Z
2026-05-13T00:00:00Z,Treasury_HKD,EOD,ALM,Rate,Bond,30y.Treasury_HKD,30y,15y,true,null,0.03355846,null,5479,0,null,Act/360,HKB,HKD,MODFOLLOWING,RiskFree,10800,null,1820,7207306,3,1,8582,2026-05-13T16:38:27.403Z,2026-05-14,2026-05-14T13:17:15.46Z,v_curverates.csv,gwam_dev_ds.inv_ga_typed.alm_curverates | Slice: 2026-04-07 16:45:04.197000 to 2026-05-13 16:45:01.437000,ADB,2026-05-15T09:01:36.776364Z
2026-05-13T00:00:00Z,Treasury_MYR,EOD,ALM,Rate,Cash,1m.Treasury_MYR,1m,3m,true,null,0.02912000,null,92,0,null,Act/360,KLB,MYR,MODFOLLOWING,RiskFree,30,null,1821,7207308,1,1,3324,2026-05-13T16:38:27.72Z,2026-05-14,2026-05-14T13:17:15.46Z,v_curverates.csv,gwam_dev_ds.inv_ga_typed.alm_curverates | Slice: 2026-04-07 16:45:04.197000 to 2026-05-13 16:45:01.437000,ADB,2026-05-15T09:01:36.776364Z
2026-05-13T00:00:00Z,Treasury_MYR,EOD,ALM,Rate,Cash,3m.Treasury_MYR,3m,3m,true,null,0.02912000,null,92,0,null,Act/360,KLB,MYR,MODFOLLOWING,RiskFree,90,null,1822,7207308,1,1,3324,2026-05-13T16:38:27.72Z,2026-05-14,2026-05-14T13:17:15.46Z,v_curverates.csv,gwam_dev_ds.inv_ga_typed.alm_curverates | Slice: 2026-04-07 16:45:04.197000 to 2026-05-13 16:45:01.437000,ADB,2026-05-15T09:01:36.776364Z
2026-05-13T00:00:00Z,Treasury_MYR,EOD,ALM,Rate,Cash,6m.Treasury_MYR,6m,6m,true,null,0.02949000,null,184,0,null,Act/360,KLB,MYR,MODFOLLOWING,RiskFree,180,null,1823,7207308,1,1,3324,2026-05-13T16:38:27.72Z,2026-05-14,2026-05-14T13:17:15.46Z,v_curverates.csv,gwam_dev_ds.inv_ga_typed.alm_curverates | Slice: 2026-04-07 16:45:04.197000 to 2026-05-13 16:45:01.437000,ADB,2026-05-15T09:01:36.776364Z
2026-05-13T00:00:00Z,Treasury_MYR,EOD,ALM,Rate,Bond,1y.Treasury_MYR,1y,1y,true,null,0.03051000,null,365,0,null,Act/360,KLB,MYR,MODFOLLOWING,RiskFree,360,null,1824,7207308,1,1,3324,2026-05-13T16:38:27.72Z,2026-05-14,2026-05-14T13:17:15.46Z,v_curverates.csv,gwam_dev_ds.inv_ga_typed.alm_curverates | Slice: 2026-04-07 16:45:04.197000 to 2026-05-13 16:45:01.437000,ADB,2026-05-15T09:01:36.776364Z
2026-05-13T00:00:00Z,Treasury_MYR,EOD,ALM,Rate,Bond,2y.Treasury_MYR,2y,2y,true,null,0.03149000,null,731,0,null,Act/360,KLB,MYR,MODFOLLOWING,RiskFree,720,null,1825,7207308,1,1,3324,2026-05-13T16:38:27.72Z,2026-05-14,2026-05-14T13:17:15.46Z,v_curverates.csv,gwam_dev_ds.inv_ga_typed.alm_curverates | Slice: 2026-04-07 16:45:04.197000 to 2026-05-13 16:45:01.437000,ADB,2026-05-15T09:01:36.776364Z
2026-05-13T00:00:00Z,Treasury_MYR,EOD,ALM,Rate,Bond,3y.Treasury_MYR,3y,3y,true,null,0.03210000,null,1096,0,null,Act/360,KLB,MYR,MODFOLLOWING,RiskFree,1080,null,1826,7207308,1,1,3324,2026-05-13T16:38:27.72Z,2026-05-14,2026-05-14T13:17:15.46Z,v_curverates.csv,gwam_dev_ds.inv_ga_typed.alm_curverates | Slice: 2026-04-07 16:45:04.197000 to 2026-05-13 16:45:01.437000,ADB,2026-05-15T09:01:36.776364Z
2026-05-13T00:00:00Z,Treasury_MYR,EOD,ALM,Rate,Bond,5y.Treasury_MYR,5y,5y,true,null,0.03362000,null,1826,0,null,Act/360,KLB,MYR,MODFOLLOWING,RiskFree,1800,null,1827,7207308,1,1,3324,2026-05-13T16:38:27.72Z,2026-05-14,2026-05-14T13:17:15.46Z,v_curverates.csv,gwam_dev_ds.inv_ga_typed.alm_curverates | Slice: 2026-04-07 16:45:04.197000 to 2026-05-13 16:45:01.437000,ADB,2026-05-15T09:01:36.776364Z
2026-05-13T00:00:00Z,Treasury_MYR,EOD,ALM,Rate,Bond,7y.Treasury_MYR,7y,7y,true,null,0.03477000,null,2557,0,null,Act/360,KLB,MYR,MODFOLLOWING,RiskFree,2520,null,1828,7207308,1,1,3324,2026-05-13T16:38:27.72Z,2026-05-14,2026-05-14T13:17:15.46Z,v_curverates.csv,gwam_dev_ds.inv_ga_typed.alm_curverates | Slice: 2026-04-07 16:45:04.197000 to 2026-05-13 16:45:01.437000,ADB,2026-05-15T09:01:36.776364Z
2026-05-13T00:00:00Z,Treasury_MYR,EOD,ALM,Rate,Bond,10y.Treasury_MYR,10y,10y,true,null,0.03591000,null,3653,0,null,Act/360,KLB,MYR,MODFOLLOWING,RiskFree,3600,null,1829,7207308,1,1,3324,2026-05-13T16:38:27.72Z,2026-05-14,2026-05-14T13:17:15.46Z,v_curverates.csv,gwam_dev_ds.inv_ga_typed.alm_curverates | Slice: 2026-04-07 16:45:04.197000 to 2026-05-13 16:45:01.437000,ADB,2026-05-15T09:01:36.776364Z
2026-05-13T00:00:00Z,Treasury_MYR,EOD,ALM,Rate,Bond,15y.Treasury_MYR,15y,15y,true,null,0.03829000,null,5479,0,null,Act/360,KLB,MYR,MODFOLLOWING,RiskFree,5400,null,1830,7207308,1,1,3324,2026-05-13T16:38:27.72Z,2026-05-14,2026-05-14T13:17:15.46Z,v_curverates.csv,gwam_dev_ds.inv_ga_typed.alm_curverates | Slice: 2026-04-07 16:45:04.197000 to 2026-05-13 16:45:01.437000,ADB,2026-05-15T09:01:36.776364Z
2026-05-13T00:00:00Z,Treasury_MYR,EOD,ALM,Rate,Bond,20y.Treasury_MYR,20y,20y,true,null,0.03953000,null,7305,0,null,Act/360,KLB,MYR,MODFOLLOWING,RiskFree,7200,null,1831,7207308,1,1,3324,2026-05-13T16:38:27.72Z,2026-05-14,2026-05-14T13:17:15.46Z,v_curverates.csv,gwam_dev_ds.inv_ga_typed.alm_curverates | Slice: 2026-04-07 16:45:04.197000 to 2026-05-13 16:45:01.437000,ADB,2026-05-15T09:01:36.776364Z
2026-05-13T00:00:00Z,Treasury_MYR,EOD,ALM,Rate,Bond,30y.Treasury_MYR,30y,30y,true,null,0.04069000,null,10958,0,null,Act/360,KLB,MYR,MODFOLLOWING,RiskFree,10800,null,1832,7207308,1,1,3324,2026-05-13T16:38:27.72Z,2026-05-14,2026-05-14T13:17:15.46Z,v_curverates.csv,gwam_dev_ds.inv_ga_typed.alm_curverates | Slice: 2026-04-07 16:45:04.197000 to 2026-05-13 16:45:01.437000,ADB,2026-05-15T09:01:36.776364Z
2026-05-13T00:00:00Z,Treasury_SGD,EOD,ALM,Rate,Cash,1m.Treasury_SGD,1m,3m,true,0.01441000,0.01398000,0.01354000,92,0,null,Act/360,SIB,SGD,MODFOLLOWING,RiskFree,30,null,1833,7207311,1,1,3321,2026-05-13T16:38:27.977Z,2026-05-14,2026-05-14T13:17:15.46Z,v_curverates.csv,gwam_dev_ds.inv_ga_typed.alm_curverates | Slice: 2026-04-07 16:45:04.197000 to 2026-05-13 16:45:01.437000,ADB,2026-05-15T09:01:36.776364Z
2026-05-13T00:00:00Z,Treasury_SGD,EOD,ALM,Rate,Cash,3m.Treasury_SGD,3m,3m,true,0.01441000,0.01398000,0.01354000,92,0,null,Act/360,SIB,SGD,MODFOLLOWING,RiskFree,90,null,1834,7207311,1,1,3321,2026-05-13T16:38:27.977Z,2026-05-14,2026-05-14T13:17:15.46Z,v_curverates.csv,gwam_dev_ds.inv_ga_typed.alm_curverates | Slice: 2026-04-07 16:45:04.197000 to 2026-05-13 16:45:01.437000,ADB,2026-05-15T09:01:36.776364Z
2026-05-13T00:00:00Z,Treasury_SGD,EOD,ALM,Rate,Cash,6m.Treasury_SGD,6m,6m,true,0.01398000,0.01328000,0.01257000,184,0,null,Act/360,SIB,SGD,MODFOLLOWING,RiskFree,180,null,1835,7207311,1,1,3321,2026-05-13T16:38:27.977Z,2026-05-14,2026-05-14T13:17:15.46Z,v_curverates.csv,gwam_dev_ds.inv_ga_typed.alm_curverates | Slice: 2026-04-07 16:45:04.197000 to 2026-05-13 16:45:01.437000,ADB,2026-05-15T09:01:36.776364Z
2026-05-13T00:00:00Z,Treasury_SGD,EOD,ALM,Rate,Bond,1y.Treasury_SGD,1y,1y,true,0.01458000,0.01388000,0.01317000,365,0,null,Act/360,SIB,SGD,MODFOLLOWING,RiskFree,360,null,1836,7207311,1,1,3321,2026-05-13T16:38:27.977Z,2026-05-14,2026-05-14T13:17:15.46Z,v_curverates.csv,gwam_dev_ds.inv_ga_typed.alm_curverates | Slice: 2026-04-07 16:45:04.197000 to 2026-05-13 16:45:01.437000,ADB,2026-05-15T09:01:36.776364Z
2026-05-13T00:00:00Z,Treasury_SGD,EOD,ALM,Rate,Bond,2y.Treasury_SGD,2y,2y,true,0.01577000,0.01549000,0.01522000,731,0,null,Act/360,SIB,SGD,MODFOLLOWING,RiskFree,720,null,1837,7207311,1,1,3321,2026-05-13T16:38:27.977Z,2026-05-14,2026-05-14T13:17:15.46Z,v_curverates.csv,gwam_dev_ds.inv_ga_typed.alm_curverates | Slice: 2026-04-07 16:45:04.197000 to 2026-05-13 16:45:01.437000,ADB,2026-05-15T09:01:36.776364Z
2026-05-13T00:00:00Z,Treasury_SGD,EOD,ALM,Rate,Bond,5y.Treasury_SGD,5y,5y,true,0.01734000,0.01714000,0.01693000,1826,0,null,Act/360,SIB,SGD,MODFOLLOWING,RiskFree,1800,null,1838,7207311,1,1,3321,2026-05-13T16:38:27.977Z,2026-05-14,2026-05-14T13:17:15.46Z,v_curverates.csv,gwam_dev_ds.inv_ga_typed.alm_curverates | Slice: 2026-04-07 16:45:04.197000 to 2026-05-13 16:45:01.437000,ADB,2026-05-15T09:01:36.776364Z
2026-05-13T00:00:00Z,Treasury_SGD,EOD,ALM,Rate,Bond,10y.Treasury_SGD,10y,10y,true,0.02065000,0.02046000,0.02028000,3653,0,null,Act/360,SIB,SGD,MODFOLLOWING,RiskFree,3600,null,1839,7207311,1,1,3321,2026-05-13T16:38:27.977Z,2026-05-14,2026-05-14T13:17:15.46Z,v_curverates.csv,gwam_dev_ds.inv_ga_typed.alm_curverates | Slice: 2026-04-07 16:45:04.197000 to 2026-05-13 16:45:01.437000,ADB,2026-05-15T09:01:36.776364Z
2026-05-13T00:00:00Z,Treasury_SGD,EOD,ALM,Rate,Bond,15y.Treasury_SGD,15y,15y,true,0.02051000,0.02039000,0.02027000,5479,0,null,Act/360,SIB,SGD,MODFOLLOWING,RiskFree,5400,null,1840,7207311,1,1,3321,2026-05-13T16:38:27.977Z,2026-05-14,2026-05-14T13:17:15.46Z,v_curverates.csv,gwam_dev_ds.inv_ga_typed.alm_curverates | Slice: 2026-04-07 16:45:04.197000 to 2026-05-13 16:45:01.437000,ADB,2026-05-15T09:01:36.776364Z
2026-05-13T00:00:00Z,Treasury_SGD,EOD,ALM,Rate,Bond,20y.Treasury_SGD,20y,20y,true,0.02065000,0.02049000,0.02032000,7305,0,null,Act/360,SIB,SGD,MODFOLLOWING,RiskFree,7200,null,1841,7207311,1,1,3321,2026-05-13T16:38:27.977Z,2026-05-14,2026-05-14T13:17:15.46Z,v_curverates.csv,gwam_dev_ds.inv_ga_typed.alm_curverates | Slice: 2026-04-07 16:45:04.197000 to 2026-05-13 16:45:01.437000,ADB,2026-05-15T09:01:36.776364Z
2026-05-13T00:00:00Z,Treasury_SGD,EOD,ALM,Rate,Bond,30y.Treasury_SGD,30y,30y,true,0.02096000,0.02083000,0.02070000,10958,0,null,Act/360,SIB,SGD,MODFOLLOWING,RiskFree,10800,null,1842,7207311,1,1,3321,2026-05-13T16:38:27.977Z,2026-05-14,2026-05-14T13:17:15.46Z,v_curverates.csv,gwam_dev_ds.inv_ga_typed.alm_curverates | Slice: 2026-04-07 16:45:04.197000 to 2026-05-13 16:45:01.437000,ADB,2026-05-15T09:01:36.776364Z
2026-05-13T00:00:00Z,Treasury_VND,EOD,ALM,Rate,Cash,1m.Treasury_VND,1m,1y,true,0.03421000,0.03273000,0.03125000,365,0,null,Act/360,HAB,VND,MODFOLLOWING,RiskFree,30,null,1843,7207316,3,1,8586,2026-05-13T16:38:28.507Z,2026-05-14,2026-05-14T13:17:15.46Z,v_curverates.csv,gwam_dev_ds.inv_ga_typed.alm_curverates | Slice: 2026-04-07 16:45:04.197000 to 2026-05-13 16:45:01.437000,ADB,2026-05-15T09:01:36.776364Z
2026-05-13T00:00:00Z,Treasury_VND,EOD,ALM,Rate,Cash,3m.Treasury_VND,3m,1y,true,0.03421000,0.03273000,0.03125000,365,0,null,Act/360,HAB,VND,MODFOLLOWING,RiskFree,90,null,1844,7207316,3,1,8586,2026-05-13T16:38:28.507Z,2026-05-14,2026-05-14T13:17:15.46Z,v_curverates.csv,gwam_dev_ds.inv_ga_typed.alm_curverates | Slice: 2026-04-07 16:45:04.197000 to 2026-05-13 16:45:01.437000,ADB,2026-05-15T09:01:36.776364Z
2026-05-13T00:00:00Z,Treasury_VND,EOD,ALM,Rate,Cash,6m.Treasury_VND,6m,1y,true,0.03421000,0.03273000,0.03125000,365,0,null,Act/360,HAB,VND,MODFOLLOWING,RiskFree,180,null,1845,7207316,3,1,8586,2026-05-13T16:38:28.507Z,2026-05-14,2026-05-14T13:17:15.46Z,v_curverates.csv,gwam_dev_ds.inv_ga_typed.alm_curverates | Slice: 2026-04-07 16:45:04.197000 to 2026-05-13 16:45:01.437000,ADB,2026-05-15T09:01:36.776364Z
2026-05-13T00:00:00Z,Treasury_VND,EOD,ALM,Rate,Bond,1y.Treasury_VND,1y,1y,true,0.03421000,0.03273000,0.03125000,365,0,null,Act/360,HAB,VND,MODFOLLOWING,RiskFree,360,null,1846,7207316,3,1,8586,2026-05-13T16:38:28.507Z,2026-05-14,2026-05-14T13:17:15.46Z,v_curverates.csv,gwam_dev_ds.inv_ga_typed.alm_curverates | Slice: 2026-04-07 16:45:04.197000 to 2026-05-13 16:45:01.437000,ADB,2026-05-15T09:01:36.776364Z
2026-05-13T00:00:00Z,Treasury_VND,EOD,ALM,Rate,Bond,2y.Treasury_VND,2y,2y,true,0.03513000,0.03369000,0.03225000,731,0,null,Act/360,HAB,VND,MODFOLLOWING,RiskFree,720,null,1847,7207316,3,1,8586,2026-05-13T16:38:28.507Z,2026-05-14,2026-05-14T13:17:15.46Z,v_curverates.csv,gwam_dev_ds.inv_ga_typed.alm_curverates | Slice: 2026-04-07 16:45:04.197000 to 2026-05-13 16:45:01.437000,ADB,2026-05-15T09:01:36.776364Z
2026-05-13T00:00:00Z,Treasury_VND,EOD,ALM,Rate,Bond,3y.Treasury_VND,3y,3y,true,0.03596000,0.03450000,0.03304000,1096,0,null,Act/360,HAB,VND,MODFOLLOWING,RiskFree,1080,null,1848,7207316,3,1,8586,2026-05-13T16:38:28.507Z,2026-05-14,2026-05-14T13:17:15.46Z,v_curverates.csv,gwam_dev_ds.inv_ga_typed.alm_curverates | Slice: 2026-04-07 16:45:04.197000 to 2026-05-13 16:45:01.437000,ADB,2026-05-15T09:01:36.776364Z
2026-05-13T00:00:00Z,Treasury_VND,EOD,ALM,Rate,Bond,5y.Treasury_VND,5y,5y,true,0.04179000,0.04043000,0.03907000,1826,0,null,Act/360,HAB,VND,MODFOLLOWING,RiskFree,1800,null,1849,7207316,3,1,8586,2026-05-13T16:38:28.507Z,2026-05-14,2026-05-14T13:17:15.46Z,v_curverates.csv,gwam_dev_ds.inv_ga_typed.alm_curverates | Slice: 2026-04-07 16:45:04.197000 to 2026-05-13 16:45:01.437000,ADB,2026-05-15T09:01:36.776364Z
2026-05-13T00:00:00Z,Treasury_VND,EOD,ALM,Rate,Bond,7y.Treasury_VND,7y,7y,true,0.04272000,0.04129000,0.03986000,2557,0,null,Act/360,HAB,VND,MODFOLLOWING,RiskFree,2520,null,1850,7207316,3,1,8586,2026-05-13T16:38:28.507Z,2026-05-14,2026-05-14T13:17:15.46Z,v_curverates.csv,gwam_dev_ds.inv_ga_typed.alm_curverates | Slice: 2026-04-07 16:45:04.197000 to 2026-05-13 16:45:01.437000,ADB,2026-05-15T09:01:36.776364Z
2026-05-13T00:00:00Z,Treasury_VND,EOD,ALM,Rate,Bond,10y.Treasury_VND,10y,10y,true,0.04369000,0.04238000,0.04107000,3653,0,null,Act/360,HAB,VND,MODFOLLOWING,RiskFree,3600,null,1851,7207316,3,1,8586,2026-05-13T16:38:28.507Z,2026-05-14,2026-05-14T13:17:15.46Z,v_curverates.csv,gwam_dev_ds.inv_ga_typed.alm_curverates | Slice: 2026-04-07 16:45:04.197000 to 2026-05-13 16:45:01.437000,ADB,2026-05-15T09:01:36.776364Z
2026-05-13T00:00:00Z,Treasury_CNY,EOD,ALM,Rate,Cash,1m.Treasury_CNY,1m,1m,true,0.01097200,0.01097200,0.01097200,31,0,null,Act/360,SHB,CNY,MODFOLLOWING,RiskFree,30,null,1943,7207302,1,1,3329,2026-05-13T16:38:26.93Z,2026-05-14,2026-05-14T13:17:15.46Z,v_curverates.csv,gwam_dev_ds.inv_ga_typed.alm_curverates | Slice: 2026-04-07 16:45:04.197000 to 2026-05-13 16:45:01.437000,ADB,2026-05-15T09:01:36.776364Z
2026-05-13T00:00:00Z,Treasury_CNY,EOD,ALM,Rate,Cash,3m.Treasury_CNY,3m,3m,true,0.01100300,0.01100300,0.01100300,92,0,null,Act/360,SHB,CNY,MODFOLLOWING,RiskFree,90,null,1945,7207302,1,1,3329,2026-05-13T16:38:26.93Z,2026-05-14,2026-05-14T13:17:15.46Z,v_curverates.csv,gwam_dev_ds.inv_ga_typed.alm_curverates | Slice: 2026-04-07 16:45:04.197000 to 2026-05-13 16:45:01.437000,ADB,2026-05-15T09:01:36.776364Z
2026-05-13T00:00:00Z,Treasury_CNY,EOD,ALM,Rate,Cash,6m.Treasury_CNY,6m,6m,true,0.01124600,0.01124600,0.01124600,184,0,null,Act/360,SHB,CNY,MODFOLLOWING,RiskFree,180,null,1946,7207302,1,1,3329,2026-05-13T16:38:26.93Z,2026-05-14,2026-05-14T13:17:15.46Z,v_curverates.csv,gwam_dev_ds.inv_ga_typed.alm_curverates | Slice: 2026-04-07 16:45:04.197000 to 2026-05-13 16:45:01.437000,ADB,2026-05-15T09:01:36.776364Z
2026-05-13T00:00:00Z,Treasury_CNY,EOD,ALM,Rate,Bond,1y.Treasury_CNY,1y,1y,true,0.01205700,0.01205700,0.01205700,365,0,null,Act/360,SHB,CNY,MODFOLLOWING,RiskFree,360,null,1948,7207302,1,1,3329,2026-05-13T16:38:26.93Z,2026-05-14,2026-05-14T13:17:15.46Z,v_curverates.csv,gwam_dev_ds.inv_ga_typed.alm_curverates | Slice: 2026-04-07 16:45:04.197000 to 2026-05-13 16:45:01.437000,ADB,2026-05-15T09:01:36.776364Z
2026-05-13T00:00:00Z,Treasury_CNY,EOD,ALM,Rate,Bond,3y.Treasury_CNY,3y,3y,true,0.01289700,0.01289700,0.01289700,1096,0,null,Act/360,SHB,CNY,MODFOLLOWING,RiskFree,1080,null,1949,7207302,1,1,3329,2026-05-13T16:38:26.93Z,2026-05-14,2026-05-14T13:17:15.46Z,v_curverates.csv,gwam_dev_ds.inv_ga_typed.alm_curverates | Slice: 2026-04-07 16:45:04.197000 to 2026-05-13 16:45:01.437000,ADB,2026-05-15T09:01:36.776364Z
2026-05-13T00:00:00Z,Treasury_CNY,EOD,ALM,Rate,Bond,5y.Treasury_CNY,5y,5y,true,0.01473600,0.01473600,0.01473600,1826,0,null,Act/360,SHB,CNY,MODFOLLOWING,RiskFree,1800,null,1950,7207302,1,1,3329,2026-05-13T16:38:26.93Z,2026-05-14,2026-05-14T13:17:15.46Z,v_curverates.csv,gwam_dev_ds.inv_ga_typed.alm_curverates | Slice: 2026-04-07 16:45:04.197000 to 2026-05-13 16:45:01.437000,ADB,2026-05-15T09:01:36.776364Z
2026-05-13T00:00:00Z,Treasury_CNY,EOD,ALM,Rate,Bond,7y.Treasury_CNY,7y,7y,true,0.01627000,0.01627000,0.01627000,2557,0,null,Act/360,SHB,CNY,MODFOLLOWING,RiskFree,2520,null,1951,7207302,1,1,3329,2026-05-13T16:38:26.93Z,2026-05-14,2026-05-14T13:17:15.46Z,v_curverates.csv,gwam_dev_ds.inv_ga_typed.alm_curverates | Slice: 2026-04-07 16:45:04.197000 to 2026-05-13 16:45:01.437000,ADB,2026-05-15T09:01:36.776364Z
2026-05-13T00:00:00Z,Treasury_CNY,EOD,ALM,Rate,Bond,10y.Treasury_CNY,10y,10y,true,0.01751400,0.01751400,0.01751400,3653,0,null,Act/360,SHB,CNY,MODFOLLOWING,RiskFree,3600,null,1952,7207302,1,1,3329,2026-05-13T16:38:26.93Z,2026-05-14,2026-05-14T13:17:15.46Z,v_curverates.csv,gwam_dev_ds.inv_ga_typed.alm_curverates | Slice: 2026-04-07 16:45:04.197000 to 2026-05-13 16:45:01.437000,ADB,2026-05-15T09:01:36.776364Z
2026-05-13T00:00:00Z,Treasury_CNY,EOD,ALM,Rate,Bond,20y.Treasury_CNY,20y,20y,true,0.02250000,0.02250000,0.02250000,7305,0,null,Act/360,SHB,CNY,MODFOLLOWING,RiskFree,7200,null,1954,7207302,1,1,3329,2026-05-13T16:38:26.93Z,2026-05-14,2026-05-14T13:17:15.46Z,v_curverates.csv,gwam_dev_ds.inv_ga_typed.alm_curverates | Slice: 2026-04-07 16:45:04.197000 to 2026-05-13 16:45:01.437000,ADB,2026-05-15T09:01:36.776364Z
2026-05-13T00:00:00Z,Treasury_CNY,EOD,ALM,Rate,Bond,30y.Treasury_CNY,30y,30y,true,0.02234000,0.02234000,0.02234000,10958,0,null,Act/360,SHB,CNY,MODFOLLOWING,RiskFree,10800,null,1955,7207302,1,1,3329,2026-05-13T16:38:26.93Z,2026-05-14,2026-05-14T13:17:15.46Z,v_curverates.csv,gwam_dev_ds.inv_ga_typed.alm_curverates | Slice: 2026-04-07 16:45:04.197000 to 2026-05-13 16:45:01.437000,ADB,2026-05-15T09:01:36.776364Z
2026-05-13T00:00:00Z,Treasury_CNY,EOD,ALM,Rate,Bond,50y.Treasury_CNY,50y,50y,false,0.02463500,0.02463500,0.02463500,18263,0,null,Act/360,SHB,CNY,MODFOLLOWING,RiskFree,18000,null,1957,7207302,1,1,3329,2026-05-13T16:38:26.93Z,2026-05-14,2026-05-14T13:17:15.46Z,v_curverates.csv,gwam_dev_ds.inv_ga_typed.alm_curverates | Slice: 2026-04-07 16:45:04.197000 to 2026-05-13 16:45:01.437000,ADB,2026-05-15T09:01:36.776364Z
2026-05-13T00:00:00Z,Treasury_GBP,EOD,ALM,Rate,Cash,1m.Treasury_GBP,1m,1m,true,0.03821000,0.03777000,0.03732000,31,0,null,Act/360,LNB,GBP,MODFOLLOWING,RiskFree,30,null,1958,7207328,1,1,3335,2026-05-13T16:38:30.023Z,2026-05-14,2026-05-14T13:17:15.46Z,v_curverates.csv,gwam_dev_ds.inv_ga_typed.alm_curverates | Slice: 2026-04-07 16:45:04.197000 to 2026-05-13 16:45:01.437000,ADB,2026-05-15T09:01:36.776364Z
2026-05-13T00:00:00Z,Treasury_GBP,EOD,ALM,Rate,Cash,3m.Treasury_GBP,3m,3m,true,0.03949000,0.03915000,0.03881000,92,0,null,Act/360,LNB,GBP,MODFOLLOWING,RiskFree,90,null,1959,7207328,1,1,3335,2026-05-13T16:38:30.023Z,2026-05-14,2026-05-14T13:17:15.46Z,v_curverates.csv,gwam_dev_ds.inv_ga_typed.alm_curverates | Slice: 2026-04-07 16:45:04.197000 to 2026-05-13 16:45:01.437000,ADB,2026-05-15T09:01:36.776364Z
2026-05-13T00:00:00Z,Treasury_GBP,EOD,ALM,Rate,Cash,6m.Treasury_GBP,6m,6m,true,0.04136000,0.04102000,0.04068000,184,0,null,Act/360,LNB,GBP,MODFOLLOWING,RiskFree,180,null,1960,7207328,1,1,3335,2026-05-13T16:38:30.023Z,2026-05-14,2026-05-14T13:17:15.46Z,v_curverates.csv,gwam_dev_ds.inv_ga_typed.alm_curverates | Slice: 2026-04-07 16:45:04.197000 to 2026-05-13 16:45:01.437000,ADB,2026-05-15T09:01:36.776364Z
2026-05-13T00:00:00Z,Treasury_GBP,EOD,ALM,Rate,Bond,1y.Treasury_GBP,1y,1y,true,0.04327000,0.04314000,0.04300000,365,0,null,Act/360,LNB,GBP,MODFOLLOWING,RiskFree,360,null,1961,7207328,1,1,3335,2026-05-13T16:38:30.023Z,2026-05-14,2026-05-14T13:17:15.46Z,v_curverates.csv,gwam_dev_ds.inv_ga_typed.alm_curverates | Slice: 2026-04-07 16:45:04.197000 to 2026-05-13 16:45:01.437000,ADB,2026-05-15T09:01:36.776364Z
2026-05-13T00:00:00Z,Treasury_GBP,EOD,ALM,Rate,Bond,2y.Treasury_GBP,2y,2y,true,0.04485000,0.04481000,0.04478000,731,0,null,Act/360,LNB,GBP,MODFOLLOWING,RiskFree,720,null,1962,7207328,1,1,3335,2026-05-13T16:38:30.023Z,2026-05-14,2026-05-14T13:17:15.46Z,v_curverates.csv,gwam_dev_ds.inv_ga_typed.alm_curverates | Slice: 2026-04-07 16:45:04.197000 to 2026-05-13 16:45:01.437000,ADB,2026-05-15T09:01:36.776364Z
2026-05-13T00:00:00Z,Treasury_GBP,EOD,ALM,Rate,Bond,3y.Treasury_GBP,3y,3y,true,0.04532000,0.04530000,0.04527000,1096,0,null,Act/360,LNB,GBP,MODFOLLOWING,RiskFree,1080,null,1963,7207328,1,1,3335,2026-05-13T16:38:30.023Z,2026-05-14,2026-05-14T13:17:15.46Z,v_curverates.csv,gwam_dev_ds.inv_ga_typed.alm_curverates | Slice: 2026-04-07 16:45:04.197000 to 2026-05-13 16:45:01.437000,ADB,2026-05-15T09:01:36.776364Z
2026-05-13T00:00:00Z,Treasury_GBP,EOD,ALM,Rate,Bond,4y.Treasury_GBP,4y,4y,false,0.04542000,0.04541000,0.04539000,1461,0,null,Act/360,LNB,GBP,MODFOLLOWING,RiskFree,1440,null,1964,7207328,1,1,3335,2026-05-13T16:38:30.023Z,2026-05-14,2026-05-14T13:17:15.46Z,v_curverates.csv,gwam_dev_ds.inv_ga_typed.alm_curverates | Slice: 2026-04-07 16:45:04.197000 to 2026-05-13 16:45:01.437000,ADB,2026-05-15T09:01:36.776364Z
2026-05-13T00:00:00Z,Treasury_GBP,EOD,ALM,Rate,Bond,5y.Treasury_GBP,5y,5y,true,0.04604000,0.04603000,0.04601000,1826,0,null,Act/360,LNB,GBP,MODFOLLOWING,RiskFree,1800,null,1965,7207328,1,1,3335,2026-05-13T16:38:30.023Z,2026-05-14,2026-05-14T13:17:15.46Z,v_curverates.csv,gwam_dev_ds.inv_ga_typed.alm_curverates | Slice: 2026-04-07 16:45:04.197000 to 2026-05-13 16:45:01.437000,ADB,2026-05-15T09:01:36.776364Z
2026-05-13T00:00:00Z,Treasury_GBP,EOD,ALM,Rate,Bond,6y.Treasury_GBP,6y,6y,false,0.04657000,0.04656000,0.04654000,2192,0,null,Act/360,LNB,GBP,MODFOLLOWING,RiskFree,2160,null,1966,7207328,1,1,3335,2026-05-13T16:38:30.023Z,2026-05-14,2026-05-14T13:17:15.46Z,v_curverates.csv,gwam_dev_ds.inv_ga_typed.alm_curverates | Slice: 2026-04-07 16:45:04.197000 to 2026-05-13 16:45:01.437000,ADB,2026-05-15T09:01:36.776364Z
2026-05-13T00:00:00Z,Treasury_GBP,EOD,ALM,Rate,Bond,7y.Treasury_GBP,7y,7y,true,0.04789000,0.04788000,0.04786000,2557,0,null,Act/360,LNB,GBP,MODFOLLOWING,RiskFree,2520,null,1967,7207328,1,1,3335,2026-05-13T16:38:30.023Z,2026-05-14,2026-05-14T13:17:15.46Z,v_curverates.csv,gwam_dev_ds.inv_ga_typed.alm_curverates | Slice: 2026-04-07 16:45:04.197000 to 2026-05-13 16:45:01.437000,ADB,2026-05-15T09:01:36.776364Z
2026-05-13T00:00:00Z,Treasury_GBP,EOD,ALM,Rate,Bond,8y.Treasury_GBP,8y,8y,false,0.04938000,0.04937000,0.04936000,2922,0,null,Act/360,LNB,GBP,MODFOLLOWING,RiskFree,2880,null,1968,7207328,1,1,3335,2026-05-13T16:38:30.023Z,2026-05-14,2026-05-14T13:17:15.46Z,v_curverates.csv,gwam_dev_ds.inv_ga_typed.alm_curverates | Slice: 2026-04-07 16:45:04.197000 to 2026-05-13 16:45:01.437000,ADB,2026-05-15T09:01:36.776364Z
2026-05-13T00:00:00Z,Treasury_GBP,EOD,ALM,Rate,Bond,9y.Treasury_GBP,9y,9y,false,0.05002000,0.05002000,0.05001000,3287,0,null,Act/360,LNB,GBP,MODFOLLOWING,RiskFree,3240,null,1969,7207328,1,1,3335,2026-05-13T16:38:30.023Z,2026-05-14,2026-05-14T13:17:15.46Z,v_curverates.csv,gwam_dev_ds.inv_ga_typed.alm_curverates | Slice: 2026-04-07 16:45:04.197000 to 2026-05-13 16:45:01.437000,ADB,2026-05-15T09:01:36.776364Z
2026-05-13T00:00:00Z,Treasury_GBP,EOD,ALM,Rate,Bond,10y.Treasury_GBP,10y,10y,true,0.05065000,0.05064000,0.05064000,3653,0,null,Act/360,LNB,GBP,MODFOLLOWING,RiskFree,3600,null,1970,7207328,1,1,3335,2026-05-13T16:38:30.023Z,2026-05-14,2026-05-14T13:17:15.46Z,v_curverates.csv,gwam_dev_ds.inv_ga_typed.alm_curverates | Slice: 2026-04-07 16:45:04.197000 to 2026-05-13 16:45:01.437000,ADB,2026-05-15T09:01:36.776364Z
2026-05-13T00:00:00Z,Treasury_GBP,EOD,ALM,Rate,Bond,12y.Treasury_GBP,12y,12y,true,0.05291000,0.05290000,0.05290000,4383,0,null,Act/360,LNB,GBP,MODFOLLOWING,RiskFree,4320,null,1971,7207328,1,1,3335,2026-05-13T16:38:30.023Z,2026-05-14,2026-05-14T13:17:15.46Z,v_curverates.csv,gwam_dev_ds.inv_ga_typed.alm_curverates | Slice: 2026-04-07 16:45:04.197000 to 2026-05-13 16:45:01.437000,ADB,2026-05-15T09:01:36.776364Z
2026-05-13T00:00:00Z,Treasury_GBP,EOD,ALM,Rate,Bond,15y.Treasury_GBP,15y,15y,true,0.05474000,0.05474000,0.05473000,5479,0,null,Act/360,LNB,GBP,MODFOLLOWING,RiskFree,5400,null,1972,7207328,1,1,3335,2026-05-13T16:38:30.023Z,2026-05-14,2026-05-14T13:17:15.46Z,v_curverates.csv,gwam_dev_ds.inv_ga_typed.alm_curverates | Slice: 2026-04-07 16:45:04.197000 to 2026-05-13 16:45:01.437000,ADB,2026-05-15T09:01:36.776364Z
2026-05-13T00:00:00Z,Treasury_GBP,EOD,ALM,Rate,Bond,20y.Treasury_GBP,20y,20y,true,0.05680000,0.05680000,0.05679000,7305,0,null,Act/360,LNB,GBP,MODFOLLOWING,RiskFree,7200,null,1973,7207328,1,1,3335,2026-05-13T16:38:30.023Z,2026-05-14,2026-05-14T13:17:15.46Z,v_curverates.csv,gwam_dev_ds.inv_ga_typed.alm_curverates | Slice: 2026-04-07 16:45:04.197000 to 2026-05-13 16:45:01.437000,ADB,2026-05-15T09:01:36.776364Z
2026-05-13T00:00:00Z,Treasury_GBP,EOD,ALM,Rate,Bond,25y.Treasury_GBP,25y,25y,true,0.05732000,0.05732000,0.05731000,9131,0,null,Act/360,LNB,GBP,MODFOLLOWING,RiskFree,9000,null,1974,7207328,1,1,3335,2026-05-13T16:38:30.023Z,2026-05-14,2026-05-14T13:17:15.46Z,v_curverates.csv,gwam_dev_ds.inv_ga_typed.alm_curverates | Slice: 2026-04-07 16:45:04.197000 to 2026-05-13 16:45:01.437000,ADB,2026-05-15T09:01:36.776364Z
2026-05-13T00:00:00Z,Treasury_GBP,EOD,ALM,Rate,Bond,30y.Treasury_GBP,30y,30y,true,0.05740000,0.05740000,0.05739000,10958,0,null,Act/360,LNB,GBP,MODFOLLOWING,RiskFree,10800,null,1975,7207328,1,1,3335,2026-05-13T16:38:30.023Z,2026-05-14,2026-05-14T13:17:15.46Z,v_curverates.csv,gwam_dev_ds.inv_ga_typed.alm_curverates | Slice: 2026-04-07 16:45:04.197000 to 2026-05-13 16:45:01.437000,ADB,2026-05-15T09:01:36.776364Z
2026-05-13T00:00:00Z,Treasury_GBP,EOD,ALM,Rate,Bond,40y.Treasury_GBP,40y,40y,false,0.05705000,0.05704000,0.05703000,14610,0,null,Act/360,LNB,GBP,MODFOLLOWING,RiskFree,14400,null,1976,7207328,1,1,3335,2026-05-13T16:38:30.023Z,2026-05-14,2026-05-14T13:17:15.46Z,v_curverates.csv,gwam_dev_ds.inv_ga_typed.alm_curverates | Slice: 2026-04-07 16:45:04.197000 to 2026-05-13 16:45:01.437000,ADB,2026-05-15T09:01:36.776364Z
2026-05-13T00:00:00Z,Treasury_GBP,EOD,ALM,Rate,Bond,50y.Treasury_GBP,50y,50y,false,0.05282000,0.05278000,0.05274000,18263,0,null,Act/360,LNB,GBP,MODFOLLOWING,RiskFree,18000,null,1977,7207328,1,1,3335,2026-05-13T16:38:30.023Z,2026-05-14,2026-05-14T13:17:15.46Z,v_curverates.csv,gwam_dev_ds.inv_ga_typed.alm_curverates | Slice: 2026-04-07 16:45:04.197000 to 2026-05-13 16:45:01.437000,ADB,2026-05-15T09:01:36.776364Z
2026-05-13T00:00:00Z,Treasury_IDR,EOD,ALM,Rate,Cash,3m.Treasury_IDR,3m,3m,true,0.05806000,0.05294000,0.04782000,92,0,null,Act/360,JAB,IDR,MODFOLLOWING,RiskFree,90,null,1978,7207330,1,1,3330,2026-05-13T16:38:30.31Z,2026-05-14,2026-05-14T13:17:15.46Z,v_curverates.csv,gwam_dev_ds.inv_ga_typed.alm_curverates | Slice: 2026-04-07 16:45:04.197000 to 2026-05-13 16:45:01.437000,ADB,2026-05-15T09:01:36.776364Z
2026-05-13T00:00:00Z,Treasury_IDR,EOD,ALM,Rate,Cash,6m.Treasury_IDR,6m,6m,true,null,0.06344000,null,184,0,null,Act/360,JAB,IDR,MODFOLLOWING,RiskFree,180,null,1979,7207330,1,1,3330,2026-05-13T16:38:30.31Z,2026-05-14,2026-05-14T13:17:15.46Z,v_curverates.csv,gwam_dev_ds.inv_ga_typed.alm_curverates | Slice: 2026-04-07 16:45:04.197000 to 2026-05-13 16:45:01.437000,ADB,2026-05-15T09:01:36.776364Z
2026-05-13T00:00:00Z,Treasury_IDR,EOD,ALM,Rate,Cash,9m.Treasury_IDR,9m,9m,false,0.06135000,0.05820000,0.05506000,276,0,null,Act/360,JAB,IDR,MODFOLLOWING,RiskFree,270,null,1980,7207330,1,1,3330,2026-05-13T16:38:30.31Z,2026-05-14,2026-05-14T13:17:15.46Z,v_curverates.csv,gwam_dev_ds.inv_ga_typed.alm_curverates | Slice: 2026-04-07 16:45:04.197000 to 2026-05-13 16:45:01.437000,ADB,2026-05-15T09:01:36.776364Z
2026-05-13T00:00:00Z,Treasury_IDR,EOD,ALM,Rate,Bond,1y.Treasury_IDR,1y,1y,true,0.06245000,0.06136000,0.06027000,365,0,null,Act/360,JAB,IDR,MODFOLLOWING,RiskFree,360,null,1981,7207330,1,1,3330,2026-05-13T16:38:30.31Z,2026-05-14,2026-05-14T13:17:15.46Z,v_curverates.csv,gwam_dev_ds.inv_ga_typed.alm_curverates | Slice: 2026-04-07 16:45:04.197000 to 2026-05-13 16:45:01.437000,ADB,2026-05-15T09:01:36.776364Z
2026-05-13T00:00:00Z,Treasury_IDR,EOD,ALM,Rate,Bond,2y.Treasury_IDR,2y,2y,true,0.06345000,0.06265000,0.06186000,731,0,null,Act/360,JAB,IDR,MODFOLLOWING,RiskFree,720,null,1982,7207330,1,1,3330,2026-05-13T16:38:30.31Z,2026-05-14,2026-05-14T13:17:15.46Z,v_curverates.csv,gwam_dev_ds.inv_ga_typed.alm_curverates | Slice: 2026-04-07 16:45:04.197000 to 2026-05-13 16:45:01.437000,ADB,2026-05-15T09:01:36.776364Z
2026-05-13T00:00:00Z,Treasury_IDR,EOD,ALM,Rate,Bond,3y.Treasury_IDR,3y,3y,true,0.06438000,0.06381000,0.06323000,1096,0,null,Act/360,JAB,IDR,MODFOLLOWING,RiskFree,1080,null,1983,7207330,1,1,3330,2026-05-13T16:38:30.31Z,2026-05-14,2026-05-14T13:17:15.46Z,v_curverates.csv,gwam_dev_ds.inv_ga_typed.alm_curverates | Slice: 2026-04-07 16:45:04.197000 to 2026-05-13 16:45:01.437000,ADB,2026-05-15T09:01:36.776364Z
2026-05-13T00:00:00Z,Treasury_IDR,EOD,ALM,Rate,Bond,4y.Treasury_IDR,4y,4y,false,0.06596000,0.06554000,0.06511000,1461,0,null,Act/360,JAB,IDR,MODFOLLOWING,RiskFree,1440,null,1984,7207330,1,1,3330,2026-05-13T16:38:30.31Z,2026-05-14,2026-05-14T13:17:15.46Z,v_curverates.csv,gwam_dev_ds.inv_ga_typed.alm_curverates | Slice: 2026-04-07 16:45:04.197000 to 2026-05-13 16:45:01.437000,ADB,2026-05-15T09:01:36.776364Z
2026-05-13T00:00:00Z,Treasury_IDR,EOD,ALM,Rate,Bond,5y.Treasury_IDR,5y,5y,true,0.06618000,0.06576000,0.06534000,1826,0,null,Act/360,JAB,IDR,MODFOLLOWING,RiskFree,1800,null,1985,7207330,1,1,3330,2026-05-13T16:38:30.31Z,2026-05-14,2026-05-14T13:17:15.46Z,v_curverates.csv,gwam_dev_ds.inv_ga_typed.alm_curverates | Slice: 2026-04-07 16:45:04.197000 to 2026-05-13 16:45:01.437000,ADB,2026-05-15T09:01:36.776364Z
2026-05-13T00:00:00Z,Treasury_IDR,EOD,ALM,Rate,Bond,6y.Treasury_IDR,6y,6y,false,0.06689000,0.06641000,0.06593000,2192,0,null,Act/360,JAB,IDR,MODFOLLOWING,RiskFree,2160,null,1986,7207330,1,1,3330,2026-05-13T16:38:30.31Z,2026-05-14,2026-05-14T13:17:15.46Z,v_curverates.csv,gwam_dev_ds.inv_ga_typed.alm_curverates | Slice: 2026-04-07 16:45:04.197000 to 2026-05-13 16:45:01.437000,ADB,2026-05-15T09:01:36.776364Z
2026-05-13T00:00:00Z,Treasury_IDR,EOD,ALM,Rate,Bond,7y.Treasury_IDR,7y,7y,true,0.06730000,0.06694000,0.06659000,2557,0,null,Act/360,JAB,IDR,MODFOLLOWING,RiskFree,2520,null,1987,7207330,1,1,3330,2026-05-13T16:38:30.31Z,2026-05-14,2026-05-14T13:17:15.46Z,v_curverates.csv,gwam_dev_ds.inv_ga_typed.alm_curverates | Slice: 2026-04-07 16:45:04.197000 to 2026-05-13 16:45:01.437000,ADB,2026-05-15T09:01:36.776364Z
2026-05-13T00:00:00Z,Treasury_IDR,EOD,ALM,Rate,Bond,8y.Treasury_IDR,8y,8y,false,0.06743000,0.06703000,0.06664000,2922,0,null,Act/360,JAB,IDR,MODFOLLOWING,RiskFree,2880,null,1988,7207330,1,1,3330,2026-05-13T16:38:30.31Z,2026-05-14,2026-05-14T13:17:15.46Z,v_curverates.csv,gwam_dev_ds.inv_ga_typed.alm_curverates | Slice: 2026-04-07 16:45:04.197000 to 2026-05-13 16:45:01.437000,ADB,2026-05-15T09:01:36.776364Z
2026-05-13T00:00:00Z,Treasury_IDR,EOD,ALM,Rate,Bond,9y.Treasury_IDR,9y,9y,false,0.06758000,0.06734000,0.06709000,3287,0,null,Act/360,JAB,IDR,MODFOLLOWING,RiskFree,3240,null,1989,7207330,1,1,3330,2026-05-13T16:38:30.31Z,2026-05-14,2026-05-14T13:17:15.46Z,v_curverates.csv,gwam_dev_ds.inv_ga_typed.alm_curverates | Slice: 2026-04-07 16:45:04.197000 to 2026-05-13 16:45:01.437000,ADB,2026-05-15T09:01:36.776364Z
2026-05-13T00:00:00Z,Treasury_IDR,EOD,ALM,Rate,Bond,10y.Treasury_IDR,10y,10y,true,0.06691000,0.06675000,0.06659000,3653,0,null,Act/360,JAB,IDR,MODFOLLOWING,RiskFree,3600,null,1990,7207330,1,1,3330,2026-05-13T16:38:30.31Z,2026-05-14,2026-05-14T13:17:15.46Z,v_curverates.csv,gwam_dev_ds.inv_ga_typed.alm_curverates | Slice: 2026-04-07 16:45:04.197000 to 2026-05-13 16:45:01.437000,ADB,2026-05-15T09:01:36.776364Z
2026-05-13T00:00:00Z,Treasury_IDR,EOD,ALM,Rate,Bond,11y.Treasury_IDR,11y,11y,false,0.06724000,0.06667000,0.06609000,4018,0,null,Act/360,JAB,IDR,MODFOLLOWING,RiskFree,3960,null,1991,7207330,1,1,3330,2026-05-13T16:38:30.31Z,2026-05-14,2026-05-14T13:17:15.46Z,v_curverates.csv,gwam_dev_ds.inv_ga_typed.alm_curverates | Slice: 2026-04-07 16:45:04.197000 to 2026-05-13 16:45:01.437000,ADB,2026-05-15T09:01:36.776364Z
2026-05-13T00:00:00Z,Treasury_IDR,EOD,ALM,Rate,Bond,12y.Treasury_IDR,12y,12y,true,0.06816000,0.06790000,0.06765000,4383,0,null,Act/360,JAB,IDR,MODFOLLOWING,RiskFree,4320,null,1992,7207330,1,1,3330,2026-05-13T16:38:30.31Z,2026-05-14,2026-05-14T13:17:15.46Z,v_curverates.csv,gwam_dev_ds.inv_ga_typed.alm_curverates | Slice: 2026-04-07 16:45:04.197000 to 2026-05-13 16:45:01.437000,ADB,2026-05-15T09:01:36.776364Z
2026-05-13T00:00:00Z,Treasury_IDR,EOD,ALM,Rate,Bond,13y.Treasury_IDR,13y,13y,false,0.06838000,0.06810000,0.06783000,4748,0,null,Act/360,JAB,IDR,MODFOLLOWING,RiskFree,4680,null,1993,7207330,1,1,3330,2026-05-13T16:38:30.31Z,2026-05-14,2026-05-14T13:17:15.46Z,v_curverates.csv,gwam_dev_ds.inv_ga_typed.alm_curverates | Slice: 2026-04-07 16:45:04.197000 to 2026-05-13 16:45:01.437000,ADB,2026-05-15T09:01:36.776364Z
2026-05-13T00:00:00Z,Treasury_IDR,EOD,ALM,Rate,Bond,15y.Treasury_IDR,15y,15y,true,0.06850000,0.06830000,0.06809000,5479,0,null,Act/360,JAB,IDR,MODFOLLOWING,RiskFree,5400,null,1994,7207330,1,1,3330,2026-05-13T16:38:30.31Z,2026-05-14,2026-05-14T13:17:15.46Z,v_curverates.csv,gwam_dev_ds.inv_ga_typed.alm_curverates | Slice: 2026-04-07 16:45:04.197000 to 2026-05-13 16:45:01.437000,ADB,2026-05-15T09:01:36.776364Z
2026-05-13T00:00:00Z,Treasury_IDR,EOD,ALM,Rate,Bond,16y.Treasury_IDR,16y,16y,false,0.06828000,0.06792000,0.06756000,5844,0,null,Act/360,JAB,IDR,MODFOLLOWING,RiskFree,5760,null,1995,7207330,1,1,3330,2026-05-13T16:38:30.31Z,2026-05-14,2026-05-14T13:17:15.46Z,v_curverates.csv,gwam_dev_ds.inv_ga_typed.alm_curverates | Slice: 2026-04-07 16:45:04.197000 to 2026-05-13 16:45:01.437000,ADB,2026-05-15T09:01:36.776364Z
2026-05-13T00:00:00Z,Treasury_IDR,EOD,ALM,Rate,Bond,18y.Treasury_IDR,18y,18y,false,0.06925000,0.06891000,0.06857000,6575,0,null,Act/360,JAB,IDR,MODFOLLOWING,RiskFree,6480,null,1996,7207330,1,1,3330,2026-05-13T16:38:30.31Z,2026-05-14,2026-05-14T13:17:15.46Z,v_curverates.csv,gwam_dev_ds.inv_ga_typed.alm_curverates | Slice: 2026-04-07 16:45:04.197000 to 2026-05-13 16:45:01.437000,ADB,2026-05-15T09:01:36.776364Z
2026-05-13T00:00:00Z,Treasury_IDR,EOD,ALM,Rate,Bond,20y.Treasury_IDR,20y,20y,true,0.06836000,0.06819000,0.06801000,7305,0,null,Act/360,JAB,IDR,MODFOLLOWING,RiskFree,7200,null,1997,7207330,1,1,3330,2026-05-13T16:38:30.31Z,2026-05-14,2026-05-14T13:17:15.46Z,v_curverates.csv,gwam_dev_ds.inv_ga_typed.alm_curverates | Slice: 2026-04-07 16:45:04.197000 to 2026-05-13 16:45:01.437000,ADB,2026-05-15T09:01:36.776364Z
2026-05-13T00:00:00Z,Treasury_IDR,EOD,ALM,Rate,Bond,25y.Treasury_IDR,25y,25y,true,0.06921000,0.06888000,0.06855000,9131,0,null,Act/360,JAB,IDR,MODFOLLOWING,RiskFree,9000,null,1998,7207330,1,1,3330,2026-05-13T16:38:30.31Z,2026-05-14,2026-05-14T13:17:15.46Z,v_curverates.csv,gwam_dev_ds.inv_ga_typed.alm_curverates | Slice: 2026-04-07 16:45:04.197000 to 2026-05-13 16:45:01.437000,ADB,2026-05-15T09:01:36.776364Z
2026-05-13T00:00:00Z,Treasury_IDR,EOD,ALM,Rate,Bond,30y.Treasury_IDR,30y,30y,true,0.06906000,0.06881000,0.06857000,10958,0,null,Act/360,JAB,IDR,MODFOLLOWING,RiskFree,10800,null,1999,7207330,1,1,3330,2026-05-13T16:38:30.31Z,2026-05-14,2026-05-14T13:17:15.46Z,v_curverates.csv,gwam_dev_ds.inv_ga_typed.alm_curverates | Slice: 2026-04-07 16:45:04.197000 to 2026-05-13 16:45:01.437000,ADB,2026-05-15T09:01:36.776364Z
2026-05-13T00:00:00Z,Treasury_NOK,EOD,ALM,Rate,Cash,3m.Treasury_NOK,3m,3m,true,0.04460000,0.04294000,0.04142000,92,0,null,Act/360,OSB,NOK,MODFOLLOWING,RiskFree,90,null,2017,7207335,2,1,8583,2026-05-13T16:38:30.857Z,2026-05-14,2026-05-14T13:17:15.46Z,v_curverates.csv,gwam_dev_ds.inv_ga_typed.alm_curverates | Slice: 2026-04-07 16:45:04.197000 to 2026-05-13 16:45:01.437000,ADB,2026-05-15T09:01:36.776364Z
2026-05-13T00:00:00Z,Treasury_NOK,EOD,ALM,Rate,Cash,6m.Treasury_NOK,6m,6m,true,0.04511000,0.04428000,0.04348000,184,0,null,Act/360,OSB,NOK,MODFOLLOWING,RiskFree,180,null,2018,7207335,2,1,8583,2026-05-13T16:38:30.857Z,2026-05-14,2026-05-14T13:17:15.46Z,v_curverates.csv,gwam_dev_ds.inv_ga_typed.alm_curverates | Slice: 2026-04-07 16:45:04.197000 to 2026-05-13 16:45:01.437000,ADB,2026-05-15T09:01:36.776364Z
2026-05-13T00:00:00Z,Treasury_NOK,EOD,ALM,Rate,Cash,9m.Treasury_NOK,9m,9m,false,0.04636000,0.04551000,0.04466000,276,0,null,Act/360,OSB,NOK,MODFOLLOWING,RiskFree,270,null,2019,7207335,2,1,8583,2026-05-13T16:38:30.857Z,2026-05-14,2026-05-14T13:17:15.46Z,v_curverates.csv,gwam_dev_ds.inv_ga_typed.alm_curverates | Slice: 2026-04-07 16:45:04.197000 to 2026-05-13 16:45:01.437000,ADB,2026-05-15T09:01:36.776364Z
2026-05-13T00:00:00Z,Treasury_NOK,EOD,ALM,Rate,Bond,1y.Treasury_NOK,1y,1y,true,0.04684000,0.04615000,0.04546000,365,0,null,Act/360,OSB,NOK,MODFOLLOWING,RiskFree,360,null,2020,7207335,2,1,8583,2026-05-13T16:38:30.857Z,2026-05-14,2026-05-14T13:17:15.46Z,v_curverates.csv,gwam_dev_ds.inv_ga_typed.alm_curverates | Slice: 2026-04-07 16:45:04.197000 to 2026-05-13 16:45:01.437000,ADB,2026-05-15T09:01:36.776364Z
2026-05-13T00:00:00Z,Treasury_NOK,EOD,ALM,Rate,Bond,3y.Treasury_NOK,3y,3y,true,0.04674000,0.04653000,0.04633000,1096,0,null,Act/360,OSB,NOK,MODFOLLOWING,RiskFree,1080,null,2021,7207335,2,1,8583,2026-05-13T16:38:30.857Z,2026-05-14,2026-05-14T13:17:15.46Z,v_curverates.csv,gwam_dev_ds.inv_ga_typed.alm_curverates | Slice: 2026-04-07 16:45:04.197000 to 2026-05-13 16:45:01.437000,ADB,2026-05-15T09:01:36.776364Z
2026-05-13T00:00:00Z,Treasury_NOK,EOD,ALM,Rate,Bond,4y.Treasury_NOK,4y,4y,false,0.04615000,0.04597000,0.04579000,1461,0,null,Act/360,OSB,NOK,MODFOLLOWING,RiskFree,1440,null,2022,7207335,2,1,8583,2026-05-13T16:38:30.857Z,2026-05-14,2026-05-14T13:17:15.46Z,v_curverates.csv,gwam_dev_ds.inv_ga_typed.alm_curverates | Slice: 2026-04-07 16:45:04.197000 to 2026-05-13 16:45:01.437000,ADB,2026-05-15T09:01:36.776364Z
2026-05-13T00:00:00Z,Treasury_NOK,EOD,ALM,Rate,Bond,5y.Treasury_NOK,5y,5y,true,0.04546000,0.04529000,0.04512000,1826,0,null,Act/360,OSB,NOK,MODFOLLOWING,RiskFree,1800,null,2023,7207335,2,1,8583,2026-05-13T16:38:30.857Z,2026-05-14,2026-05-14T13:17:15.46Z,v_curverates.csv,gwam_dev_ds.inv_ga_typed.alm_curverates | Slice: 2026-04-07 16:45:04.197000 to 2026-05-13 16:45:01.437000,ADB,2026-05-15T09:01:36.776364Z
2026-05-13T00:00:00Z,Treasury_NOK,EOD,ALM,Rate,Bond,6y.Treasury_NOK,6y,6y,false,0.04513000,0.04495000,0.04477000,2192,0,null,Act/360,OSB,NOK,MODFOLLOWING,RiskFree,2160,null,2024,7207335,2,1,8583,2026-05-13T16:38:30.857Z,2026-05-14,2026-05-14T13:17:15.46Z,v_curverates.csv,gwam_dev_ds.inv_ga_typed.alm_curverates | Slice: 2026-04-07 16:45:04.197000 to 2026-05-13 16:45:01.437000,ADB,2026-05-15T09:01:36.776364Z
2026-05-13T00:00:00Z,Treasury_NOK,EOD,ALM,Rate,Bond,7y.Treasury_NOK,7y,7y,true,0.04459000,0.04441000,0.04423000,2557,0,null,Act/360,OSB,NOK,MODFOLLOWING,RiskFree,2520,null,2025,7207335,2,1,8583,2026-05-13T16:38:30.857Z,2026-05-14,2026-05-14T13:17:15.46Z,v_curverates.csv,gwam_dev_ds.inv_ga_typed.alm_curverates | Slice: 2026-04-07 16:45:04.197000 to 2026-05-13 16:45:01.437000,ADB,2026-05-15T09:01:36.776364Z
2026-05-13T00:00:00Z,Treasury_NOK,EOD,ALM,Rate,Bond,8y.Treasury_NOK,8y,8y,false,0.04456000,0.04438000,0.04421000,2922,0,null,Act/360,OSB,NOK,MODFOLLOWING,RiskFree,2880,null,2026,7207335,2,1,8583,2026-05-13T16:38:30.857Z,2026-05-14,2026-05-14T13:17:15.46Z,v_curverates.csv,gwam_dev_ds.inv_ga_typed.alm_curverates | Slice: 2026-04-07 16:45:04.197000 to 2026-05-13 16:45:01.437000,ADB,2026-05-15T09:01:36.776364Z
2026-05-13T00:00:00Z,Treasury_NOK,EOD,ALM,Rate,Bond,9y.Treasury_NOK,9y,9y,false,0.04467000,0.04449000,0.04431000,3287,0,null,Act/360,OSB,NOK,MODFOLLOWING,RiskFree,3240,null,2027,7207335,2,1,8583,2026-05-13T16:38:30.857Z,2026-05-14,2026-05-14T13:17:15.46Z,v_curverates.csv,gwam_dev_ds.inv_ga_typed.alm_curverates | Slice: 2026-04-07 16:45:04.197000 to 2026-05-13 16:45:01.437000,ADB,2026-05-15T09:01:36.776364Z
2026-05-13T00:00:00Z,Treasury_NOK,EOD,ALM,Rate,Bond,10y.Treasury_NOK,10y,10y,true,0.04504000,0.04489000,0.04473000,3653,0,null,Act/360,OSB,NOK,MODFOLLOWING,RiskFree,3600,null,2028,7207335,2,1,8583,2026-05-13T16:38:30.857Z,2026-05-14,2026-05-14T13:17:15.46Z,v_curverates.csv,gwam_dev_ds.inv_ga_typed.alm_curverates | Slice: 2026-04-07 16:45:04.197000 to 2026-05-13 16:45:01.437000,ADB,2026-05-15T09:01:36.776364Z
2026-05-13T00:00:00Z,Treasury_NZD,EOD,ALM,Rate,Bond,2y.Treasury_NZD,2y,2y,true,0.03738000,0.03724000,0.03710000,731,0,null,Act/360,WEB,NZD,MODFOLLOWING,RiskFree,720,null,2029,7207338,3,1,12432,2026-05-13T16:38:31.15Z,2026-05-14,2026-05-14T13:17:15.46Z,v_curverates.csv,gwam_dev_ds.inv_ga_typed.alm_curverates | Slice: 2026-04-07 16:45:04.197000 to 2026-05-13 16:45:01.437000,ADB,2026-05-15T09:01:36.776364Z
2026-05-13T00:00:00Z,Treasury_NZD,EOD,ALM,Rate,Bond,5y.Treasury_NZD,5y,5y,true,0.04284000,0.04268000,0.04253000,1826,0,null,Act/360,WEB,NZD,MODFOLLOWING,RiskFree,1800,null,2030,7207338,3,1,12432,2026-05-13T16:38:31.15Z,2026-05-14,2026-05-14T13:17:15.46Z,v_curverates.csv,gwam_dev_ds.inv_ga_typed.alm_curverates | Slice: 2026-04-07 16:45:04.197000 to 2026-05-13 16:45:01.437000,ADB,2026-05-15T09:01:36.776364Z
2026-05-13T00:00:00Z,Treasury_NZD,EOD,ALM,Rate,Bond,7y.Treasury_NZD,7y,7y,true,0.04506000,0.04491000,0.04476000,2557,0,null,Act/360,WEB,NZD,MODFOLLOWING,RiskFree,2520,null,2031,7207338,3,1,12432,2026-05-13T16:38:31.15Z,2026-05-14,2026-05-14T13:17:15.46Z,v_curverates.csv,gwam_dev_ds.inv_ga_typed.alm_curverates | Slice: 2026-04-07 16:45:04.197000 to 2026-05-13 16:45:01.437000,ADB,2026-05-15T09:01:36.776364Z
2026-05-13T00:00:00Z,Treasury_NZD,EOD,ALM,Rate,Bond,10y.Treasury_NZD,10y,10y,true,0.04762000,0.04748000,0.04733000,3653,0,null,Act/360,WEB,NZD,MODFOLLOWING,RiskFree,3600,null,2032,7207338,3,1,12432,2026-05-13T16:38:31.15Z,2026-05-14,2026-05-14T13:17:15.46Z,v_curverates.csv,gwam_dev_ds.inv_ga_typed.alm_curverates | Slice: 2026-04-07 16:45:04.197000 to 2026-05-13 16:45:01.437000,ADB,2026-05-15T09:01:36.776364Z
2026-05-13T00:00:00Z,Treasury_NZD,EOD,ALM,Rate,Bond,15y.Treasury_NZD,15y,15y,true,0.05126000,0.05109000,0.05092000,5479,0,null,Act/360,WEB,NZD,MODFOLLOWING,RiskFree,5400,null,2033,7207338,3,1,12432,2026-05-13T16:38:31.15Z,2026-05-14,2026-05-14T13:17:15.46Z,v_curverates.csv,gwam_dev_ds.inv_ga_typed.alm_curverates | Slice: 2026-04-07 16:45:04.197000 to 2026-05-13 16:45:01.437000,ADB,2026-05-15T09:01:36.776364Z
2026-05-13T00:00:00Z,Treasury_PHP,EOD,ALM,Rate,Bond,3y.Treasury_PHP,3y,3y,true,0.07111000,0.06740000,0.06373000,1096,0,null,Act/360,MNB,PHP,MODFOLLOWING,RiskFree,1080,null,2034,7207340,1,1,3331,2026-05-13T16:38:31.403Z,2026-05-14,2026-05-14T13:17:15.46Z,v_curverates.csv,gwam_dev_ds.inv_ga_typed.alm_curverates | Slice: 2026-04-07 16:45:04.197000 to 2026-05-13 16:45:01.437000,ADB,2026-05-15T09:01:36.776364Z
2026-05-13T00:00:00Z,Treasury_PHP,EOD,ALM,Rate,Bond,4y.Treasury_PHP,4y,4y,false,0.06825000,0.06717000,0.06609000,1461,0,null,Act/360,MNB,PHP,MODFOLLOWING,RiskFree,1440,null,2035,7207340,1,1,3331,2026-05-13T16:38:31.403Z,2026-05-14,2026-05-14T13:17:15.46Z,v_curverates.csv,gwam_dev_ds.inv_ga_typed.alm_curverates | Slice: 2026-04-07 16:45:04.197000 to 2026-05-13 16:45:01.437000,ADB,2026-05-15T09:01:36.776364Z
2026-05-13T00:00:00Z,Treasury_PHP,EOD,ALM,Rate,Bond,10y.Treasury_PHP,10y,10y,true,0.07484000,0.07382000,0.07281000,3653,0,null,Act/360,MNB,PHP,MODFOLLOWING,RiskFree,3600,null,2036,7207340,1,1,3331,2026-05-13T16:38:31.403Z,2026-05-14,2026-05-14T13:17:15.46Z,v_curverates.csv,gwam_dev_ds.inv_ga_typed.alm_curverates | Slice: 2026-04-07 16:45:04.197000 to 2026-05-13 16:45:01.437000,ADB,2026-05-15T09:01:36.776364Z
2026-05-13T00:00:00Z,Treasury_PHP_USD,EOD,ALM,Rate,Bond,4y.Treasury_PHP_USD,4y,4y,false,0.04455000,0.04394000,0.04334000,1461,0,null,Act/360,MNB,USD,MODFOLLOWING,RiskFree,1440,null,2038,7207343,3,1,8588,2026-05-13T16:38:31.65Z,2026-05-14,2026-05-14T13:17:15.46Z,v_curverates.csv,gwam_dev_ds.inv_ga_typed.alm_curverates | Slice: 2026-04-07 16:45:04.197000 to 2026-05-13 16:45:01.437000,ADB,2026-05-15T09:01:36.776364Z
2026-05-13T00:00:00Z,Treasury_PHP_USD,EOD,ALM,Rate,Bond,5y.Treasury_PHP_USD,5y,5y,true,0.04595000,0.04549000,0.04503000,1826,0,null,Act/360,MNB,USD,MODFOLLOWING,RiskFree,1800,null,2039,7207343,3,1,8588,2026-05-13T16:38:31.65Z,2026-05-14,2026-05-14T13:17:15.46Z,v_curverates.csv,gwam_dev_ds.inv_ga_typed.alm_curverates | Slice: 2026-04-07 16:45:04.197000 to 2026-05-13 16:45:01.437000,ADB,2026-05-15T09:01:36.776364Z
2026-05-13T00:00:00Z,Treasury_PHP_USD,EOD,ALM,Rate,Bond,6y.Treasury_PHP_USD,6y,6y,false,0.04704000,0.04652000,0.04600000,2192,0,null,Act/360,MNB,USD,MODFOLLOWING,RiskFree,2160,null,2040,7207343,3,1,8588,2026-05-13T16:38:31.65Z,2026-05-14,2026-05-14T13:17:15.46Z,v_curverates.csv,gwam_dev_ds.inv_ga_typed.alm_curverates | Slice: 2026-04-07 16:45:04.197000 to 2026-05-13 16:45:01.437000,ADB,2026-05-15T09:01:36.776364Z
2026-05-13T00:00:00Z,Treasury_PHP_USD,EOD,ALM,Rate,Bond,8y.Treasury_PHP_USD,8y,8y,false,0.05130000,0.05098000,0.05066000,2922,0,null,Act/360,MNB,USD,MODFOLLOWING,RiskFree,2880,null,2041,7207343,3,1,8588,2026-05-13T16:38:31.65Z,2026-05-14,2026-05-14T13:17:15.46Z,v_curverates.csv,gwam_dev_ds.inv_ga_typed.alm_curverates | Slice: 2026-04-07 16:45:04.197000 to 2026-05-13 16:45:01.437000,ADB,2026-05-15T09:01:36.776364Z
2026-05-13T00:00:00Z,Treasury_PHP_USD,EOD,ALM,Rate,Bond,10y.Treasury_PHP_USD,10y,10y,true,0.05275000,0.05258000,0.05241000,3653,0,null,Act/360,MNB,USD,MODFOLLOWING,RiskFree,3600,null,2042,7207343,3,1,8588,2026-05-13T16:38:31.65Z,2026-05-14,2026-05-14T13:17:15.46Z,v_curverates.csv,gwam_dev_ds.inv_ga_typed.alm_curverates | Slice: 2026-04-07 16:45:04.197000 to 2026-05-13 16:45:01.437000,ADB,2026-05-15T09:01:36.776364Z
2026-05-13T00:00:00Z,Treasury_PHP_USD,EOD,ALM,Rate,Bond,11y.Treasury_PHP_USD,11y,11y,false,0.05354956,0.05335358,0.05315559,4018,0,null,Act/360,MNB,USD,MODFOLLOWING,RiskFree,3960,null,2043,7207343,3,1,8588,2026-05-13T16:38:31.65Z,2026-05-14,2026-05-14T13:17:15.46Z,v_curverates.csv,gwam_dev_ds.inv_ga_typed.alm_curverates | Slice: 2026-04-07 16:45:04.197000 to 2026-05-13 16:45:01.437000,ADB,2026-05-15T09:01:36.776364Z
2026-05-13T00:00:00Z,Treasury_PHP_USD,EOD,ALM,Rate,Bond,12y.Treasury_PHP_USD,12y,12y,true,0.05434912,0.05412715,0.05390118,4383,0,null,Act/360,MNB,USD,MODFOLLOWING,RiskFree,4320,null,2044,7207343,3,1,8588,2026-05-13T16:38:31.65Z,2026-05-14,2026-05-14T13:17:15.46Z,v_curverates.csv,gwam_dev_ds.inv_ga_typed.alm_curverates | Slice: 2026-04-07 16:45:04.197000 to 2026-05-13 16:45:01.437000,ADB,2026-05-15T09:01:36.776364Z
2026-05-13T00:00:00Z,Treasury_PHP_USD,EOD,ALM,Rate,Bond,15y.Treasury_PHP_USD,15y,15y,true,0.05675000,0.05645000,0.05614000,5479,0,null,Act/360,MNB,USD,MODFOLLOWING,RiskFree,5400,null,2045,7207343,3,1,8588,2026-05-13T16:38:31.65Z,2026-05-14,2026-05-14T13:17:15.46Z,v_curverates.csv,gwam_dev_ds.inv_ga_typed.alm_curverates | Slice: 2026-04-07 16:45:04.197000 to 2026-05-13 16:45:01.437000,ADB,2026-05-15T09:01:36.776364Z
2026-05-13T00:00:00Z,Treasury_PHP_USD,EOD,ALM,Rate,Bond,20y.Treasury_PHP_USD,20y,20y,true,0.05867000,0.05830000,0.05794000,7305,0,null,Act/360,MNB,USD,MODFOLLOWING,RiskFree,7200,null,2046,7207343,3,1,8588,2026-05-13T16:38:31.65Z,2026-05-14,2026-05-14T13:17:15.46Z,v_curverates.csv,gwam_dev_ds.inv_ga_typed.alm_curverates | Slice: 2026-04-07 16:45:04.197000 to 2026-05-13 16:45:01.437000,ADB,2026-05-15T09:01:36.776364Z
2026-05-13T00:00:00Z,Treasury_PHP_USD,EOD,ALM,Rate,Bond,25y.Treasury_PHP_USD,25y,25y,true,0.05829000,0.05811000,0.05793000,9131,0,null,Act/360,MNB,USD,MODFOLLOWING,RiskFree,9000,null,2047,7207343,3,1,8588,2026-05-13T16:38:31.65Z,2026-05-14,2026-05-14T13:17:15.46Z,v_curverates.csv,gwam_dev_ds.inv_ga_typed.alm_curverates | Slice: 2026-04-07 16:45:04.197000 to 2026-05-13 16:45:01.437000,ADB,2026-05-15T09:01:36.776364Z
2026-05-13T00:00:00Z,Treasury_SEK,EOD,ALM,Rate,Cash,3m.Treasury_SEK,3m,3m,true,0.01924000,0.01849000,0.01780000,92,0,null,Act/360,STB,SEK,MODFOLLOWING,RiskFree,90,null,2048,7207346,3,1,8585,2026-05-13T16:38:31.93Z,2026-05-14,2026-05-14T13:17:15.46Z,v_curverates.csv,gwam_dev_ds.inv_ga_typed.alm_curverates | Slice: 2026-04-07 16:45:04.197000 to 2026-05-13 16:45:01.437000,ADB,2026-05-15T09:01:36.776364Z
2026-05-13T00:00:00Z,Treasury_SEK,EOD,ALM,Rate,Bond,2y.Treasury_SEK,2y,2y,true,0.02357000,0.02337000,0.02317000,731,0,null,Act/360,STB,SEK,MODFOLLOWING,RiskFree,720,null,2049,7207346,3,1,8585,2026-05-13T16:38:31.93Z,2026-05-14,2026-05-14T13:17:15.46Z,v_curverates.csv,gwam_dev_ds.inv_ga_typed.alm_curverates | Slice: 2026-04-07 16:45:04.197000 to 2026-05-13 16:45:01.437000,ADB,2026-05-15T09:01:36.776364Z
2026-05-13T00:00:00Z,Treasury_SEK,EOD,ALM,Rate,Bond,5y.Treasury_SEK,5y,5y,true,0.02546000,0.02525000,0.02504000,1826,0,null,Act/360,STB,SEK,MODFOLLOWING,RiskFree,1800,null,2050,7207346,3,1,8585,2026-05-13T16:38:31.93Z,2026-05-14,2026-05-14T13:17:15.46Z,v_curverates.csv,gwam_dev_ds.inv_ga_typed.alm_curverates | Slice: 2026-04-07 16:45:04.197000 to 2026-05-13 16:45:01.437000,ADB,2026-05-15T09:01:36.776364Z
2026-05-13T00:00:00Z,Treasury_SEK,EOD,ALM,Rate,Bond,6y.Treasury_SEK,6y,6y,false,0.02576041,0.02553539,0.02531037,2192,0,null,Act/360,STB,SEK,MODFOLLOWING,RiskFree,2160,null,2051,7207346,3,1,8585,2026-05-13T16:38:31.93Z,2026-05-14,2026-05-14T13:17:15.46Z,v_curverates.csv,gwam_dev_ds.inv_ga_typed.alm_curverates | Slice: 2026-04-07 16:45:04.197000 to 2026-05-13 16:45:01.437000,ADB,2026-05-15T09:01:36.776364Z
2026-05-13T00:00:00Z,Treasury_SEK,EOD,ALM,Rate,Bond,8y.Treasury_SEK,8y,8y,false,0.02699000,0.02678000,0.02657000,2922,0,null,Act/360,STB,SEK,MODFOLLOWING,RiskFree,2880,null,2052,7207346,3,1,8585,2026-05-13T16:38:31.93Z,2026-05-14,2026-05-14T13:17:15.46Z,v_curverates.csv,gwam_dev_ds.inv_ga_typed.alm_curverates | Slice: 2026-04-07 16:45:04.197000 to 2026-05-13 16:45:01.437000,ADB,2026-05-15T09:01:36.776364Z
2026-05-13T00:00:00Z,Treasury_SEK,EOD,ALM,Rate,Bond,10y.Treasury_SEK,10y,10y,true,0.02867000,0.02852000,0.02837000,3653,0,null,Act/360,STB,SEK,MODFOLLOWING,RiskFree,3600,null,2053,7207346,3,1,8585,2026-05-13T16:38:31.93Z,2026-05-14,2026-05-14T13:17:15.46Z,v_curverates.csv,gwam_dev_ds.inv_ga_typed.alm_curverates | Slice: 2026-04-07 16:45:04.197000 to 2026-05-13 16:45:01.437000,ADB,2026-05-15T09:01:36.776364Z
2026-05-13T00:00:00Z,Treasury_SEK,EOD,ALM,Rate,Bond,15y.Treasury_SEK,15y,15y,true,0.02969000,0.02938000,0.02906000,5479,0,null,Act/360,STB,SEK,MODFOLLOWING,RiskFree,5400,null,2054,7207346,3,1,8585,2026-05-13T16:38:31.93Z,2026-05-14,2026-05-14T13:17:15.46Z,v_curverates.csv,gwam_dev_ds.inv_ga_typed.alm_curverates | Slice: 2026-04-07 16:45:04.197000 to 2026-05-13 16:45:01.437000,ADB,2026-05-15T09:01:36.776364Z
2026-05-13T00:00:00Z,Treasury_SEK,EOD,ALM,Rate,Bond,20y.Treasury_SEK,20y,20y,true,0.03035000,0.02992500,0.02949500,7305,0,null,Act/360,STB,SEK,MODFOLLOWING,RiskFree,7200,null,2055,7207346,3,1,8585,2026-05-13T16:38:31.93Z,2026-05-14,2026-05-14T13:17:15.46Z,v_curverates.csv,gwam_dev_ds.inv_ga_typed.alm_curverates | Slice: 2026-04-07 16:45:04.197000 to 2026-05-13 16:45:01.437000,ADB,2026-05-15T09:01:36.776364Z
2026-05-13T00:00:00Z,Treasury_CNH,EOD,ALM,Rate,Cash,1m.Treasury_CNH,1m,1y,true,0.01330000,0.01264000,0.01199000,365,0,Semi Annual,Act/360,SHB,CNH,MODFOLLOWING,RiskFree,30,null,2917,7207326,1,1,7407,2026-05-13T16:38:29.793Z,2026-05-14,2026-05-14T13:17:15.46Z,v_curverates.csv,gwam_dev_ds.inv_ga_typed.alm_curverates | Slice: 2026-04-07 16:45:04.197000 to 2026-05-13 16:45:01.437000,ADB,2026-05-15T09:01:36.776364Z
2026-05-13T00:00:00Z,Treasury_CNH,EOD,ALM,Rate,Bond,10y.Treasury_CNH,10y,10y,true,0.01830000,0.01814000,0.01797000,3653,0,Semi Annual,Act/360,SHB,CNH,MODFOLLOWING,RiskFree,3600,null,2918,7207326,1,1,7407,2026-05-13T16:38:29.793Z,2026-05-14,2026-05-14T13:17:15.46Z,v_curverates.csv,gwam_dev_ds.inv_ga_typed.alm_curverates | Slice: 2026-04-07 16:45:04.197000 to 2026-05-13 16:45:01.437000,ADB,2026-05-15T09:01:36.776364Z
2026-05-13T00:00:00Z,Treasury_CNH,EOD,ALM,Rate,Bond,15y.Treasury_CNH,15y,15y,true,0.02315000,0.02279000,0.02242000,5479,0,Semi Annual,Act/360,SHB,CNH,MODFOLLOWING,RiskFree,5400,null,2919,7207326,1,1,7407,2026-05-13T16:38:29.793Z,2026-05-14,2026-05-14T13:17:15.46Z,v_curverates.csv,gwam_dev_ds.inv_ga_typed.alm_curverates | Slice: 2026-04-07 16:45:04.197000 to 2026-05-13 16:45:01.437000,ADB,2026-05-15T09:01:36.776364Z
2026-05-13T00:00:00Z,Treasury_CNH,EOD,ALM,Rate,Bond,1y.Treasury_CNH,1y,1y,true,0.01330000,0.01264000,0.01199000,365,0,Semi Annual,Act/360,SHB,CNH,MODFOLLOWING,RiskFree,360,null,2920,7207326,1,1,7407,2026-05-13T16:38:29.793Z,2026-05-14,2026-05-14T13:17:15.46Z,v_curverates.csv,gwam_dev_ds.inv_ga_typed.alm_curverates | Slice: 2026-04-07 16:45:04.197000 to 2026-05-13 16:45:01.437000,ADB,2026-05-15T09:01:36.776364Z
2026-05-13T00:00:00Z,Treasury_CNH,EOD,ALM,Rate,Bond,20y.Treasury_CNH,20y,20y,true,0.02341000,0.02291000,0.02241000,7305,0,Semi Annual,Act/360,SHB,CNH,MODFOLLOWING,RiskFree,7200,null,2921,7207326,1,1,7407,2026-05-13T16:38:29.793Z,2026-05-14,2026-05-14T13:17:15.46Z,v_curverates.csv,gwam_dev_ds.inv_ga_typed.alm_curverates | Slice: 2026-04-07 16:45:04.197000 to 2026-05-13 16:45:01.437000,ADB,2026-05-15T09:01:36.776364Z
2026-05-13T00:00:00Z,Treasury_CNH,EOD,ALM,Rate,Bond,2y.Treasury_CNH,2y,2y,true,0.01386000,0.01342000,0.01297000,731,0,Semi Annual,Act/360,SHB,CNH,MODFOLLOWING,RiskFree,720,null,2922,7207326,1,1,7407,2026-05-13T16:38:29.793Z,2026-05-14,2026-05-14T13:17:15.46Z,v_curverates.csv,gwam_dev_ds.inv_ga_typed.alm_curverates | Slice: 2026-04-07 16:45:04.197000 to 2026-05-13 16:45:01.437000,ADB,2026-05-15T09:01:36.776364Z
2026-05-13T00:00:00Z,Treasury_CNH,EOD,ALM,Rate,Bond,30y.Treasury_CNH,30y,30y,true,0.02382000,0.02341000,0.02299000,10958,0,Semi Annual,Act/360,SHB,CNH,MODFOLLOWING,RiskFree,10800,null,2923,7207326,1,1,7407,2026-05-13T16:38:29.793Z,2026-05-14,2026-05-14T13:17:15.46Z,v_curverates.csv,gwam_dev_ds.inv_ga_typed.alm_curverates | Slice: 2026-04-07 16:45:04.197000 to 2026-05-13 16:45:01.437000,ADB,2026-05-15T09:01:36.776364Z
2026-05-13T00:00:00Z,Treasury_CNH,EOD,ALM,Rate,Cash,3m.Treasury_CNH,3m,1y,true,0.01330000,0.01264000,0.01199000,365,0,Semi Annual,Act/360,SHB,CNH,MODFOLLOWING,RiskFree,90,null,2924,7207326,1,1,7407,2026-05-13T16:38:29.793Z,2026-05-14,2026-05-14T13:17:15.46Z,v_curverates.csv,gwam_dev_ds.inv_ga_typed.alm_curverates | Slice: 2026-04-07 16:45:04.197000 to 2026-05-13 16:45:01.437000,ADB,2026-05-15T09:01:36.776364Z
2026-05-13T00:00:00Z,Treasury_CNH,EOD,ALM,Rate,Bond,3y.Treasury_CNH,3y,3y,true,0.01451000,0.01409000,0.01367000,1096,0,Semi Annual,Act/360,SHB,CNH,MODFOLLOWING,RiskFree,1080,null,2925,7207326,1,1,7407,2026-05-13T16:38:29.793Z,2026-05-14,2026-05-14T13:17:15.46Z,v_curverates.csv,gwam_dev_ds.inv_ga_typed.alm_curverates | Slice: 2026-04-07 16:45:04.197000 to 2026-05-13 16:45:01.437000,ADB,2026-05-15T09:01:36.776364Z
2026-05-13T00:00:00Z,Treasury_CNH,EOD,ALM,Rate,Bond,4y.Treasury_CNH,4y,4y,false,0.01508000,0.01461000,0.01414000,1461,0,Semi Annual,Act/360,SHB,CNH,MODFOLLOWING,RiskFree,1440,null,2926,7207326,1,1,7407,2026-05-13T16:38:29.793Z,2026-05-14,2026-05-14T13:17:15.46Z,v_curverates.csv,gwam_dev_ds.inv_ga_typed.alm_curverates | Slice: 2026-04-07 16:45:04.197000 to 2026-05-13 16:45:01.437000,ADB,2026-05-15T09:01:36.776364Z
2026-05-13T00:00:00Z,Treasury_CNH,EOD,ALM,Rate,Bond,5y.Treasury_CNH,5y,5y,true,0.01590000,0.01554000,0.01518000,1826,0,Semi Annual,Act/360,SHB,CNH,MODFOLLOWING,RiskFree,1800,null,2927,7207326,1,1,7407,2026-05-13T16:38:29.793Z,2026-05-14,2026-05-14T13:17:15.46Z,v_curverates.csv,gwam_dev_ds.inv_ga_typed.alm_curverates | Slice: 2026-04-07 16:45:04.197000 to 2026-05-13 16:45:01.437000,ADB,2026-05-15T09:01:36.776364Z
2026-05-13T00:00:00Z,Treasury_CNH,EOD,ALM,Rate,Cash,6m.Treasury_CNH,6m,1y,true,0.01330000,0.01264000,0.01199000,365,0,Semi Annual,Act/360,SHB,CNH,MODFOLLOWING,RiskFree,180,null,2928,7207326,1,1,7407,2026-05-13T16:38:29.793Z,2026-05-14,2026-05-14T13:17:15.46Z,v_curverates.csv,gwam_dev_ds.inv_ga_typed.alm_curverates | Slice: 2026-04-07 16:45:04.197000 to 2026-05-13 16:45:01.437000,ADB,2026-05-15T09:01:36.776364Z
2026-05-13T00:00:00Z,Treasury_CNH,EOD,ALM,Rate,Bond,7y.Treasury_CNH,7y,7y,true,0.01748000,0.01709000,0.01670000,2557,0,Semi Annual,Act/360,SHB,CNH,MODFOLLOWING,RiskFree,2520,null,2929,7207326,1,1,7407,2026-05-13T16:38:29.793Z,2026-05-14,2026-05-14T13:17:15.46Z,v_curverates.csv,gwam_dev_ds.inv_ga_typed.alm_curverates | Slice: 2026-04-07 16:45:04.197000 to 2026-05-13 16:45:01.437000,ADB,2026-05-15T09:01:36.776364Z
2026-05-13T00:00:00Z,Treasury_CNY,EOD,ALM,Rate,Bond,2y.Treasury_CNY,2y,2y,true,0.01271700,0.01271700,0.01271700,731,0,null,Act/360,SHB,CNY,MODFOLLOWING,RiskFree,720,null,2930,7207302,1,1,3329,2026-05-13T16:38:26.93Z,2026-05-14,2026-05-14T13:17:15.46Z,v_curverates.csv,gwam_dev_ds.inv_ga_typed.alm_curverates | Slice: 2026-04-07 16:45:04.197000 to 2026-05-13 16:45:01.437000,ADB,2026-05-15T09:01:36.776364Z
2026-05-13T00:00:00Z,Treasury_NOK,EOD,ALM,Rate,Bond,2y.Treasury_NOK,2y,2y,true,0.04687000,0.04659000,0.04632000,731,0,Semi Annual,Act/360,OSB,NOK,MODFOLLOWING,RiskFree,720,null,2974,7207335,2,1,8583,2026-05-13T16:38:30.857Z,2026-05-14,2026-05-14T13:17:15.46Z,v_curverates.csv,gwam_dev_ds.inv_ga_typed.alm_curverates | Slice: 2026-04-07 16:45:04.197000 to 2026-05-13 16:45:01.437000,ADB,2026-05-15T09:01:36.776364Z
2026-05-13T00:00:00Z,Treasury_NOK,EOD,ALM,Rate,Cash,1m.Treasury_NOK,1m,3m,true,0.04460000,0.04294000,0.04142000,92,0,Semi Annual,Act/360,OSB,NOK,MODFOLLOWING,RiskFree,30,null,2978,7207335,2,1,8583,2026-05-13T16:38:30.857Z,2026-05-14,2026-05-14T13:17:15.46Z,v_curverates.csv,gwam_dev_ds.inv_ga_typed.alm_curverates | Slice: 2026-04-07 16:45:04.197000 to 2026-05-13 16:45:01.437000,ADB,2026-05-15T09:01:36.776364Z
2026-05-13T00:00:00Z,Treasury_NZD,EOD,ALM,Rate,Cash,1m.Treasury_NZD,1m,3m,true,0.03127000,0.03063000,0.03000000,92,0,Semi Annual,Act/360,WEB,NZD,MODFOLLOWING,RiskFree,30,null,2986,7207338,3,1,12432,2026-05-13T16:38:31.15Z,2026-05-14,2026-05-14T13:17:15.46Z,v_curverates.csv,gwam_dev_ds.inv_ga_typed.alm_curverates | Slice: 2026-04-07 16:45:04.197000 to 2026-05-13 16:45:01.437000,ADB,2026-05-15T09:01:36.776364Z
2026-05-13T00:00:00Z,Treasury_NZD,EOD,ALM,Rate,Bond,20y.Treasury_NZD,20y,20y,true,0.05330000,0.05313000,0.05296000,7305,0,Semi Annual,Act/360,WEB,NZD,MODFOLLOWING,RiskFree,7200,null,2987,7207338,3,1,12432,2026-05-13T16:38:31.15Z,2026-05-14,2026-05-14T13:17:15.46Z,v_curverates.csv,gwam_dev_ds.inv_ga_typed.alm_curverates | Slice: 2026-04-07 16:45:04.197000 to 2026-05-13 16:45:01.437000,ADB,2026-05-15T09:01:36.776364Z
2026-05-13T00:00:00Z,Treasury_NZD,EOD,ALM,Rate,Bond,1y.Treasury_NZD,1y,1y,true,0.03164000,0.03101000,0.03039000,365,0,Semi Annual,Act/360,WEB,NZD,MODFOLLOWING,RiskFree,360,null,2988,7207338,3,1,12432,2026-05-13T16:38:31.15Z,2026-05-14,2026-05-14T13:17:15.46Z,v_curverates.csv,gwam_dev_ds.inv_ga_typed.alm_curverates | Slice: 2026-04-07 16:45:04.197000 to 2026-05-13 16:45:01.437000,ADB,2026-05-15T09:01:36.776364Z
2026-05-13T00:00:00Z,Treasury_NZD,EOD,ALM,Rate,Bond,6m.Treasury_NZD,6m,6m,true,0.03132000,0.03069000,0.03006000,184,0,Semi Annual,Act/360,WEB,NZD,MODFOLLOWING,RiskFree,180,null,2989,7207338,3,1,12432,2026-05-13T16:38:31.15Z,2026-05-14,2026-05-14T13:17:15.46Z,v_curverates.csv,gwam_dev_ds.inv_ga_typed.alm_curverates | Slice: 2026-04-07 16:45:04.197000 to 2026-05-13 16:45:01.437000,ADB,2026-05-15T09:01:36.776364Z
2026-05-13T00:00:00Z,Treasury_NZD,EOD,ALM,Rate,Bond,3y.Treasury_NZD,3y,3y,true,0.03936000,0.03920000,0.03905000,1096,0,Semi Annual,Act/360,WEB,NZD,MODFOLLOWING,RiskFree,1080,null,2990,7207338,3,1,12432,2026-05-13T16:38:31.15Z,2026-05-14,2026-05-14T13:17:15.46Z,v_curverates.csv,gwam_dev_ds.inv_ga_typed.alm_curverates | Slice: 2026-04-07 16:45:04.197000 to 2026-05-13 16:45:01.437000,ADB,2026-05-15T09:01:36.776364Z
2026-05-13T00:00:00Z,Treasury_NZD,EOD,ALM,Rate,Cash,3m.Treasury_NZD,3m,3m,true,0.03127000,0.03063000,0.03000000,92,0,Semi Annual,Act/360,WEB,NZD,MODFOLLOWING,RiskFree,90,null,2991,7207338,3,1,12432,2026-05-13T16:38:31.15Z,2026-05-14,2026-05-14T13:17:15.46Z,v_curverates.csv,gwam_dev_ds.inv_ga_typed.alm_curverates | Slice: 2026-04-07 16:45:04.197000 to 2026-05-13 16:45:01.437000,ADB,2026-05-15T09:01:36.776364Z
2026-05-13T00:00:00Z,Treasury_PHP,EOD,ALM,Rate,Bond,30y.Treasury_PHP,30y,25y,true,0.07878000,0.07849000,0.07820000,9131,0,Semi Annual,Act/360,MNB,PHP,MODFOLLOWING,RiskFree,10800,null,2993,7207340,1,1,3331,2026-05-13T16:38:31.403Z,2026-05-14,2026-05-14T13:17:15.46Z,v_curverates.csv,gwam_dev_ds.inv_ga_typed.alm_curverates | Slice: 2026-04-07 16:45:04.197000 to 2026-05-13 16:45:01.437000,ADB,2026-05-15T09:01:36.776364Z
2026-05-13T00:00:00Z,Treasury_PHP,EOD,ALM,Rate,Cash,3m.Treasury_PHP,3m,3m,true,0.05232000,0.04969000,0.04711000,92,0,Semi Annual,Act/360,MNB,PHP,MODFOLLOWING,RiskFree,90,null,2996,7207340,1,1,3331,2026-05-13T16:38:31.403Z,2026-05-14,2026-05-14T13:17:15.46Z,v_curverates.csv,gwam_dev_ds.inv_ga_typed.alm_curverates | Slice: 2026-04-07 16:45:04.197000 to 2026-05-13 16:45:01.437000,ADB,2026-05-15T09:01:36.776364Z
2026-05-13T00:00:00Z,Treasury_PHP,EOD,ALM,Rate,Bond,5y.Treasury_PHP,5y,5y,true,0.07420000,0.07051000,0.06689000,1826,0,Semi Annual,Act/360,MNB,PHP,MODFOLLOWING,RiskFree,1800,null,3003,7207340,1,1,3331,2026-05-13T16:38:31.403Z,2026-05-14,2026-05-14T13:17:15.46Z,v_curverates.csv,gwam_dev_ds.inv_ga_typed.alm_curverates | Slice: 2026-04-07 16:45:04.197000 to 2026-05-13 16:45:01.437000,ADB,2026-05-15T09:01:36.776364Z
2026-05-13T00:00:00Z,Treasury_PHP,EOD,ALM,Rate,Bond,6m.Treasury_PHP,6m,6m,true,0.05696000,0.05402000,0.05108000,184,0,Semi Annual,Act/360,MNB,PHP,MODFOLLOWING,RiskFree,180,null,3005,7207340,1,1,3331,2026-05-13T16:38:31.403Z,2026-05-14,2026-05-14T13:17:15.46Z,v_curverates.csv,gwam_dev_ds.inv_ga_typed.alm_curverates | Slice: 2026-04-07 16:45:04.197000 to 2026-05-13 16:45:01.437000,ADB,2026-05-15T09:01:36.776364Z
2026-05-13T00:00:00Z,Treasury_PHP,EOD,ALM,Rate,Bond,7y.Treasury_PHP,7y,7y,true,0.07373000,0.07337000,0.07301000,2557,0,Semi Annual,Act/360,MNB,PHP,MODFOLLOWING,RiskFree,2520,null,3009,7207340,1,1,3331,2026-05-13T16:38:31.403Z,2026-05-14,2026-05-14T13:17:15.46Z,v_curverates.csv,gwam_dev_ds.inv_ga_typed.alm_curverates | Slice: 2026-04-07 16:45:04.197000 to 2026-05-13 16:45:01.437000,ADB,2026-05-15T09:01:36.776364Z
2026-05-13T00:00:00Z,Treasury_PHP,EOD,ALM,Rate,Bond,1y.Treasury_PHP,1y,1y,true,0.05878000,0.05837000,0.05796000,365,0,Semi Annual,Act/360,MNB,PHP,MODFOLLOWING,RiskFree,360,null,3011,7207340,1,1,3331,2026-05-13T16:38:31.403Z,2026-05-14,2026-05-14T13:17:15.46Z,v_curverates.csv,gwam_dev_ds.inv_ga_typed.alm_curverates | Slice: 2026-04-07 16:45:04.197000 to 2026-05-13 16:45:01.437000,ADB,2026-05-15T09:01:36.776364Z
2026-05-13T00:00:00Z,Treasury_PHP,EOD,ALM,Rate,Bond,20y.Treasury_PHP,20y,20y,true,0.07558000,0.07496000,0.07434000,7305,0,Semi Annual,Act/360,MNB,PHP,MODFOLLOWING,RiskFree,7200,null,3014,7207340,1,1,3331,2026-05-13T16:38:31.403Z,2026-05-14,2026-05-14T13:17:15.46Z,v_curverates.csv,gwam_dev_ds.inv_ga_typed.alm_curverates | Slice: 2026-04-07 16:45:04.197000 to 2026-05-13 16:45:01.437000,ADB,2026-05-15T09:01:36.776364Z
2026-05-13T00:00:00Z,Treasury_PHP,EOD,ALM,Rate,Bond,2y.Treasury_PHP,2y,2y,true,0.05847000,0.05788000,0.05729000,731,0,Semi Annual,Act/360,MNB,PHP,MODFOLLOWING,RiskFree,720,null,3018,7207340,1,1,3331,2026-05-13T16:38:31.403Z,2026-05-14,2026-05-14T13:17:15.46Z,v_curverates.csv,gwam_dev_ds.inv_ga_typed.alm_curverates | Slice: 2026-04-07 16:45:04.197000 to 2026-05-13 16:45:01.437000,ADB,2026-05-15T09:01:36.776364Z
2026-05-13T00:00:00Z,Treasury_PHP,EOD,ALM,Rate,Bond,25y.Treasury_PHP,25y,25y,true,0.07878000,0.07849000,0.07820000,9131,0,Semi Annual,Act/360,MNB,PHP,MODFOLLOWING,RiskFree,9000,null,3023,7207340,1,1,3331,2026-05-13T16:38:31.403Z,2026-05-14,2026-05-14T13:17:15.46Z,v_curverates.csv,gwam_dev_ds.inv_ga_typed.alm_curverates | Slice: 2026-04-07 16:45:04.197000 to 2026-05-13 16:45:01.437000,ADB,2026-05-15T09:01:36.776364Z
2026-05-13T00:00:00Z,Treasury_PHP,EOD,ALM,Rate,Cash,1m.Treasury_PHP,1m,1m,true,0.04861000,0.04500000,0.04139000,31,0,Semi Annual,Act/360,MNB,PHP,MODFOLLOWING,RiskFree,30,null,3025,7207340,1,1,3331,2026-05-13T16:38:31.403Z,2026-05-14,2026-05-14T13:17:15.46Z,v_curverates.csv,gwam_dev_ds.inv_ga_typed.alm_curverates | Slice: 2026-04-07 16:45:04.197000 to 2026-05-13 16:45:01.437000,ADB,2026-05-15T09:01:36.776364Z
2026-05-13T00:00:00Z,Treasury_SEK,EOD,ALM,Rate,Cash,1m.Treasury_SEK,1m,3m,true,0.01924000,0.01849000,0.01780000,92,0,Annual,Act/360,STB,SEK,MODFOLLOWING,RiskFree,30,null,3032,7207346,3,1,8585,2026-05-13T16:38:31.93Z,2026-05-14,2026-05-14T13:17:15.46Z,v_curverates.csv,gwam_dev_ds.inv_ga_typed.alm_curverates | Slice: 2026-04-07 16:45:04.197000 to 2026-05-13 16:45:01.437000,ADB,2026-05-15T09:01:36.776364Z
2026-05-13T00:00:00Z,Treasury_SEK,EOD,ALM,Rate,Bond,1y.Treasury_SEK,1y,1y,true,0.02194000,0.02121000,0.02049000,365,0,Annual,Act/360,STB,SEK,MODFOLLOWING,RiskFree,360,null,3033,7207346,3,1,8585,2026-05-13T16:38:31.93Z,2026-05-14,2026-05-14T13:17:15.46Z,v_curverates.csv,gwam_dev_ds.inv_ga_typed.alm_curverates | Slice: 2026-04-07 16:45:04.197000 to 2026-05-13 16:45:01.437000,ADB,2026-05-15T09:01:36.776364Z
2026-05-13T00:00:00Z,Treasury_SEK,EOD,ALM,Rate,Bond,7y.Treasury_SEK,7y,7y,true,0.02606000,0.02582000,0.02558000,2557,0,Annual,Act/360,STB,SEK,MODFOLLOWING,RiskFree,2520,null,3034,7207346,3,1,8585,2026-05-13T16:38:31.93Z,2026-05-14,2026-05-14T13:17:15.46Z,v_curverates.csv,gwam_dev_ds.inv_ga_typed.alm_curverates | Slice: 2026-04-07 16:45:04.197000 to 2026-05-13 16:45:01.437000,ADB,2026-05-15T09:01:36.776364Z
2026-05-13T00:00:00Z,Treasury_SEK,EOD,ALM,Rate,Bond,6m.Treasury_SEK,6m,6m,true,0.01968000,0.01895000,0.01823000,184,0,Annual,Act/360,STB,SEK,MODFOLLOWING,RiskFree,180,null,3036,7207346,3,1,8585,2026-05-13T16:38:31.93Z,2026-05-14,2026-05-14T13:17:15.46Z,v_curverates.csv,gwam_dev_ds.inv_ga_typed.alm_curverates | Slice: 2026-04-07 16:45:04.197000 to 2026-05-13 16:45:01.437000,ADB,2026-05-15T09:01:36.776364Z
2026-05-13T00:00:00Z,Treasury_SEK,EOD,ALM,Rate,Bond,4y.Treasury_SEK,4y,4y,false,0.02448000,0.02426000,0.02404000,1461,0,Annual,Act/360,STB,SEK,MODFOLLOWING,RiskFree,1440,null,3037,7207346,3,1,8585,2026-05-13T16:38:31.93Z,2026-05-14,2026-05-14T13:17:15.46Z,v_curverates.csv,gwam_dev_ds.inv_ga_typed.alm_curverates | Slice: 2026-04-07 16:45:04.197000 to 2026-05-13 16:45:01.437000,ADB,2026-05-15T09:01:36.776364Z
2026-05-13T00:00:00Z,Treasury_SEK,EOD,ALM,Rate,Bond,9y.Treasury_SEK,9y,9y,false,0.02782000,0.02764000,0.02746000,3287,0,Annual,Act/360,STB,SEK,MODFOLLOWING,RiskFree,3240,null,3039,7207346,3,1,8585,2026-05-13T16:38:31.93Z,2026-05-14,2026-05-14T13:17:15.46Z,v_curverates.csv,gwam_dev_ds.inv_ga_typed.alm_curverates | Slice: 2026-04-07 16:45:04.197000 to 2026-05-13 16:45:01.437000,ADB,2026-05-15T09:01:36.776364Z
2026-05-13T00:00:00Z,Treasury_SGD,EOD,ALM,Rate,Bond,3y.Treasury_SGD,3y,3y,true,0.01629333,0.01604000,0.01579000,1096,0,null,Act/360,SIB,SGD,MODFOLLOWING,RiskFree,1080,null,3040,7207311,1,1,3321,2026-05-13T16:38:27.977Z,2026-05-14,2026-05-14T13:17:15.46Z,v_curverates.csv,gwam_dev_ds.inv_ga_typed.alm_curverates | Slice: 2026-04-07 16:45:04.197000 to 2026-05-13 16:45:01.437000,ADB,2026-05-15T09:01:36.776364Z
2026-05-13T00:00:00Z,Treasury_SGD,EOD,ALM,Rate,Bond,7y.Treasury_SGD,7y,7y,true,0.01866436,0.01846836,0.01827037,2557,0,null,Act/360,SIB,SGD,MODFOLLOWING,RiskFree,2520,null,3043,7207311,1,1,3321,2026-05-13T16:38:27.977Z,2026-05-14,2026-05-14T13:17:15.46Z,v_curverates.csv,gwam_dev_ds.inv_ga_typed.alm_curverates | Slice: 2026-04-07 16:45:04.197000 to 2026-05-13 16:45:01.437000,ADB,2026-05-15T09:01:36.776364Z
2026-05-13T00:00:00Z,Treasury_PHP_USD,EOD,ALM,Rate,Bond,3y.Treasury_PHP_USD,3y,3y,true,0.04337000,0.04241000,0.04145000,1096,0,Semi Annual,Act/360,MNB,USD,MODFOLLOWING,RiskFree,1080,null,3063,7207343,3,1,8588,2026-05-13T16:38:31.65Z,2026-05-14,2026-05-14T13:17:15.46Z,v_curverates.csv,gwam_dev_ds.inv_ga_typed.alm_curverates | Slice: 2026-04-07 16:45:04.197000 to 2026-05-13 16:45:01.437000,ADB,2026-05-15T09:01:36.776364Z
2026-05-13T00:00:00Z,Treasury_PHP_USD,EOD,ALM,Rate,Bond,7y.Treasury_PHP_USD,7y,7y,true,0.04956000,0.04915000,0.04874000,2557,0,Semi Annual,Act/360,MNB,USD,MODFOLLOWING,RiskFree,2520,null,3065,7207343,3,1,8588,2026-05-13T16:38:31.65Z,2026-05-14,2026-05-14T13:17:15.46Z,v_curverates.csv,gwam_dev_ds.inv_ga_typed.alm_curverates | Slice: 2026-04-07 16:45:04.197000 to 2026-05-13 16:45:01.437000,ADB,2026-05-15T09:01:36.776364Z
2026-05-13T00:00:00Z,Treasury_MMK,EOD,ALM,Rate,Bond,10y.Treasury_MMK,10y,5y,true,null,0.08836000,null,1826,0,null,Act/360,MYB,MKK,MODFOLLOWING,RiskFree,3600,null,3443,7207332,1,1,7503,2026-05-13T16:38:30.6Z,2026-05-14,2026-05-14T13:17:15.46Z,v_curverates.csv,gwam_dev_ds.inv_ga_typed.alm_curverates | Slice: 2026-04-07 16:45:04.197000 to 2026-05-13 16:45:01.437000,ADB,2026-05-15T09:01:36.776364Z
2026-05-13T00:00:00Z,Treasury_HKD,EOD,ALM,Rate,Bond,15y.Treasury_HKD,15y,15y,true,null,0.03355846,null,5479,0,null,Act/360,HKB,HKD,MODFOLLOWING,RiskFree,5400,null,3472,7207306,3,1,8582,2026-05-13T16:38:27.403Z,2026-05-14,2026-05-14T13:17:15.46Z,v_curverates.csv,gwam_dev_ds.inv_ga_typed.alm_curverates | Slice: 2026-04-07 16:45:04.197000 to 2026-05-13 16:45:01.437000,ADB,2026-05-15T09:01:36.776364Z
2026-05-13T00:00:00Z,Treasury_VND,EOD,ALM,Rate,Bond,15y.Treasury_VND,15y,15y,true,0.04498000,0.04348000,0.04198000,5479,0,null,Act/360,HAB,VND,MODFOLLOWING,RiskFree,5400,null,3473,7207316,3,1,8586,2026-05-13T16:38:28.507Z,2026-05-14,2026-05-14T13:17:15.46Z,v_curverates.csv,gwam_dev_ds.inv_ga_typed.alm_curverates | Slice: 2026-04-07 16:45:04.197000 to 2026-05-13 16:45:01.437000,ADB,2026-05-15T09:01:36.776364Z
2026-05-13T00:00:00Z,Treasury_MMK,EOD,ALM,Rate,Cash,1m.Treasury_MMK,1m,3m,true,null,0.07756000,null,92,0,null,Act/360,MYB,MKK,MODFOLLOWING,RiskFree,30,null,3486,7207332,1,1,7503,2026-05-13T16:38:30.6Z,2026-05-14,2026-05-14T13:17:15.46Z,v_curverates.csv,gwam_dev_ds.inv_ga_typed.alm_curverates | Slice: 2026-04-07 16:45:04.197000 to 2026-05-13 16:45:01.437000,ADB,2026-05-15T09:01:36.776364Z
2026-05-13T00:00:00Z,Treasury_MMK,EOD,ALM,Rate,Bond,1y.Treasury_MMK,1y,1y,true,null,0.08618000,null,365,0,null,Act/360,MYB,MKK,MODFOLLOWING,RiskFree,360,null,3674,7207332,1,1,7503,2026-05-13T16:38:30.6Z,2026-05-14,2026-05-14T13:17:15.46Z,v_curverates.csv,gwam_dev_ds.inv_ga_typed.alm_curverates | Slice: 2026-04-07 16:45:04.197000 to 2026-05-13 16:45:01.437000,ADB,2026-05-15T09:01:36.776364Z
2026-05-13T00:00:00Z,Treasury_MMK,EOD,ALM,Rate,Bond,20y.Treasury_MMK,20y,5y,true,null,0.08836000,null,1826,0,null,Act/360,MYB,MKK,MODFOLLOWING,RiskFree,7200,null,3873,7207332,1,1,7503,2026-05-13T16:38:30.6Z,2026-05-14,2026-05-14T13:17:15.46Z,v_curverates.csv,gwam_dev_ds.inv_ga_typed.alm_curverates | Slice: 2026-04-07 16:45:04.197000 to 2026-05-13 16:45:01.437000,ADB,2026-05-15T09:01:36.776364Z
2026-05-13T00:00:00Z,Treasury_MMK,EOD,ALM,Rate,Cash,2w.Treasury_MMK,2w,2w,true,null,0.06780000,null,14,0,null,Act/360,MYB,MKK,MODFOLLOWING,RiskFree,14,null,3898,7207332,1,1,7503,2026-05-13T16:38:30.6Z,2026-05-14,2026-05-14T13:17:15.46Z,v_curverates.csv,gwam_dev_ds.inv_ga_typed.alm_curverates | Slice: 2026-04-07 16:45:04.197000 to 2026-05-13 16:45:01.437000,ADB,2026-05-15T09:01:36.776364Z
2026-05-13T00:00:00Z,Treasury_MMK,EOD,ALM,Rate,Bond,2y.Treasury_MMK,2y,2y,true,null,0.08501000,null,731,0,null,Act/360,MYB,MKK,MODFOLLOWING,RiskFree,720,null,4083,7207332,1,1,7503,2026-05-13T16:38:30.6Z,2026-05-14,2026-05-14T13:17:15.46Z,v_curverates.csv,gwam_dev_ds.inv_ga_typed.alm_curverates | Slice: 2026-04-07 16:45:04.197000 to 2026-05-13 16:45:01.437000,ADB,2026-05-15T09:01:36.776364Z
2026-05-13T00:00:00Z,Treasury_MMK,EOD,ALM,Rate,Bond,30y.Treasury_MMK,30y,5y,true,null,0.08836000,null,1826,0,null,Act/360,MYB,MKK,MODFOLLOWING,RiskFree,10800,null,4282,7207332,1,1,7503,2026-05-13T16:38:30.6Z,2026-05-14,2026-05-14T13:17:15.46Z,v_curverates.csv,gwam_dev_ds.inv_ga_typed.alm_curverates | Slice: 2026-04-07 16:45:04.197000 to 2026-05-13 16:45:01.437000,ADB,2026-05-15T09:01:36.776364Z
2026-05-13T00:00:00Z,Treasury_MMK,EOD,ALM,Rate,Cash,3m.Treasury_MMK,3m,3m,true,null,0.07756000,null,92,0,null,Act/360,MYB,MKK,MODFOLLOWING,RiskFree,90,null,4481,7207332,1,1,7503,2026-05-13T16:38:30.6Z,2026-05-14,2026-05-14T13:17:15.46Z,v_curverates.csv,gwam_dev_ds.inv_ga_typed.alm_curverates | Slice: 2026-04-07 16:45:04.197000 to 2026-05-13 16:45:01.437000,ADB,2026-05-15T09:01:36.776364Z
2026-05-13T00:00:00Z,Treasury_MMK,EOD,ALM,Rate,Bond,3y.Treasury_MMK,3y,3y,true,null,0.08075000,null,1096,0,null,Act/360,MYB,MKK,MODFOLLOWING,RiskFree,1080,null,4680,7207332,1,1,7503,2026-05-13T16:38:30.6Z,2026-05-14,2026-05-14T13:17:15.46Z,v_curverates.csv,gwam_dev_ds.inv_ga_typed.alm_curverates | Slice: 2026-04-07 16:45:04.197000 to 2026-05-13 16:45:01.437000,ADB,2026-05-15T09:01:36.776364Z
2026-05-13T00:00:00Z,Treasury_CAD,EOD,ALM,Rate,Bond,40y.Treasury_CAD,40y,40y,false,0.03932826,0.03928413,0.03925413,14610,1,null,Act/Act,TRB,CAD,MODFOLLOWING,RiskFree,14400,null,4695,7207300,1,1,47,2026-05-13T16:38:26.613Z,2026-05-14,2026-05-14T13:17:15.46Z,v_curverates.csv,gwam_dev_ds.inv_ga_typed.alm_curverates | Slice: 2026-04-07 16:45:04.197000 to 2026-05-13 16:45:01.437000,ADB,2026-05-15T09:01:36.776364Z
2026-05-13T00:00:00Z,Treasury_MMK,EOD,ALM,Rate,Cash,4w.Treasury_MMK,4w,4w,false,null,0.07100000,null,28,0,null,Act/360,MYB,MKK,MODFOLLOWING,RiskFree,28,null,4696,7207332,1,1,7503,2026-05-13T16:38:30.6Z,2026-05-14,2026-05-14T13:17:15.46Z,v_curverates.csv,gwam_dev_ds.inv_ga_typed.alm_curverates | Slice: 2026-04-07 16:45:04.197000 to 2026-05-13 16:45:01.437000,ADB,2026-05-15T09:01:36.776364Z
2026-05-13T00:00:00Z,Treasury_MMK,EOD,ALM,Rate,Bond,5y.Treasury_MMK,5y,5y,true,null,0.08836000,null,1826,0,null,Act/360,MYB,MKK,MODFOLLOWING,RiskFree,1800,null,4888,7207332,1,1,7503,2026-05-13T16:38:30.6Z,2026-05-14,2026-05-14T13:17:15.46Z,v_curverates.csv,gwam_dev_ds.inv_ga_typed.alm_curverates | Slice: 2026-04-07 16:45:04.197000 to 2026-05-13 16:45:01.437000,ADB,2026-05-15T09:01:36.776364Z
2026-05-13T00:00:00Z,Treasury_MMK,EOD,ALM,Rate,Cash,6m.Treasury_MMK,6m,6m,true,null,0.07798000,null,184,0,null,Act/360,MYB,MKK,MODFOLLOWING,RiskFree,180,null,5087,7207332,1,1,7503,2026-05-13T16:38:30.6Z,2026-05-14,2026-05-14T13:17:15.46Z,v_curverates.csv,gwam_dev_ds.inv_ga_typed.alm_curverates | Slice: 2026-04-07 16:45:04.197000 to 2026-05-13 16:45:01.437000,ADB,2026-05-15T09:01:36.776364Z
2026-05-13T00:00:00Z,Treasury_MMK,EOD,ALM,Rate,Cash,6w.Treasury_MMK,6w,6w,false,null,0.07048000,null,42,0,null,Act/360,MYB,MKK,MODFOLLOWING,RiskFree,42,null,5102,7207332,1,1,7503,2026-05-13T16:38:30.6Z,2026-05-14,2026-05-14T13:17:15.46Z,v_curverates.csv,gwam_dev_ds.inv_ga_typed.alm_curverates | Slice: 2026-04-07 16:45:04.197000 to 2026-05-13 16:45:01.437000,ADB,2026-05-15T09:01:36.776364Z
2026-05-13T00:00:00Z,Treasury_MMK,EOD,ALM,Rate,Bond,7y.Treasury_MMK,7y,5y,true,null,0.08836000,null,1826,0,null,Act/360,MYB,MKK,MODFOLLOWING,RiskFree,2520,null,5290,7207332,1,1,7503,2026-05-13T16:38:30.6Z,2026-05-14,2026-05-14T13:17:15.46Z,v_curverates.csv,gwam_dev_ds.inv_ga_typed.alm_curverates | Slice: 2026-04-07 16:45:04.197000 to 2026-05-13 16:45:01.437000,ADB,2026-05-15T09:01:36.776364Z
2026-05-13T00:00:00Z,Treasury_USD_25y,EOD,ALM,Rate,Bond,25y.Treasury_USD,25y,25y,true,0.05148568,0.05144711,0.05140854,9131,1,Semi Annual,ACT/ACT,NYB,USD,MODFOLLOWING,RiskFree,9000,null,6271,7207351,2,1,9835,2026-05-13T16:38:32.523Z,2026-05-14,2026-05-14T13:17:15.46Z,v_curverates.csv,gwam_dev_ds.inv_ga_typed.alm_curverates | Slice: 2026-04-07 16:45:04.197000 to 2026-05-13 16:45:01.437000,ADB,2026-05-15T09:01:36.776364Z
2026-05-13T00:00:00Z,Treasury_USD_w_25y,EOD,ALM,Rate,Bond,25y.Treasury_USD,25y,25y,true,0.05148568,0.05144711,0.05140854,null,1,Semi Annual,ACT/ACT,NYB,USD,MODFOLLOWING,RiskFree,9000,null,6271,7207356,1,1,10011,2026-05-13T16:45:01.437Z,2026-05-14,2026-05-14T13:17:15.46Z,v_curverates.csv,gwam_dev_ds.inv_ga_typed.alm_curverates | Slice: 2026-04-07 16:45:04.197000 to 2026-05-13 16:45:01.437000,ADB,2026-05-15T09:01:36.776364Z
2026-05-13T00:00:00Z,Treasury_NOK,EOD,ALM,Rate,Bond,20y.Treasury_NOK_V2,20y,20y,true,0.04529000,0.04492000,0.04456000,7305,0,null,Act/360,OSB,NOK,MODFOLLOWING,RiskFree,7200,null,7461,7207335,2,1,8583,2026-05-13T16:38:30.857Z,2026-05-14,2026-05-14T13:17:15.46Z,v_curverates.csv,gwam_dev_ds.inv_ga_typed.alm_curverates | Slice: 2026-04-07 16:45:04.197000 to 2026-05-13 16:45:01.437000,ADB,2026-05-15T09:01:36.776364Z
2026-05-13T00:00:00Z,Treasury_NOK,EOD,ALM,Rate,Bond,30y.Treasury_NOK_V2,30y,20y,true,0.04529000,0.04492000,0.04456000,7305,0,null,Act/360,OSB,NOK,MODFOLLOWING,RiskFree,10800,null,7462,7207335,2,1,8583,2026-05-13T16:38:30.857Z,2026-05-14,2026-05-14T13:17:15.46Z,v_curverates.csv,gwam_dev_ds.inv_ga_typed.alm_curverates | Slice: 2026-04-07 16:45:04.197000 to 2026-05-13 16:45:01.437000,ADB,2026-05-15T09:01:36.776364Z
2026-05-13T00:00:00Z,Treasury_NZD,EOD,ALM,Rate,Bond,30y.Treasury_NZD_V2,30y,30y,true,0.05336000,0.05319000,0.05302000,10958,0,null,Act/360,WEB,NZD,MODFOLLOWING,RiskFree,10800,null,7463,7207338,3,1,12432,2026-05-13T16:38:31.15Z,2026-05-14,2026-05-14T13:17:15.46Z,v_curverates.csv,gwam_dev_ds.inv_ga_typed.alm_curverates | Slice: 2026-04-07 16:45:04.197000 to 2026-05-13 16:45:01.437000,ADB,2026-05-15T09:01:36.776364Z
2026-05-13T00:00:00Z,Treasury_SEK,EOD,ALM,Rate,Bond,25y.Treasury_SEK,25y,25y,true,0.03101000,0.03047000,0.02993000,9131,0,null,Act/360,STB,SEK,MODFOLLOWING,RiskFree,9000,null,7464,7207346,3,1,8585,2026-05-13T16:38:31.93Z,2026-05-14,2026-05-14T13:17:15.46Z,v_curverates.csv,gwam_dev_ds.inv_ga_typed.alm_curverates | Slice: 2026-04-07 16:45:04.197000 to 2026-05-13 16:45:01.437000,ADB,2026-05-15T09:01:36.776364Z
2026-05-13T00:00:00Z,Treasury_SEK,EOD,ALM,Rate,Bond,30y.Treasury_SEK_V2,30y,25y,true,0.03101000,0.03047000,0.02993000,9131,0,null,Act/360,STB,SEK,MODFOLLOWING,RiskFree,10800,null,7465,7207346,3,1,8585,2026-05-13T16:38:31.93Z,2026-05-14,2026-05-14T13:17:15.46Z,v_curverates.csv,gwam_dev_ds.inv_ga_typed.alm_curverates | Slice: 2026-04-07 16:45:04.197000 to 2026-05-13 16:45:01.437000,ADB,2026-05-15T09:01:36.776364Z
2026-05-13T00:00:00Z,Treasury_SEK,EOD,ALM,Rate,Bond,50y.Treasury_SEK,50y,50y,false,0.03282000,0.03212000,0.03143000,18263,0,null,Act/360,STB,SEK,MODFOLLOWING,RiskFree,18000,null,7466,7207346,3,1,8585,2026-05-13T16:38:31.93Z,2026-05-14,2026-05-14T13:17:15.46Z,v_curverates.csv,gwam_dev_ds.inv_ga_typed.alm_curverates | Slice: 2026-04-07 16:45:04.197000 to 2026-05-13 16:45:01.437000,ADB,2026-05-15T09:01:36.776364Z
2026-05-13T00:00:00Z,Treasury_SEK,EOD,ALM,Rate,Bond,3y.Treasury_SEK_V2,3y,2y,true,0.02357000,0.02337000,0.02317000,731,0,null,Act/360,STB,SEK,MODFOLLOWING,RiskFree,1080,null,7467,7207346,3,1,8585,2026-05-13T16:38:31.93Z,2026-05-14,2026-05-14T13:17:15.46Z,v_curverates.csv,gwam_dev_ds.inv_ga_typed.alm_curverates | Slice: 2026-04-07 16:45:04.197000 to 2026-05-13 16:45:01.437000,ADB,2026-05-15T09:01:36.776364Z
2026-05-13T00:00:00Z,Treasury_HKD,EOD,ALM,Rate,Cash,1m.Treasury_HKD_V2,1m,1m,true,null,0.02530000,null,31,0,null,Act/360,HKB,HKD,MODFOLLOWING,RiskFree,30,null,7470,7207306,3,1,8582,2026-05-13T16:38:27.403Z,2026-05-14,2026-05-14T13:17:15.46Z,v_curverates.csv,gwam_dev_ds.inv_ga_typed.alm_curverates | Slice: 2026-04-07 16:45:04.197000 to 2026-05-13 16:45:01.437000,ADB,2026-05-15T09:01:36.776364Z
2026-05-13T00:00:00Z,Treasury_VND,EOD,ALM,Rate,Bond,20y.Treasury_VND_V2,20y,20y,true,0.04543000,0.04398000,0.04252000,7305,0,null,Act/360,HAB,VND,MODFOLLOWING,RiskFree,7200,null,7471,7207316,3,1,8586,2026-05-13T16:38:28.507Z,2026-05-14,2026-05-14T13:17:15.46Z,v_curverates.csv,gwam_dev_ds.inv_ga_typed.alm_curverates | Slice: 2026-04-07 16:45:04.197000 to 2026-05-13 16:45:01.437000,ADB,2026-05-15T09:01:36.776364Z
2026-05-13T00:00:00Z,Treasury_VND,EOD,ALM,Rate,Bond,30y.Treasury_VND_V2,30y,30y,true,0.04606000,0.04460000,0.04314000,10958,0,null,Act/360,HAB,VND,MODFOLLOWING,RiskFree,10800,null,7472,7207316,3,1,8586,2026-05-13T16:38:28.507Z,2026-05-14,2026-05-14T13:17:15.46Z,v_curverates.csv,gwam_dev_ds.inv_ga_typed.alm_curverates | Slice: 2026-04-07 16:45:04.197000 to 2026-05-13 16:45:01.437000,ADB,2026-05-15T09:01:36.776364Z
2026-05-13T00:00:00Z,Treasury_PHP_USD,EOD,ALM,Rate,Bond,1m.Treasury_PHP_USD_V2,1m,1y,true,0.04033000,0.03888000,0.03744000,365,0,null,Act/360,MNB,USD,MODFOLLOWING,RiskFree,30,null,7473,7207343,3,1,8588,2026-05-13T16:38:31.65Z,2026-05-14,2026-05-14T13:17:15.46Z,v_curverates.csv,gwam_dev_ds.inv_ga_typed.alm_curverates | Slice: 2026-04-07 16:45:04.197000 to 2026-05-13 16:45:01.437000,ADB,2026-05-15T09:01:36.776364Z
2026-05-13T00:00:00Z,Treasury_PHP_USD,EOD,ALM,Rate,Bond,3m.Treasury_PHP_USD_V2,3m,1y,true,0.04033000,0.03888000,0.03744000,365,0,null,Act/360,MNB,USD,MODFOLLOWING,RiskFree,90,null,7474,7207343,3,1,8588,2026-05-13T16:38:31.65Z,2026-05-14,2026-05-14T13:17:15.46Z,v_curverates.csv,gwam_dev_ds.inv_ga_typed.alm_curverates | Slice: 2026-04-07 16:45:04.197000 to 2026-05-13 16:45:01.437000,ADB,2026-05-15T09:01:36.776364Z
2026-05-13T00:00:00Z,Treasury_PHP_USD,EOD,ALM,Rate,Bond,6m.Treasury_PHP_USD_V2,6m,1y,true,0.04033000,0.03888000,0.03744000,365,0,null,Act/360,MNB,USD,MODFOLLOWING,RiskFree,180,null,7475,7207343,3,1,8588,2026-05-13T16:38:31.65Z,2026-05-14,2026-05-14T13:17:15.46Z,v_curverates.csv,gwam_dev_ds.inv_ga_typed.alm_curverates | Slice: 2026-04-07 16:45:04.197000 to 2026-05-13 16:45:01.437000,ADB,2026-05-15T09:01:36.776364Z
2026-05-13T00:00:00Z,Treasury_PHP_USD,EOD,ALM,Rate,Bond,1y.Treasury_PHP_USD_V2,1y,1y,true,0.04033000,0.03888000,0.03744000,365,0,null,Act/360,MNB,USD,MODFOLLOWING,RiskFree,360,null,7476,7207343,3,1,8588,2026-05-13T16:38:31.65Z,2026-05-14,2026-05-14T13:17:15.46Z,v_curverates.csv,gwam_dev_ds.inv_ga_typed.alm_curverates | Slice: 2026-04-07 16:45:04.197000 to 2026-05-13 16:45:01.437000,ADB,2026-05-15T09:01:36.776364Z
2026-05-13T00:00:00Z,Treasury_PHP_USD,EOD,ALM,Rate,Bond,2y.Treasury_PHP_USD_V2,2y,2y,true,0.04376000,0.04255000,0.04134000,731,0,null,Act/360,MNB,USD,MODFOLLOWING,RiskFree,720,null,7477,7207343,3,1,8588,2026-05-13T16:38:31.65Z,2026-05-14,2026-05-14T13:17:15.46Z,v_curverates.csv,gwam_dev_ds.inv_ga_typed.alm_curverates | Slice: 2026-04-07 16:45:04.197000 to 2026-05-13 16:45:01.437000,ADB,2026-05-15T09:01:36.776364Z
2026-05-13T00:00:00Z,Treasury_PHP_USD,EOD,ALM,Rate,Bond,9y.Treasury_PHP_USD,9y,9y,false,0.05208000,0.05175000,0.05142000,3287,0,null,Act/360,MNB,USD,MODFOLLOWING,RiskFree,3240,null,7478,7207343,3,1,8588,2026-05-13T16:38:31.65Z,2026-05-14,2026-05-14T13:17:15.46Z,v_curverates.csv,gwam_dev_ds.inv_ga_typed.alm_curverates | Slice: 2026-04-07 16:45:04.197000 to 2026-05-13 16:45:01.437000,ADB,2026-05-15T09:01:36.776364Z
2026-05-13T00:00:00Z,Treasury_PHP_USD,EOD,ALM,Rate,Bond,30y.Treasury_PHP_USD_V2,30y,30y,true,0.05790979,0.05791990,0.05791999,10958,0,null,Act/360,MNB,USD,MODFOLLOWING,RiskFree,10800,null,7479,7207343,3,1,8588,2026-05-13T16:38:31.65Z,2026-05-14,2026-05-14T13:17:15.46Z,v_curverates.csv,gwam_dev_ds.inv_ga_typed.alm_curverates | Slice: 2026-04-07 16:45:04.197000 to 2026-05-13 16:45:01.437000,ADB,2026-05-15T09:01:36.776364Z
